study_folder,file_name,file_path,file_type,variable_name,variable_group,data_group
1988_whole_vs_parts,assay-intake_data.csv,"C:/Users/kmill/The Pennsylvania State University/Rolls, Barbara Jean - currated_data/1988_whole_vs_parts/data/assay-intake_data.csv",intake,sandwich_g,intake,Intake variables
1988_whole_vs_parts,assay-intake_data.csv,"C:/Users/kmill/The Pennsylvania State University/Rolls, Barbara Jean - currated_data/1988_whole_vs_parts/data/assay-intake_data.csv",intake,water_g,intake,Intake variables
1988_whole_vs_parts,assay-intake_data.csv,"C:/Users/kmill/The Pennsylvania State University/Rolls, Barbara Jean - currated_data/1988_whole_vs_parts/data/assay-intake_data.csv",intake,sandwich_kcal,intake,Intake variables
1988_whole_vs_parts,assay-intake_data.csv,"C:/Users/kmill/The Pennsylvania State University/Rolls, Barbara Jean - currated_data/1988_whole_vs_parts/data/assay-intake_data.csv",intake,taste_screen,questionnaire,Questionnaire data
1988_whole_vs_parts,assay-intake_data.csv,"C:/Users/kmill/The Pennsylvania State University/Rolls, Barbara Jean - currated_data/1988_whole_vs_parts/data/assay-intake_data.csv",intake,desire_eat_screen,questionnaire,Questionnaire data
1988_whole_vs_parts,assay-intake_data.csv,"C:/Users/kmill/The Pennsylvania State University/Rolls, Barbara Jean - currated_data/1988_whole_vs_parts/data/assay-intake_data.csv",intake,hunger_pre,questionnaire,Questionnaire data
1988_whole_vs_parts,assay-intake_data.csv,"C:/Users/kmill/The Pennsylvania State University/Rolls, Barbara Jean - currated_data/1988_whole_vs_parts/data/assay-intake_data.csv",intake,fullness_pre,questionnaire,Questionnaire data
1988_whole_vs_parts,assay-intake_data.csv,"C:/Users/kmill/The Pennsylvania State University/Rolls, Barbara Jean - currated_data/1988_whole_vs_parts/data/assay-intake_data.csv",intake,desire_eat_pre,questionnaire,Questionnaire data
1988_whole_vs_parts,assay-intake_data.csv,"C:/Users/kmill/The Pennsylvania State University/Rolls, Barbara Jean - currated_data/1988_whole_vs_parts/data/assay-intake_data.csv",intake,hunger_post,questionnaire,Questionnaire data
1988_whole_vs_parts,assay-intake_data.csv,"C:/Users/kmill/The Pennsylvania State University/Rolls, Barbara Jean - currated_data/1988_whole_vs_parts/data/assay-intake_data.csv",intake,fullness_post,questionnaire,Questionnaire data
1988_whole_vs_parts,assay-intake_data.csv,"C:/Users/kmill/The Pennsylvania State University/Rolls, Barbara Jean - currated_data/1988_whole_vs_parts/data/assay-intake_data.csv",intake,desire_eat_post,questionnaire,Questionnaire data
1990_eatdis_salad_preload,assay-hunger_data.csv,"C:/Users/kmill/The Pennsylvania State University/Rolls, Barbara Jean - currated_data/1990_eatdis_salad_preload/data/assay-hunger_data.csv",other,hunger,questionnaire,Questionnaire data
1990_eatdis_salad_preload,assay-intake_cond-highcal_data.csv,"C:/Users/kmill/The Pennsylvania State University/Rolls, Barbara Jean - currated_data/1990_eatdis_salad_preload/data/assay-intake_cond-highcal_data.csv",intake,appearance_turkey,questionnaire,Questionnaire data
1990_eatdis_salad_preload,assay-intake_cond-highcal_data.csv,"C:/Users/kmill/The Pennsylvania State University/Rolls, Barbara Jean - currated_data/1990_eatdis_salad_preload/data/assay-intake_cond-highcal_data.csv",intake,appearance_chips,questionnaire,Questionnaire data
1990_eatdis_salad_preload,assay-intake_cond-highcal_data.csv,"C:/Users/kmill/The Pennsylvania State University/Rolls, Barbara Jean - currated_data/1990_eatdis_salad_preload/data/assay-intake_cond-highcal_data.csv",intake,appearance_cookie,questionnaire,Questionnaire data
1990_eatdis_salad_preload,assay-intake_cond-highcal_data.csv,"C:/Users/kmill/The Pennsylvania State University/Rolls, Barbara Jean - currated_data/1990_eatdis_salad_preload/data/assay-intake_cond-highcal_data.csv",intake,appearance_led_salad,questionnaire,Questionnaire data
1990_eatdis_salad_preload,assay-intake_cond-highcal_data.csv,"C:/Users/kmill/The Pennsylvania State University/Rolls, Barbara Jean - currated_data/1990_eatdis_salad_preload/data/assay-intake_cond-highcal_data.csv",intake,appearance_cottage_cheese,questionnaire,Questionnaire data
1990_eatdis_salad_preload,assay-intake_cond-highcal_data.csv,"C:/Users/kmill/The Pennsylvania State University/Rolls, Barbara Jean - currated_data/1990_eatdis_salad_preload/data/assay-intake_cond-highcal_data.csv",intake,appearance_apple,questionnaire,Questionnaire data
1990_eatdis_salad_preload,assay-intake_cond-highcal_data.csv,"C:/Users/kmill/The Pennsylvania State University/Rolls, Barbara Jean - currated_data/1990_eatdis_salad_preload/data/assay-intake_cond-highcal_data.csv",intake,appearance_hed_salad,questionnaire,Questionnaire data
1990_eatdis_salad_preload,assay-intake_cond-highcal_data.csv,"C:/Users/kmill/The Pennsylvania State University/Rolls, Barbara Jean - currated_data/1990_eatdis_salad_preload/data/assay-intake_cond-highcal_data.csv",intake,appearance_snickers,questionnaire,Questionnaire data
1990_eatdis_salad_preload,assay-intake_cond-highcal_data.csv,"C:/Users/kmill/The Pennsylvania State University/Rolls, Barbara Jean - currated_data/1990_eatdis_salad_preload/data/assay-intake_cond-highcal_data.csv",intake,odor_turkey,questionnaire,Questionnaire data
1990_eatdis_salad_preload,assay-intake_cond-highcal_data.csv,"C:/Users/kmill/The Pennsylvania State University/Rolls, Barbara Jean - currated_data/1990_eatdis_salad_preload/data/assay-intake_cond-highcal_data.csv",intake,odor_chips,questionnaire,Questionnaire data
1990_eatdis_salad_preload,assay-intake_cond-highcal_data.csv,"C:/Users/kmill/The Pennsylvania State University/Rolls, Barbara Jean - currated_data/1990_eatdis_salad_preload/data/assay-intake_cond-highcal_data.csv",intake,odor_cookie,questionnaire,Questionnaire data
1990_eatdis_salad_preload,assay-intake_cond-highcal_data.csv,"C:/Users/kmill/The Pennsylvania State University/Rolls, Barbara Jean - currated_data/1990_eatdis_salad_preload/data/assay-intake_cond-highcal_data.csv",intake,odor_led_salad,questionnaire,Questionnaire data
1990_eatdis_salad_preload,assay-intake_cond-highcal_data.csv,"C:/Users/kmill/The Pennsylvania State University/Rolls, Barbara Jean - currated_data/1990_eatdis_salad_preload/data/assay-intake_cond-highcal_data.csv",intake,odor_cottage_cheese,questionnaire,Questionnaire data
1990_eatdis_salad_preload,assay-intake_cond-highcal_data.csv,"C:/Users/kmill/The Pennsylvania State University/Rolls, Barbara Jean - currated_data/1990_eatdis_salad_preload/data/assay-intake_cond-highcal_data.csv",intake,odor_apple,questionnaire,Questionnaire data
1990_eatdis_salad_preload,assay-intake_cond-highcal_data.csv,"C:/Users/kmill/The Pennsylvania State University/Rolls, Barbara Jean - currated_data/1990_eatdis_salad_preload/data/assay-intake_cond-highcal_data.csv",intake,odor_hed_salad,questionnaire,Questionnaire data
1990_eatdis_salad_preload,assay-intake_cond-highcal_data.csv,"C:/Users/kmill/The Pennsylvania State University/Rolls, Barbara Jean - currated_data/1990_eatdis_salad_preload/data/assay-intake_cond-highcal_data.csv",intake,odor_snickers,questionnaire,Questionnaire data
1990_eatdis_salad_preload,assay-intake_cond-highcal_data.csv,"C:/Users/kmill/The Pennsylvania State University/Rolls, Barbara Jean - currated_data/1990_eatdis_salad_preload/data/assay-intake_cond-highcal_data.csv",intake,texture_turkey,questionnaire,Questionnaire data
1990_eatdis_salad_preload,assay-intake_cond-highcal_data.csv,"C:/Users/kmill/The Pennsylvania State University/Rolls, Barbara Jean - currated_data/1990_eatdis_salad_preload/data/assay-intake_cond-highcal_data.csv",intake,texture_chips,questionnaire,Questionnaire data
1990_eatdis_salad_preload,assay-intake_cond-highcal_data.csv,"C:/Users/kmill/The Pennsylvania State University/Rolls, Barbara Jean - currated_data/1990_eatdis_salad_preload/data/assay-intake_cond-highcal_data.csv",intake,texture_cookie,questionnaire,Questionnaire data
1990_eatdis_salad_preload,assay-intake_cond-highcal_data.csv,"C:/Users/kmill/The Pennsylvania State University/Rolls, Barbara Jean - currated_data/1990_eatdis_salad_preload/data/assay-intake_cond-highcal_data.csv",intake,texture_led_salad,questionnaire,Questionnaire data
1990_eatdis_salad_preload,assay-intake_cond-highcal_data.csv,"C:/Users/kmill/The Pennsylvania State University/Rolls, Barbara Jean - currated_data/1990_eatdis_salad_preload/data/assay-intake_cond-highcal_data.csv",intake,texture_cottage_cheese,questionnaire,Questionnaire data
1990_eatdis_salad_preload,assay-intake_cond-highcal_data.csv,"C:/Users/kmill/The Pennsylvania State University/Rolls, Barbara Jean - currated_data/1990_eatdis_salad_preload/data/assay-intake_cond-highcal_data.csv",intake,texture_apple,questionnaire,Questionnaire data
1990_eatdis_salad_preload,assay-intake_cond-highcal_data.csv,"C:/Users/kmill/The Pennsylvania State University/Rolls, Barbara Jean - currated_data/1990_eatdis_salad_preload/data/assay-intake_cond-highcal_data.csv",intake,texture_hed_salad,questionnaire,Questionnaire data
1990_eatdis_salad_preload,assay-intake_cond-highcal_data.csv,"C:/Users/kmill/The Pennsylvania State University/Rolls, Barbara Jean - currated_data/1990_eatdis_salad_preload/data/assay-intake_cond-highcal_data.csv",intake,texture_snickers,questionnaire,Questionnaire data
1990_eatdis_salad_preload,assay-intake_cond-highcal_data.csv,"C:/Users/kmill/The Pennsylvania State University/Rolls, Barbara Jean - currated_data/1990_eatdis_salad_preload/data/assay-intake_cond-highcal_data.csv",intake,taste_turkey,questionnaire,Questionnaire data
1990_eatdis_salad_preload,assay-intake_cond-highcal_data.csv,"C:/Users/kmill/The Pennsylvania State University/Rolls, Barbara Jean - currated_data/1990_eatdis_salad_preload/data/assay-intake_cond-highcal_data.csv",intake,taste_chips,questionnaire,Questionnaire data
1990_eatdis_salad_preload,assay-intake_cond-highcal_data.csv,"C:/Users/kmill/The Pennsylvania State University/Rolls, Barbara Jean - currated_data/1990_eatdis_salad_preload/data/assay-intake_cond-highcal_data.csv",intake,taste_cookie,questionnaire,Questionnaire data
1990_eatdis_salad_preload,assay-intake_cond-highcal_data.csv,"C:/Users/kmill/The Pennsylvania State University/Rolls, Barbara Jean - currated_data/1990_eatdis_salad_preload/data/assay-intake_cond-highcal_data.csv",intake,taste_led_salad,questionnaire,Questionnaire data
1990_eatdis_salad_preload,assay-intake_cond-highcal_data.csv,"C:/Users/kmill/The Pennsylvania State University/Rolls, Barbara Jean - currated_data/1990_eatdis_salad_preload/data/assay-intake_cond-highcal_data.csv",intake,taste_cottage_cheese,questionnaire,Questionnaire data
1990_eatdis_salad_preload,assay-intake_cond-highcal_data.csv,"C:/Users/kmill/The Pennsylvania State University/Rolls, Barbara Jean - currated_data/1990_eatdis_salad_preload/data/assay-intake_cond-highcal_data.csv",intake,taste_apple,questionnaire,Questionnaire data
1990_eatdis_salad_preload,assay-intake_cond-highcal_data.csv,"C:/Users/kmill/The Pennsylvania State University/Rolls, Barbara Jean - currated_data/1990_eatdis_salad_preload/data/assay-intake_cond-highcal_data.csv",intake,taste_hed_salad,questionnaire,Questionnaire data
1990_eatdis_salad_preload,assay-intake_cond-highcal_data.csv,"C:/Users/kmill/The Pennsylvania State University/Rolls, Barbara Jean - currated_data/1990_eatdis_salad_preload/data/assay-intake_cond-highcal_data.csv",intake,taste_snickers,questionnaire,Questionnaire data
1990_eatdis_salad_preload,assay-intake_cond-highcal_data.csv,"C:/Users/kmill/The Pennsylvania State University/Rolls, Barbara Jean - currated_data/1990_eatdis_salad_preload/data/assay-intake_cond-highcal_data.csv",intake,desire_turkey,questionnaire,Questionnaire data
1990_eatdis_salad_preload,assay-intake_cond-highcal_data.csv,"C:/Users/kmill/The Pennsylvania State University/Rolls, Barbara Jean - currated_data/1990_eatdis_salad_preload/data/assay-intake_cond-highcal_data.csv",intake,desire_chips,questionnaire,Questionnaire data
1990_eatdis_salad_preload,assay-intake_cond-highcal_data.csv,"C:/Users/kmill/The Pennsylvania State University/Rolls, Barbara Jean - currated_data/1990_eatdis_salad_preload/data/assay-intake_cond-highcal_data.csv",intake,desire_cookie,questionnaire,Questionnaire data
1990_eatdis_salad_preload,assay-intake_cond-highcal_data.csv,"C:/Users/kmill/The Pennsylvania State University/Rolls, Barbara Jean - currated_data/1990_eatdis_salad_preload/data/assay-intake_cond-highcal_data.csv",intake,desire_led_salad,questionnaire,Questionnaire data
1990_eatdis_salad_preload,assay-intake_cond-highcal_data.csv,"C:/Users/kmill/The Pennsylvania State University/Rolls, Barbara Jean - currated_data/1990_eatdis_salad_preload/data/assay-intake_cond-highcal_data.csv",intake,desire_cottage_cheese,questionnaire,Questionnaire data
1990_eatdis_salad_preload,assay-intake_cond-highcal_data.csv,"C:/Users/kmill/The Pennsylvania State University/Rolls, Barbara Jean - currated_data/1990_eatdis_salad_preload/data/assay-intake_cond-highcal_data.csv",intake,desire_apple,questionnaire,Questionnaire data
1990_eatdis_salad_preload,assay-intake_cond-highcal_data.csv,"C:/Users/kmill/The Pennsylvania State University/Rolls, Barbara Jean - currated_data/1990_eatdis_salad_preload/data/assay-intake_cond-highcal_data.csv",intake,desire_hed_salad,questionnaire,Questionnaire data
1990_eatdis_salad_preload,assay-intake_cond-highcal_data.csv,"C:/Users/kmill/The Pennsylvania State University/Rolls, Barbara Jean - currated_data/1990_eatdis_salad_preload/data/assay-intake_cond-highcal_data.csv",intake,desire_snickers,questionnaire,Questionnaire data
1990_eatdis_salad_preload,assay-sss_calc-diff_data.csv,"C:/Users/kmill/The Pennsylvania State University/Rolls, Barbara Jean - currated_data/1990_eatdis_salad_preload/data/assay-sss_calc-diff_data.csv",other,dif_appearance_turkey,questionnaire,Questionnaire data
1990_eatdis_salad_preload,assay-sss_calc-diff_data.csv,"C:/Users/kmill/The Pennsylvania State University/Rolls, Barbara Jean - currated_data/1990_eatdis_salad_preload/data/assay-sss_calc-diff_data.csv",other,dif_appearance_chips,questionnaire,Questionnaire data
1990_eatdis_salad_preload,assay-sss_calc-diff_data.csv,"C:/Users/kmill/The Pennsylvania State University/Rolls, Barbara Jean - currated_data/1990_eatdis_salad_preload/data/assay-sss_calc-diff_data.csv",other,dif_appearance_cookie,questionnaire,Questionnaire data
1990_eatdis_salad_preload,assay-sss_calc-diff_data.csv,"C:/Users/kmill/The Pennsylvania State University/Rolls, Barbara Jean - currated_data/1990_eatdis_salad_preload/data/assay-sss_calc-diff_data.csv",other,dif_appearance_led_salad,questionnaire,Questionnaire data
1990_eatdis_salad_preload,assay-sss_calc-diff_data.csv,"C:/Users/kmill/The Pennsylvania State University/Rolls, Barbara Jean - currated_data/1990_eatdis_salad_preload/data/assay-sss_calc-diff_data.csv",other,dif_appearance_cottage_cheese,questionnaire,Questionnaire data
1990_eatdis_salad_preload,assay-sss_calc-diff_data.csv,"C:/Users/kmill/The Pennsylvania State University/Rolls, Barbara Jean - currated_data/1990_eatdis_salad_preload/data/assay-sss_calc-diff_data.csv",other,dif_appearance_apple,questionnaire,Questionnaire data
1990_eatdis_salad_preload,assay-sss_calc-diff_data.csv,"C:/Users/kmill/The Pennsylvania State University/Rolls, Barbara Jean - currated_data/1990_eatdis_salad_preload/data/assay-sss_calc-diff_data.csv",other,dif_appearance_hed_salad,questionnaire,Questionnaire data
1990_eatdis_salad_preload,assay-sss_calc-diff_data.csv,"C:/Users/kmill/The Pennsylvania State University/Rolls, Barbara Jean - currated_data/1990_eatdis_salad_preload/data/assay-sss_calc-diff_data.csv",other,dif_appearance_snickers,questionnaire,Questionnaire data
1990_eatdis_salad_preload,assay-sss_calc-diff_data.csv,"C:/Users/kmill/The Pennsylvania State University/Rolls, Barbara Jean - currated_data/1990_eatdis_salad_preload/data/assay-sss_calc-diff_data.csv",other,dif_odor_turkey,questionnaire,Questionnaire data
1990_eatdis_salad_preload,assay-sss_calc-diff_data.csv,"C:/Users/kmill/The Pennsylvania State University/Rolls, Barbara Jean - currated_data/1990_eatdis_salad_preload/data/assay-sss_calc-diff_data.csv",other,dif_odor_chips,questionnaire,Questionnaire data
1990_eatdis_salad_preload,assay-sss_calc-diff_data.csv,"C:/Users/kmill/The Pennsylvania State University/Rolls, Barbara Jean - currated_data/1990_eatdis_salad_preload/data/assay-sss_calc-diff_data.csv",other,dif_odor_cookie,questionnaire,Questionnaire data
1990_eatdis_salad_preload,assay-sss_calc-diff_data.csv,"C:/Users/kmill/The Pennsylvania State University/Rolls, Barbara Jean - currated_data/1990_eatdis_salad_preload/data/assay-sss_calc-diff_data.csv",other,dif_odor_led_salad,questionnaire,Questionnaire data
1990_eatdis_salad_preload,assay-sss_calc-diff_data.csv,"C:/Users/kmill/The Pennsylvania State University/Rolls, Barbara Jean - currated_data/1990_eatdis_salad_preload/data/assay-sss_calc-diff_data.csv",other,dif_odor_cottage_cheese,questionnaire,Questionnaire data
1990_eatdis_salad_preload,assay-sss_calc-diff_data.csv,"C:/Users/kmill/The Pennsylvania State University/Rolls, Barbara Jean - currated_data/1990_eatdis_salad_preload/data/assay-sss_calc-diff_data.csv",other,dif_odor_apple,questionnaire,Questionnaire data
1990_eatdis_salad_preload,assay-sss_calc-diff_data.csv,"C:/Users/kmill/The Pennsylvania State University/Rolls, Barbara Jean - currated_data/1990_eatdis_salad_preload/data/assay-sss_calc-diff_data.csv",other,dif_odor_hed_salad,questionnaire,Questionnaire data
1990_eatdis_salad_preload,assay-sss_calc-diff_data.csv,"C:/Users/kmill/The Pennsylvania State University/Rolls, Barbara Jean - currated_data/1990_eatdis_salad_preload/data/assay-sss_calc-diff_data.csv",other,dif_odor_snickers,questionnaire,Questionnaire data
1990_eatdis_salad_preload,assay-sss_calc-diff_data.csv,"C:/Users/kmill/The Pennsylvania State University/Rolls, Barbara Jean - currated_data/1990_eatdis_salad_preload/data/assay-sss_calc-diff_data.csv",other,dif_texture_turkey,questionnaire,Questionnaire data
1990_eatdis_salad_preload,assay-sss_calc-diff_data.csv,"C:/Users/kmill/The Pennsylvania State University/Rolls, Barbara Jean - currated_data/1990_eatdis_salad_preload/data/assay-sss_calc-diff_data.csv",other,dif_texture_chips,questionnaire,Questionnaire data
1990_eatdis_salad_preload,assay-sss_calc-diff_data.csv,"C:/Users/kmill/The Pennsylvania State University/Rolls, Barbara Jean - currated_data/1990_eatdis_salad_preload/data/assay-sss_calc-diff_data.csv",other,dif_texture_cookie,questionnaire,Questionnaire data
1990_eatdis_salad_preload,assay-sss_calc-diff_data.csv,"C:/Users/kmill/The Pennsylvania State University/Rolls, Barbara Jean - currated_data/1990_eatdis_salad_preload/data/assay-sss_calc-diff_data.csv",other,dif_texture_led_salad,questionnaire,Questionnaire data
1990_eatdis_salad_preload,assay-sss_calc-diff_data.csv,"C:/Users/kmill/The Pennsylvania State University/Rolls, Barbara Jean - currated_data/1990_eatdis_salad_preload/data/assay-sss_calc-diff_data.csv",other,dif_texture_cottage_cheese,questionnaire,Questionnaire data
1990_eatdis_salad_preload,assay-sss_calc-diff_data.csv,"C:/Users/kmill/The Pennsylvania State University/Rolls, Barbara Jean - currated_data/1990_eatdis_salad_preload/data/assay-sss_calc-diff_data.csv",other,dif_texture_apple,questionnaire,Questionnaire data
1990_eatdis_salad_preload,assay-sss_calc-diff_data.csv,"C:/Users/kmill/The Pennsylvania State University/Rolls, Barbara Jean - currated_data/1990_eatdis_salad_preload/data/assay-sss_calc-diff_data.csv",other,dif_texture_hed_salad,questionnaire,Questionnaire data
1990_eatdis_salad_preload,assay-sss_calc-diff_data.csv,"C:/Users/kmill/The Pennsylvania State University/Rolls, Barbara Jean - currated_data/1990_eatdis_salad_preload/data/assay-sss_calc-diff_data.csv",other,dif_texture_snickers,questionnaire,Questionnaire data
1990_eatdis_salad_preload,assay-sss_calc-diff_data.csv,"C:/Users/kmill/The Pennsylvania State University/Rolls, Barbara Jean - currated_data/1990_eatdis_salad_preload/data/assay-sss_calc-diff_data.csv",other,dif_taste_turkey,questionnaire,Questionnaire data
1990_eatdis_salad_preload,assay-sss_calc-diff_data.csv,"C:/Users/kmill/The Pennsylvania State University/Rolls, Barbara Jean - currated_data/1990_eatdis_salad_preload/data/assay-sss_calc-diff_data.csv",other,dif_taste_chips,questionnaire,Questionnaire data
1990_eatdis_salad_preload,assay-sss_calc-diff_data.csv,"C:/Users/kmill/The Pennsylvania State University/Rolls, Barbara Jean - currated_data/1990_eatdis_salad_preload/data/assay-sss_calc-diff_data.csv",other,dif_taste_cookie,questionnaire,Questionnaire data
1990_eatdis_salad_preload,assay-sss_calc-diff_data.csv,"C:/Users/kmill/The Pennsylvania State University/Rolls, Barbara Jean - currated_data/1990_eatdis_salad_preload/data/assay-sss_calc-diff_data.csv",other,dif_taste_led_salad,questionnaire,Questionnaire data
1990_eatdis_salad_preload,assay-sss_calc-diff_data.csv,"C:/Users/kmill/The Pennsylvania State University/Rolls, Barbara Jean - currated_data/1990_eatdis_salad_preload/data/assay-sss_calc-diff_data.csv",other,dif_taste_cottage_cheese,questionnaire,Questionnaire data
1990_eatdis_salad_preload,assay-sss_calc-diff_data.csv,"C:/Users/kmill/The Pennsylvania State University/Rolls, Barbara Jean - currated_data/1990_eatdis_salad_preload/data/assay-sss_calc-diff_data.csv",other,dif_taste_apple,questionnaire,Questionnaire data
1990_eatdis_salad_preload,assay-sss_calc-diff_data.csv,"C:/Users/kmill/The Pennsylvania State University/Rolls, Barbara Jean - currated_data/1990_eatdis_salad_preload/data/assay-sss_calc-diff_data.csv",other,dif_taste_hed_salad,questionnaire,Questionnaire data
1990_eatdis_salad_preload,assay-sss_calc-diff_data.csv,"C:/Users/kmill/The Pennsylvania State University/Rolls, Barbara Jean - currated_data/1990_eatdis_salad_preload/data/assay-sss_calc-diff_data.csv",other,dif_taste_snickers,questionnaire,Questionnaire data
1990_eatdis_salad_preload,assay-sss_calc-diff_data.csv,"C:/Users/kmill/The Pennsylvania State University/Rolls, Barbara Jean - currated_data/1990_eatdis_salad_preload/data/assay-sss_calc-diff_data.csv",other,dif_desire_turkey,questionnaire,Questionnaire data
1990_eatdis_salad_preload,assay-sss_calc-diff_data.csv,"C:/Users/kmill/The Pennsylvania State University/Rolls, Barbara Jean - currated_data/1990_eatdis_salad_preload/data/assay-sss_calc-diff_data.csv",other,dif_desire_chips,questionnaire,Questionnaire data
1990_eatdis_salad_preload,assay-sss_calc-diff_data.csv,"C:/Users/kmill/The Pennsylvania State University/Rolls, Barbara Jean - currated_data/1990_eatdis_salad_preload/data/assay-sss_calc-diff_data.csv",other,dif_desire_cookie,questionnaire,Questionnaire data
1990_eatdis_salad_preload,assay-sss_calc-diff_data.csv,"C:/Users/kmill/The Pennsylvania State University/Rolls, Barbara Jean - currated_data/1990_eatdis_salad_preload/data/assay-sss_calc-diff_data.csv",other,dif_desire_led_salad,questionnaire,Questionnaire data
1990_eatdis_salad_preload,assay-sss_calc-diff_data.csv,"C:/Users/kmill/The Pennsylvania State University/Rolls, Barbara Jean - currated_data/1990_eatdis_salad_preload/data/assay-sss_calc-diff_data.csv",other,dif_desire_cottage_cheese,questionnaire,Questionnaire data
1990_eatdis_salad_preload,assay-sss_calc-diff_data.csv,"C:/Users/kmill/The Pennsylvania State University/Rolls, Barbara Jean - currated_data/1990_eatdis_salad_preload/data/assay-sss_calc-diff_data.csv",other,dif_desire_apple,questionnaire,Questionnaire data
1990_eatdis_salad_preload,assay-sss_calc-diff_data.csv,"C:/Users/kmill/The Pennsylvania State University/Rolls, Barbara Jean - currated_data/1990_eatdis_salad_preload/data/assay-sss_calc-diff_data.csv",other,dif_desire_hed_salad,questionnaire,Questionnaire data
1990_eatdis_salad_preload,assay-sss_calc-diff_data.csv,"C:/Users/kmill/The Pennsylvania State University/Rolls, Barbara Jean - currated_data/1990_eatdis_salad_preload/data/assay-sss_calc-diff_data.csv",other,dif_desire_snickers,questionnaire,Questionnaire data
1990_eatdis_salad_preload,assay-sss_calc-diff_data.csv,"C:/Users/kmill/The Pennsylvania State University/Rolls, Barbara Jean - currated_data/1990_eatdis_salad_preload/data/assay-sss_calc-diff_data.csv",other,uneaten_appearance,questionnaire,Questionnaire data
1990_eatdis_salad_preload,assay-sss_calc-diff_data.csv,"C:/Users/kmill/The Pennsylvania State University/Rolls, Barbara Jean - currated_data/1990_eatdis_salad_preload/data/assay-sss_calc-diff_data.csv",other,uneaten_odor,questionnaire,Questionnaire data
1990_eatdis_salad_preload,assay-sss_calc-diff_data.csv,"C:/Users/kmill/The Pennsylvania State University/Rolls, Barbara Jean - currated_data/1990_eatdis_salad_preload/data/assay-sss_calc-diff_data.csv",other,uneaten_texture,questionnaire,Questionnaire data
1990_eatdis_salad_preload,assay-sss_calc-diff_data.csv,"C:/Users/kmill/The Pennsylvania State University/Rolls, Barbara Jean - currated_data/1990_eatdis_salad_preload/data/assay-sss_calc-diff_data.csv",other,uneaten_taste,questionnaire,Questionnaire data
1990_eatdis_salad_preload,assay-sss_calc-diff_data.csv,"C:/Users/kmill/The Pennsylvania State University/Rolls, Barbara Jean - currated_data/1990_eatdis_salad_preload/data/assay-sss_calc-diff_data.csv",other,uneaten_desire,questionnaire,Questionnaire data
1990_sociofeed_dannys_dinner,assay-intake_data.csv,"C:/Users/kmill/The Pennsylvania State University/Rolls, Barbara Jean - currated_data/1990_sociofeed_dannys_dinner/data/assay-intake_data.csv",intake,hunger_pre,questionnaire,Questionnaire data
1990_sociofeed_dannys_dinner,assay-intake_data.csv,"C:/Users/kmill/The Pennsylvania State University/Rolls, Barbara Jean - currated_data/1990_sociofeed_dannys_dinner/data/assay-intake_data.csv",intake,hunger_post,questionnaire,Questionnaire data
1990_sociofeed_dannys_dinner,assay-intake_data.csv,"C:/Users/kmill/The Pennsylvania State University/Rolls, Barbara Jean - currated_data/1990_sociofeed_dannys_dinner/data/assay-intake_data.csv",intake,fullness_pre,questionnaire,Questionnaire data
1990_sociofeed_dannys_dinner,assay-intake_data.csv,"C:/Users/kmill/The Pennsylvania State University/Rolls, Barbara Jean - currated_data/1990_sociofeed_dannys_dinner/data/assay-intake_data.csv",intake,fullness_post,questionnaire,Questionnaire data
1990_sociofeed_dannys_dinner,assay-intake_data.csv,"C:/Users/kmill/The Pennsylvania State University/Rolls, Barbara Jean - currated_data/1990_sociofeed_dannys_dinner/data/assay-intake_data.csv",intake,nauseous_pre,questionnaire,Questionnaire data
1990_sociofeed_dannys_dinner,assay-intake_data.csv,"C:/Users/kmill/The Pennsylvania State University/Rolls, Barbara Jean - currated_data/1990_sociofeed_dannys_dinner/data/assay-intake_data.csv",intake,nauseous_post,questionnaire,Questionnaire data
1990_sociofeed_dannys_dinner,assay-intake_data.csv,"C:/Users/kmill/The Pennsylvania State University/Rolls, Barbara Jean - currated_data/1990_sociofeed_dannys_dinner/data/assay-intake_data.csv",intake,spaghetti_cal,intake,Intake variables
1990_sociofeed_dannys_dinner,assay-intake_data.csv,"C:/Users/kmill/The Pennsylvania State University/Rolls, Barbara Jean - currated_data/1990_sociofeed_dannys_dinner/data/assay-intake_data.csv",intake,spaghetti_fat,macronutrient,Macronutrient data
1990_sociofeed_dannys_dinner,assay-intake_data.csv,"C:/Users/kmill/The Pennsylvania State University/Rolls, Barbara Jean - currated_data/1990_sociofeed_dannys_dinner/data/assay-intake_data.csv",intake,spaghetti_cho,macronutrient,Macronutrient data
1990_sociofeed_dannys_dinner,assay-intake_data.csv,"C:/Users/kmill/The Pennsylvania State University/Rolls, Barbara Jean - currated_data/1990_sociofeed_dannys_dinner/data/assay-intake_data.csv",intake,spaghetti_pro,macronutrient,Macronutrient data
1990_sociofeed_dannys_dinner,assay-intake_data.csv,"C:/Users/kmill/The Pennsylvania State University/Rolls, Barbara Jean - currated_data/1990_sociofeed_dannys_dinner/data/assay-intake_data.csv",intake,meat_sauce_cal,intake,Intake variables
1990_sociofeed_dannys_dinner,assay-intake_data.csv,"C:/Users/kmill/The Pennsylvania State University/Rolls, Barbara Jean - currated_data/1990_sociofeed_dannys_dinner/data/assay-intake_data.csv",intake,meat_sauce_fat,macronutrient,Macronutrient data
1990_sociofeed_dannys_dinner,assay-intake_data.csv,"C:/Users/kmill/The Pennsylvania State University/Rolls, Barbara Jean - currated_data/1990_sociofeed_dannys_dinner/data/assay-intake_data.csv",intake,meat_sauce_cho,macronutrient,Macronutrient data
1990_sociofeed_dannys_dinner,assay-intake_data.csv,"C:/Users/kmill/The Pennsylvania State University/Rolls, Barbara Jean - currated_data/1990_sociofeed_dannys_dinner/data/assay-intake_data.csv",intake,meat_sauce_pro,macronutrient,Macronutrient data
1990_sociofeed_dannys_dinner,assay-intake_data.csv,"C:/Users/kmill/The Pennsylvania State University/Rolls, Barbara Jean - currated_data/1990_sociofeed_dannys_dinner/data/assay-intake_data.csv",intake,veg_sauce_cal,intake,Intake variables
1990_sociofeed_dannys_dinner,assay-intake_data.csv,"C:/Users/kmill/The Pennsylvania State University/Rolls, Barbara Jean - currated_data/1990_sociofeed_dannys_dinner/data/assay-intake_data.csv",intake,veg_sauce_fat,macronutrient,Macronutrient data
1990_sociofeed_dannys_dinner,assay-intake_data.csv,"C:/Users/kmill/The Pennsylvania State University/Rolls, Barbara Jean - currated_data/1990_sociofeed_dannys_dinner/data/assay-intake_data.csv",intake,veg_sauce_cho,macronutrient,Macronutrient data
1990_sociofeed_dannys_dinner,assay-intake_data.csv,"C:/Users/kmill/The Pennsylvania State University/Rolls, Barbara Jean - currated_data/1990_sociofeed_dannys_dinner/data/assay-intake_data.csv",intake,veg_sauce_pro,macronutrient,Macronutrient data
1990_sociofeed_dannys_dinner,assay-intake_data.csv,"C:/Users/kmill/The Pennsylvania State University/Rolls, Barbara Jean - currated_data/1990_sociofeed_dannys_dinner/data/assay-intake_data.csv",intake,lettuce_cal,intake,Intake variables
1990_sociofeed_dannys_dinner,assay-intake_data.csv,"C:/Users/kmill/The Pennsylvania State University/Rolls, Barbara Jean - currated_data/1990_sociofeed_dannys_dinner/data/assay-intake_data.csv",intake,lettuce_fat,macronutrient,Macronutrient data
1990_sociofeed_dannys_dinner,assay-intake_data.csv,"C:/Users/kmill/The Pennsylvania State University/Rolls, Barbara Jean - currated_data/1990_sociofeed_dannys_dinner/data/assay-intake_data.csv",intake,lettuce_cho,macronutrient,Macronutrient data
1990_sociofeed_dannys_dinner,assay-intake_data.csv,"C:/Users/kmill/The Pennsylvania State University/Rolls, Barbara Jean - currated_data/1990_sociofeed_dannys_dinner/data/assay-intake_data.csv",intake,lettuce_pro,macronutrient,Macronutrient data
1990_sociofeed_dannys_dinner,assay-intake_data.csv,"C:/Users/kmill/The Pennsylvania State University/Rolls, Barbara Jean - currated_data/1990_sociofeed_dannys_dinner/data/assay-intake_data.csv",intake,tomato_cal,intake,Intake variables
1990_sociofeed_dannys_dinner,assay-intake_data.csv,"C:/Users/kmill/The Pennsylvania State University/Rolls, Barbara Jean - currated_data/1990_sociofeed_dannys_dinner/data/assay-intake_data.csv",intake,tomato_fat,macronutrient,Macronutrient data
1990_sociofeed_dannys_dinner,assay-intake_data.csv,"C:/Users/kmill/The Pennsylvania State University/Rolls, Barbara Jean - currated_data/1990_sociofeed_dannys_dinner/data/assay-intake_data.csv",intake,tomato_cho,macronutrient,Macronutrient data
1990_sociofeed_dannys_dinner,assay-intake_data.csv,"C:/Users/kmill/The Pennsylvania State University/Rolls, Barbara Jean - currated_data/1990_sociofeed_dannys_dinner/data/assay-intake_data.csv",intake,tomato_pro,macronutrient,Macronutrient data
1990_sociofeed_dannys_dinner,assay-intake_data.csv,"C:/Users/kmill/The Pennsylvania State University/Rolls, Barbara Jean - currated_data/1990_sociofeed_dannys_dinner/data/assay-intake_data.csv",intake,cucumber_cal,intake,Intake variables
1990_sociofeed_dannys_dinner,assay-intake_data.csv,"C:/Users/kmill/The Pennsylvania State University/Rolls, Barbara Jean - currated_data/1990_sociofeed_dannys_dinner/data/assay-intake_data.csv",intake,cucumber_fat,macronutrient,Macronutrient data
1990_sociofeed_dannys_dinner,assay-intake_data.csv,"C:/Users/kmill/The Pennsylvania State University/Rolls, Barbara Jean - currated_data/1990_sociofeed_dannys_dinner/data/assay-intake_data.csv",intake,cucumber_cho,macronutrient,Macronutrient data
1990_sociofeed_dannys_dinner,assay-intake_data.csv,"C:/Users/kmill/The Pennsylvania State University/Rolls, Barbara Jean - currated_data/1990_sociofeed_dannys_dinner/data/assay-intake_data.csv",intake,cucumber_pro,macronutrient,Macronutrient data
1990_sociofeed_dannys_dinner,assay-intake_data.csv,"C:/Users/kmill/The Pennsylvania State University/Rolls, Barbara Jean - currated_data/1990_sociofeed_dannys_dinner/data/assay-intake_data.csv",intake,lowcal_dressing_cal,intake,Intake variables
1990_sociofeed_dannys_dinner,assay-intake_data.csv,"C:/Users/kmill/The Pennsylvania State University/Rolls, Barbara Jean - currated_data/1990_sociofeed_dannys_dinner/data/assay-intake_data.csv",intake,lowcal_dressing_fat,macronutrient,Macronutrient data
1990_sociofeed_dannys_dinner,assay-intake_data.csv,"C:/Users/kmill/The Pennsylvania State University/Rolls, Barbara Jean - currated_data/1990_sociofeed_dannys_dinner/data/assay-intake_data.csv",intake,lowcal_dressing_cho,macronutrient,Macronutrient data
1990_sociofeed_dannys_dinner,assay-intake_data.csv,"C:/Users/kmill/The Pennsylvania State University/Rolls, Barbara Jean - currated_data/1990_sociofeed_dannys_dinner/data/assay-intake_data.csv",intake,lowcal_dressing_pro,macronutrient,Macronutrient data
1990_sociofeed_dannys_dinner,assay-intake_data.csv,"C:/Users/kmill/The Pennsylvania State University/Rolls, Barbara Jean - currated_data/1990_sociofeed_dannys_dinner/data/assay-intake_data.csv",intake,dressing_cal,intake,Intake variables
1990_sociofeed_dannys_dinner,assay-intake_data.csv,"C:/Users/kmill/The Pennsylvania State University/Rolls, Barbara Jean - currated_data/1990_sociofeed_dannys_dinner/data/assay-intake_data.csv",intake,dressing_fat,macronutrient,Macronutrient data
1990_sociofeed_dannys_dinner,assay-intake_data.csv,"C:/Users/kmill/The Pennsylvania State University/Rolls, Barbara Jean - currated_data/1990_sociofeed_dannys_dinner/data/assay-intake_data.csv",intake,dressing_cho,macronutrient,Macronutrient data
1990_sociofeed_dannys_dinner,assay-intake_data.csv,"C:/Users/kmill/The Pennsylvania State University/Rolls, Barbara Jean - currated_data/1990_sociofeed_dannys_dinner/data/assay-intake_data.csv",intake,dressing_pro,macronutrient,Macronutrient data
1990_sociofeed_dannys_dinner,assay-intake_data.csv,"C:/Users/kmill/The Pennsylvania State University/Rolls, Barbara Jean - currated_data/1990_sociofeed_dannys_dinner/data/assay-intake_data.csv",intake,roll_cal,intake,Intake variables
1990_sociofeed_dannys_dinner,assay-intake_data.csv,"C:/Users/kmill/The Pennsylvania State University/Rolls, Barbara Jean - currated_data/1990_sociofeed_dannys_dinner/data/assay-intake_data.csv",intake,roll_fat,macronutrient,Macronutrient data
1990_sociofeed_dannys_dinner,assay-intake_data.csv,"C:/Users/kmill/The Pennsylvania State University/Rolls, Barbara Jean - currated_data/1990_sociofeed_dannys_dinner/data/assay-intake_data.csv",intake,roll_cho,macronutrient,Macronutrient data
1990_sociofeed_dannys_dinner,assay-intake_data.csv,"C:/Users/kmill/The Pennsylvania State University/Rolls, Barbara Jean - currated_data/1990_sociofeed_dannys_dinner/data/assay-intake_data.csv",intake,roll_pro,macronutrient,Macronutrient data
1990_sociofeed_dannys_dinner,assay-intake_data.csv,"C:/Users/kmill/The Pennsylvania State University/Rolls, Barbara Jean - currated_data/1990_sociofeed_dannys_dinner/data/assay-intake_data.csv",intake,margarine_cal,intake,Intake variables
1990_sociofeed_dannys_dinner,assay-intake_data.csv,"C:/Users/kmill/The Pennsylvania State University/Rolls, Barbara Jean - currated_data/1990_sociofeed_dannys_dinner/data/assay-intake_data.csv",intake,margarine_fat,macronutrient,Macronutrient data
1990_sociofeed_dannys_dinner,assay-intake_data.csv,"C:/Users/kmill/The Pennsylvania State University/Rolls, Barbara Jean - currated_data/1990_sociofeed_dannys_dinner/data/assay-intake_data.csv",intake,margarine_cho,macronutrient,Macronutrient data
1990_sociofeed_dannys_dinner,assay-intake_data.csv,"C:/Users/kmill/The Pennsylvania State University/Rolls, Barbara Jean - currated_data/1990_sociofeed_dannys_dinner/data/assay-intake_data.csv",intake,margarine_pro,macronutrient,Macronutrient data
1990_sociofeed_dannys_dinner,assay-intake_data.csv,"C:/Users/kmill/The Pennsylvania State University/Rolls, Barbara Jean - currated_data/1990_sociofeed_dannys_dinner/data/assay-intake_data.csv",intake,cookie_cal,intake,Intake variables
1990_sociofeed_dannys_dinner,assay-intake_data.csv,"C:/Users/kmill/The Pennsylvania State University/Rolls, Barbara Jean - currated_data/1990_sociofeed_dannys_dinner/data/assay-intake_data.csv",intake,cookie_fat,macronutrient,Macronutrient data
1990_sociofeed_dannys_dinner,assay-intake_data.csv,"C:/Users/kmill/The Pennsylvania State University/Rolls, Barbara Jean - currated_data/1990_sociofeed_dannys_dinner/data/assay-intake_data.csv",intake,cookie_cho,macronutrient,Macronutrient data
1990_sociofeed_dannys_dinner,assay-intake_data.csv,"C:/Users/kmill/The Pennsylvania State University/Rolls, Barbara Jean - currated_data/1990_sociofeed_dannys_dinner/data/assay-intake_data.csv",intake,cookie_pro,macronutrient,Macronutrient data
1990_sociofeed_dannys_dinner,assay-intake_data.csv,"C:/Users/kmill/The Pennsylvania State University/Rolls, Barbara Jean - currated_data/1990_sociofeed_dannys_dinner/data/assay-intake_data.csv",intake,sorbet_cal,intake,Intake variables
1990_sociofeed_dannys_dinner,assay-intake_data.csv,"C:/Users/kmill/The Pennsylvania State University/Rolls, Barbara Jean - currated_data/1990_sociofeed_dannys_dinner/data/assay-intake_data.csv",intake,sorbet_fat,macronutrient,Macronutrient data
1990_sociofeed_dannys_dinner,assay-intake_data.csv,"C:/Users/kmill/The Pennsylvania State University/Rolls, Barbara Jean - currated_data/1990_sociofeed_dannys_dinner/data/assay-intake_data.csv",intake,sorbet_cho,macronutrient,Macronutrient data
1990_sociofeed_dannys_dinner,assay-intake_data.csv,"C:/Users/kmill/The Pennsylvania State University/Rolls, Barbara Jean - currated_data/1990_sociofeed_dannys_dinner/data/assay-intake_data.csv",intake,sorbet_pro,macronutrient,Macronutrient data
1990_sociofeed_dannys_dinner,assay-intake_data.csv,"C:/Users/kmill/The Pennsylvania State University/Rolls, Barbara Jean - currated_data/1990_sociofeed_dannys_dinner/data/assay-intake_data.csv",intake,icecream_cal,intake,Intake variables
1990_sociofeed_dannys_dinner,assay-intake_data.csv,"C:/Users/kmill/The Pennsylvania State University/Rolls, Barbara Jean - currated_data/1990_sociofeed_dannys_dinner/data/assay-intake_data.csv",intake,icecream_fat,macronutrient,Macronutrient data
1990_sociofeed_dannys_dinner,assay-intake_data.csv,"C:/Users/kmill/The Pennsylvania State University/Rolls, Barbara Jean - currated_data/1990_sociofeed_dannys_dinner/data/assay-intake_data.csv",intake,icecream_cho,macronutrient,Macronutrient data
1990_sociofeed_dannys_dinner,assay-intake_data.csv,"C:/Users/kmill/The Pennsylvania State University/Rolls, Barbara Jean - currated_data/1990_sociofeed_dannys_dinner/data/assay-intake_data.csv",intake,icecream_pro,macronutrient,Macronutrient data
1990_sociofeed_dannys_dinner,assay-intake_data.csv,"C:/Users/kmill/The Pennsylvania State University/Rolls, Barbara Jean - currated_data/1990_sociofeed_dannys_dinner/data/assay-intake_data.csv",intake,total_cal,intake,Intake variables
1990_sociofeed_dannys_dinner,assay-intake_data.csv,"C:/Users/kmill/The Pennsylvania State University/Rolls, Barbara Jean - currated_data/1990_sociofeed_dannys_dinner/data/assay-intake_data.csv",intake,total_fat,macronutrient,Macronutrient data
1990_sociofeed_dannys_dinner,assay-intake_data.csv,"C:/Users/kmill/The Pennsylvania State University/Rolls, Barbara Jean - currated_data/1990_sociofeed_dannys_dinner/data/assay-intake_data.csv",intake,total_fat_cal,macronutrient,Macronutrient data
1990_sociofeed_dannys_dinner,assay-intake_data.csv,"C:/Users/kmill/The Pennsylvania State University/Rolls, Barbara Jean - currated_data/1990_sociofeed_dannys_dinner/data/assay-intake_data.csv",intake,fat_perc_cal,macronutrient,Macronutrient data
1990_sociofeed_dannys_dinner,assay-intake_data.csv,"C:/Users/kmill/The Pennsylvania State University/Rolls, Barbara Jean - currated_data/1990_sociofeed_dannys_dinner/data/assay-intake_data.csv",intake,total_cho,macronutrient,Macronutrient data
1990_sociofeed_dannys_dinner,assay-intake_data.csv,"C:/Users/kmill/The Pennsylvania State University/Rolls, Barbara Jean - currated_data/1990_sociofeed_dannys_dinner/data/assay-intake_data.csv",intake,total_cho_cal,macronutrient,Macronutrient data
1990_sociofeed_dannys_dinner,assay-intake_data.csv,"C:/Users/kmill/The Pennsylvania State University/Rolls, Barbara Jean - currated_data/1990_sociofeed_dannys_dinner/data/assay-intake_data.csv",intake,cho_perc_cal,macronutrient,Macronutrient data
1990_sociofeed_dannys_dinner,assay-intake_data.csv,"C:/Users/kmill/The Pennsylvania State University/Rolls, Barbara Jean - currated_data/1990_sociofeed_dannys_dinner/data/assay-intake_data.csv",intake,total_pro,macronutrient,Macronutrient data
1990_sociofeed_dannys_dinner,assay-intake_data.csv,"C:/Users/kmill/The Pennsylvania State University/Rolls, Barbara Jean - currated_data/1990_sociofeed_dannys_dinner/data/assay-intake_data.csv",intake,total_pro_cal,macronutrient,Macronutrient data
1990_sociofeed_dannys_dinner,assay-intake_data.csv,"C:/Users/kmill/The Pennsylvania State University/Rolls, Barbara Jean - currated_data/1990_sociofeed_dannys_dinner/data/assay-intake_data.csv",intake,pro_perc_cal,macronutrient,Macronutrient data
1990_sociofeed_dannys_dinner,assay-intake_data.csv,"C:/Users/kmill/The Pennsylvania State University/Rolls, Barbara Jean - currated_data/1990_sociofeed_dannys_dinner/data/assay-intake_data.csv",intake,dsrt_cal,intake,Intake variables
1990_sociofeed_dannys_dinner,assay-intake_data.csv,"C:/Users/kmill/The Pennsylvania State University/Rolls, Barbara Jean - currated_data/1990_sociofeed_dannys_dinner/data/assay-intake_data.csv",intake,dsrt_fat,macronutrient,Macronutrient data
1990_sociofeed_dannys_dinner,assay-intake_data.csv,"C:/Users/kmill/The Pennsylvania State University/Rolls, Barbara Jean - currated_data/1990_sociofeed_dannys_dinner/data/assay-intake_data.csv",intake,dsrt_cho,macronutrient,Macronutrient data
1990_sociofeed_dannys_dinner,assay-intake_data.csv,"C:/Users/kmill/The Pennsylvania State University/Rolls, Barbara Jean - currated_data/1990_sociofeed_dannys_dinner/data/assay-intake_data.csv",intake,dsrt_pro,macronutrient,Macronutrient data
1990_sss_age_yogurt,assay-foodpref_data.csv,"C:/Users/kmill/The Pennsylvania State University/Rolls, Barbara Jean - currated_data/1990_sss_age_yogurt/data/assay-foodpref_data.csv",other,wheat_bread_taste,questionnaire,Questionnaire data
1990_sss_age_yogurt,assay-foodpref_data.csv,"C:/Users/kmill/The Pennsylvania State University/Rolls, Barbara Jean - currated_data/1990_sss_age_yogurt/data/assay-foodpref_data.csv",other,pizza_taste,questionnaire,Questionnaire data
1990_sss_age_yogurt,assay-foodpref_data.csv,"C:/Users/kmill/The Pennsylvania State University/Rolls, Barbara Jean - currated_data/1990_sss_age_yogurt/data/assay-foodpref_data.csv",other,diet_cola_taste,questionnaire,Questionnaire data
1990_sss_age_yogurt,assay-foodpref_data.csv,"C:/Users/kmill/The Pennsylvania State University/Rolls, Barbara Jean - currated_data/1990_sss_age_yogurt/data/assay-foodpref_data.csv",other,lemon_pie_taste,questionnaire,Questionnaire data
1990_sss_age_yogurt,assay-foodpref_data.csv,"C:/Users/kmill/The Pennsylvania State University/Rolls, Barbara Jean - currated_data/1990_sss_age_yogurt/data/assay-foodpref_data.csv",other,celery_taste,questionnaire,Questionnaire data
1990_sss_age_yogurt,assay-foodpref_data.csv,"C:/Users/kmill/The Pennsylvania State University/Rolls, Barbara Jean - currated_data/1990_sss_age_yogurt/data/assay-foodpref_data.csv",other,cherry_pie_taste,questionnaire,Questionnaire data
1990_sss_age_yogurt,assay-foodpref_data.csv,"C:/Users/kmill/The Pennsylvania State University/Rolls, Barbara Jean - currated_data/1990_sss_age_yogurt/data/assay-foodpref_data.csv",other,jello_taste,questionnaire,Questionnaire data
1990_sss_age_yogurt,assay-foodpref_data.csv,"C:/Users/kmill/The Pennsylvania State University/Rolls, Barbara Jean - currated_data/1990_sss_age_yogurt/data/assay-foodpref_data.csv",other,cheeseburger_taste,questionnaire,Questionnaire data
1990_sss_age_yogurt,assay-foodpref_data.csv,"C:/Users/kmill/The Pennsylvania State University/Rolls, Barbara Jean - currated_data/1990_sss_age_yogurt/data/assay-foodpref_data.csv",other,pickle_taste,questionnaire,Questionnaire data
1990_sss_age_yogurt,assay-foodpref_data.csv,"C:/Users/kmill/The Pennsylvania State University/Rolls, Barbara Jean - currated_data/1990_sss_age_yogurt/data/assay-foodpref_data.csv",other,cucumber_taste,questionnaire,Questionnaire data
1990_sss_age_yogurt,assay-foodpref_data.csv,"C:/Users/kmill/The Pennsylvania State University/Rolls, Barbara Jean - currated_data/1990_sss_age_yogurt/data/assay-foodpref_data.csv",other,fries_taste,questionnaire,Questionnaire data
1990_sss_age_yogurt,assay-foodpref_data.csv,"C:/Users/kmill/The Pennsylvania State University/Rolls, Barbara Jean - currated_data/1990_sss_age_yogurt/data/assay-foodpref_data.csv",other,salad_taste,questionnaire,Questionnaire data
1990_sss_age_yogurt,assay-foodpref_data.csv,"C:/Users/kmill/The Pennsylvania State University/Rolls, Barbara Jean - currated_data/1990_sss_age_yogurt/data/assay-foodpref_data.csv",other,bologna_taste,questionnaire,Questionnaire data
1990_sss_age_yogurt,assay-foodpref_data.csv,"C:/Users/kmill/The Pennsylvania State University/Rolls, Barbara Jean - currated_data/1990_sss_age_yogurt/data/assay-foodpref_data.csv",other,watermelon_taste,questionnaire,Questionnaire data
1990_sss_age_yogurt,assay-foodpref_data.csv,"C:/Users/kmill/The Pennsylvania State University/Rolls, Barbara Jean - currated_data/1990_sss_age_yogurt/data/assay-foodpref_data.csv",other,tbone_steak_taste,questionnaire,Questionnaire data
1990_sss_age_yogurt,assay-foodpref_data.csv,"C:/Users/kmill/The Pennsylvania State University/Rolls, Barbara Jean - currated_data/1990_sss_age_yogurt/data/assay-foodpref_data.csv",other,strawberry_taste,questionnaire,Questionnaire data
1990_sss_age_yogurt,assay-foodpref_data.csv,"C:/Users/kmill/The Pennsylvania State University/Rolls, Barbara Jean - currated_data/1990_sss_age_yogurt/data/assay-foodpref_data.csv",other,cinn_roll_taste,questionnaire,Questionnaire data
1990_sss_age_yogurt,assay-foodpref_data.csv,"C:/Users/kmill/The Pennsylvania State University/Rolls, Barbara Jean - currated_data/1990_sss_age_yogurt/data/assay-foodpref_data.csv",other,broccoli_taste,questionnaire,Questionnaire data
1990_sss_age_yogurt,assay-foodpref_data.csv,"C:/Users/kmill/The Pennsylvania State University/Rolls, Barbara Jean - currated_data/1990_sss_age_yogurt/data/assay-foodpref_data.csv",other,cheddar_taste,questionnaire,Questionnaire data
1990_sss_age_yogurt,assay-foodpref_data.csv,"C:/Users/kmill/The Pennsylvania State University/Rolls, Barbara Jean - currated_data/1990_sss_age_yogurt/data/assay-foodpref_data.csv",other,skim_milk_taste,questionnaire,Questionnaire data
1990_sss_age_yogurt,assay-foodpref_data.csv,"C:/Users/kmill/The Pennsylvania State University/Rolls, Barbara Jean - currated_data/1990_sss_age_yogurt/data/assay-foodpref_data.csv",other,onion_ring_taste,questionnaire,Questionnaire data
1990_sss_age_yogurt,assay-foodpref_data.csv,"C:/Users/kmill/The Pennsylvania State University/Rolls, Barbara Jean - currated_data/1990_sss_age_yogurt/data/assay-foodpref_data.csv",other,peach_taste,questionnaire,Questionnaire data
1990_sss_age_yogurt,assay-foodpref_data.csv,"C:/Users/kmill/The Pennsylvania State University/Rolls, Barbara Jean - currated_data/1990_sss_age_yogurt/data/assay-foodpref_data.csv",other,grapefruit_juice_taste,questionnaire,Questionnaire data
1990_sss_age_yogurt,assay-foodpref_data.csv,"C:/Users/kmill/The Pennsylvania State University/Rolls, Barbara Jean - currated_data/1990_sss_age_yogurt/data/assay-foodpref_data.csv",other,potato_chip_taste,questionnaire,Questionnaire data
1990_sss_age_yogurt,assay-foodpref_data.csv,"C:/Users/kmill/The Pennsylvania State University/Rolls, Barbara Jean - currated_data/1990_sss_age_yogurt/data/assay-foodpref_data.csv",other,orange_taste,questionnaire,Questionnaire data
1990_sss_age_yogurt,assay-foodpref_data.csv,"C:/Users/kmill/The Pennsylvania State University/Rolls, Barbara Jean - currated_data/1990_sss_age_yogurt/data/assay-foodpref_data.csv",other,peanut_taste,questionnaire,Questionnaire data
1990_sss_age_yogurt,assay-foodpref_data.csv,"C:/Users/kmill/The Pennsylvania State University/Rolls, Barbara Jean - currated_data/1990_sss_age_yogurt/data/assay-foodpref_data.csv",other,pineapple_taste,questionnaire,Questionnaire data
1990_sss_age_yogurt,assay-foodpref_data.csv,"C:/Users/kmill/The Pennsylvania State University/Rolls, Barbara Jean - currated_data/1990_sss_age_yogurt/data/assay-foodpref_data.csv",other,choc_icecream_taste,questionnaire,Questionnaire data
1990_sss_age_yogurt,assay-foodpref_data.csv,"C:/Users/kmill/The Pennsylvania State University/Rolls, Barbara Jean - currated_data/1990_sss_age_yogurt/data/assay-foodpref_data.csv",other,lowf_cotcheese_taste,questionnaire,Questionnaire data
1990_sss_age_yogurt,assay-foodpref_data.csv,"C:/Users/kmill/The Pennsylvania State University/Rolls, Barbara Jean - currated_data/1990_sss_age_yogurt/data/assay-foodpref_data.csv",other,grape_taste,questionnaire,Questionnaire data
1990_sss_age_yogurt,assay-foodpref_data.csv,"C:/Users/kmill/The Pennsylvania State University/Rolls, Barbara Jean - currated_data/1990_sss_age_yogurt/data/assay-foodpref_data.csv",other,gingerbread_taste,questionnaire,Questionnaire data
1990_sss_age_yogurt,assay-foodpref_data.csv,"C:/Users/kmill/The Pennsylvania State University/Rolls, Barbara Jean - currated_data/1990_sss_age_yogurt/data/assay-foodpref_data.csv",other,banana_taste,questionnaire,Questionnaire data
1990_sss_age_yogurt,assay-sss_data.csv,"C:/Users/kmill/The Pennsylvania State University/Rolls, Barbara Jean - currated_data/1990_sss_age_yogurt/data/assay-sss_data.csv",other,hunger_pre,questionnaire,Questionnaire data
1990_sss_age_yogurt,assay-sss_data.csv,"C:/Users/kmill/The Pennsylvania State University/Rolls, Barbara Jean - currated_data/1990_sss_age_yogurt/data/assay-sss_data.csv",other,fullness_pre,questionnaire,Questionnaire data
1990_sss_age_yogurt,assay-sss_data.csv,"C:/Users/kmill/The Pennsylvania State University/Rolls, Barbara Jean - currated_data/1990_sss_age_yogurt/data/assay-sss_data.csv",other,nauseous_pre,questionnaire,Questionnaire data
1990_sss_age_yogurt,assay-sss_data.csv,"C:/Users/kmill/The Pennsylvania State University/Rolls, Barbara Jean - currated_data/1990_sss_age_yogurt/data/assay-sss_data.csv",other,desire_eat_pre,questionnaire,Questionnaire data
1990_sss_age_yogurt,assay-sss_data.csv,"C:/Users/kmill/The Pennsylvania State University/Rolls, Barbara Jean - currated_data/1990_sss_age_yogurt/data/assay-sss_data.csv",other,hunger_post,questionnaire,Questionnaire data
1990_sss_age_yogurt,assay-sss_data.csv,"C:/Users/kmill/The Pennsylvania State University/Rolls, Barbara Jean - currated_data/1990_sss_age_yogurt/data/assay-sss_data.csv",other,fullness_post,questionnaire,Questionnaire data
1990_sss_age_yogurt,assay-sss_data.csv,"C:/Users/kmill/The Pennsylvania State University/Rolls, Barbara Jean - currated_data/1990_sss_age_yogurt/data/assay-sss_data.csv",other,nauseous_post,questionnaire,Questionnaire data
1990_sss_age_yogurt,assay-sss_data.csv,"C:/Users/kmill/The Pennsylvania State University/Rolls, Barbara Jean - currated_data/1990_sss_age_yogurt/data/assay-sss_data.csv",other,desire_eat_post,questionnaire,Questionnaire data
1990_sss_age_yogurt,assay-sss_data.csv,"C:/Users/kmill/The Pennsylvania State University/Rolls, Barbara Jean - currated_data/1990_sss_age_yogurt/data/assay-sss_data.csv",other,dif_hunger,questionnaire,Questionnaire data
1990_sss_age_yogurt,assay-sss_data.csv,"C:/Users/kmill/The Pennsylvania State University/Rolls, Barbara Jean - currated_data/1990_sss_age_yogurt/data/assay-sss_data.csv",other,dif_fullness,questionnaire,Questionnaire data
1990_sss_age_yogurt,assay-sss_data.csv,"C:/Users/kmill/The Pennsylvania State University/Rolls, Barbara Jean - currated_data/1990_sss_age_yogurt/data/assay-sss_data.csv",other,dif_nauseous,questionnaire,Questionnaire data
1990_sss_age_yogurt,assay-sss_data.csv,"C:/Users/kmill/The Pennsylvania State University/Rolls, Barbara Jean - currated_data/1990_sss_age_yogurt/data/assay-sss_data.csv",other,dif_desire_eat,questionnaire,Questionnaire data
1990_sss_age_yogurt,assay-sss_data.csv,"C:/Users/kmill/The Pennsylvania State University/Rolls, Barbara Jean - currated_data/1990_sss_age_yogurt/data/assay-sss_data.csv",other,appearance_tuna_pre,questionnaire,Questionnaire data
1990_sss_age_yogurt,assay-sss_data.csv,"C:/Users/kmill/The Pennsylvania State University/Rolls, Barbara Jean - currated_data/1990_sss_age_yogurt/data/assay-sss_data.csv",other,appearance_cracker_pre,questionnaire,Questionnaire data
1990_sss_age_yogurt,assay-sss_data.csv,"C:/Users/kmill/The Pennsylvania State University/Rolls, Barbara Jean - currated_data/1990_sss_age_yogurt/data/assay-sss_data.csv",other,appearance_yogurt_pre,questionnaire,Questionnaire data
1990_sss_age_yogurt,assay-sss_data.csv,"C:/Users/kmill/The Pennsylvania State University/Rolls, Barbara Jean - currated_data/1990_sss_age_yogurt/data/assay-sss_data.csv",other,appearance_carrot_pre,questionnaire,Questionnaire data
1990_sss_age_yogurt,assay-sss_data.csv,"C:/Users/kmill/The Pennsylvania State University/Rolls, Barbara Jean - currated_data/1990_sss_age_yogurt/data/assay-sss_data.csv",other,appearance_pretzel_pre,questionnaire,Questionnaire data
1990_sss_age_yogurt,assay-sss_data.csv,"C:/Users/kmill/The Pennsylvania State University/Rolls, Barbara Jean - currated_data/1990_sss_age_yogurt/data/assay-sss_data.csv",other,appearance_tuna_post,questionnaire,Questionnaire data
1990_sss_age_yogurt,assay-sss_data.csv,"C:/Users/kmill/The Pennsylvania State University/Rolls, Barbara Jean - currated_data/1990_sss_age_yogurt/data/assay-sss_data.csv",other,appearance_cracker_post,questionnaire,Questionnaire data
1990_sss_age_yogurt,assay-sss_data.csv,"C:/Users/kmill/The Pennsylvania State University/Rolls, Barbara Jean - currated_data/1990_sss_age_yogurt/data/assay-sss_data.csv",other,appearance_yogurt_post,questionnaire,Questionnaire data
1990_sss_age_yogurt,assay-sss_data.csv,"C:/Users/kmill/The Pennsylvania State University/Rolls, Barbara Jean - currated_data/1990_sss_age_yogurt/data/assay-sss_data.csv",other,appearance_carrot_post,questionnaire,Questionnaire data
1990_sss_age_yogurt,assay-sss_data.csv,"C:/Users/kmill/The Pennsylvania State University/Rolls, Barbara Jean - currated_data/1990_sss_age_yogurt/data/assay-sss_data.csv",other,appearance_pretzel_post,questionnaire,Questionnaire data
1990_sss_age_yogurt,assay-sss_data.csv,"C:/Users/kmill/The Pennsylvania State University/Rolls, Barbara Jean - currated_data/1990_sss_age_yogurt/data/assay-sss_data.csv",other,odor_tuna_pre,questionnaire,Questionnaire data
1990_sss_age_yogurt,assay-sss_data.csv,"C:/Users/kmill/The Pennsylvania State University/Rolls, Barbara Jean - currated_data/1990_sss_age_yogurt/data/assay-sss_data.csv",other,odor_cracker_pre,questionnaire,Questionnaire data
1990_sss_age_yogurt,assay-sss_data.csv,"C:/Users/kmill/The Pennsylvania State University/Rolls, Barbara Jean - currated_data/1990_sss_age_yogurt/data/assay-sss_data.csv",other,odor_yogurt_pre,questionnaire,Questionnaire data
1990_sss_age_yogurt,assay-sss_data.csv,"C:/Users/kmill/The Pennsylvania State University/Rolls, Barbara Jean - currated_data/1990_sss_age_yogurt/data/assay-sss_data.csv",other,odor_carrot_pre,questionnaire,Questionnaire data
1990_sss_age_yogurt,assay-sss_data.csv,"C:/Users/kmill/The Pennsylvania State University/Rolls, Barbara Jean - currated_data/1990_sss_age_yogurt/data/assay-sss_data.csv",other,odor_pretzel_pre,questionnaire,Questionnaire data
1990_sss_age_yogurt,assay-sss_data.csv,"C:/Users/kmill/The Pennsylvania State University/Rolls, Barbara Jean - currated_data/1990_sss_age_yogurt/data/assay-sss_data.csv",other,odor_tuna_post,questionnaire,Questionnaire data
1990_sss_age_yogurt,assay-sss_data.csv,"C:/Users/kmill/The Pennsylvania State University/Rolls, Barbara Jean - currated_data/1990_sss_age_yogurt/data/assay-sss_data.csv",other,odor_cracker_post,questionnaire,Questionnaire data
1990_sss_age_yogurt,assay-sss_data.csv,"C:/Users/kmill/The Pennsylvania State University/Rolls, Barbara Jean - currated_data/1990_sss_age_yogurt/data/assay-sss_data.csv",other,odor_yogurt_post,questionnaire,Questionnaire data
1990_sss_age_yogurt,assay-sss_data.csv,"C:/Users/kmill/The Pennsylvania State University/Rolls, Barbara Jean - currated_data/1990_sss_age_yogurt/data/assay-sss_data.csv",other,odor_carrot_post,questionnaire,Questionnaire data
1990_sss_age_yogurt,assay-sss_data.csv,"C:/Users/kmill/The Pennsylvania State University/Rolls, Barbara Jean - currated_data/1990_sss_age_yogurt/data/assay-sss_data.csv",other,odor_pretzel_post,questionnaire,Questionnaire data
1990_sss_age_yogurt,assay-sss_data.csv,"C:/Users/kmill/The Pennsylvania State University/Rolls, Barbara Jean - currated_data/1990_sss_age_yogurt/data/assay-sss_data.csv",other,texture_tuna_pre,questionnaire,Questionnaire data
1990_sss_age_yogurt,assay-sss_data.csv,"C:/Users/kmill/The Pennsylvania State University/Rolls, Barbara Jean - currated_data/1990_sss_age_yogurt/data/assay-sss_data.csv",other,texture_cracker_pre,questionnaire,Questionnaire data
1990_sss_age_yogurt,assay-sss_data.csv,"C:/Users/kmill/The Pennsylvania State University/Rolls, Barbara Jean - currated_data/1990_sss_age_yogurt/data/assay-sss_data.csv",other,texture_yogurt_pre,questionnaire,Questionnaire data
1990_sss_age_yogurt,assay-sss_data.csv,"C:/Users/kmill/The Pennsylvania State University/Rolls, Barbara Jean - currated_data/1990_sss_age_yogurt/data/assay-sss_data.csv",other,texture_carrot_pre,questionnaire,Questionnaire data
1990_sss_age_yogurt,assay-sss_data.csv,"C:/Users/kmill/The Pennsylvania State University/Rolls, Barbara Jean - currated_data/1990_sss_age_yogurt/data/assay-sss_data.csv",other,texture_pretzel_pre,questionnaire,Questionnaire data
1990_sss_age_yogurt,assay-sss_data.csv,"C:/Users/kmill/The Pennsylvania State University/Rolls, Barbara Jean - currated_data/1990_sss_age_yogurt/data/assay-sss_data.csv",other,texture_tuna_post,questionnaire,Questionnaire data
1990_sss_age_yogurt,assay-sss_data.csv,"C:/Users/kmill/The Pennsylvania State University/Rolls, Barbara Jean - currated_data/1990_sss_age_yogurt/data/assay-sss_data.csv",other,texture_cracker_post,questionnaire,Questionnaire data
1990_sss_age_yogurt,assay-sss_data.csv,"C:/Users/kmill/The Pennsylvania State University/Rolls, Barbara Jean - currated_data/1990_sss_age_yogurt/data/assay-sss_data.csv",other,texture_yogurt_post,questionnaire,Questionnaire data
1990_sss_age_yogurt,assay-sss_data.csv,"C:/Users/kmill/The Pennsylvania State University/Rolls, Barbara Jean - currated_data/1990_sss_age_yogurt/data/assay-sss_data.csv",other,texture_carrot_post,questionnaire,Questionnaire data
1990_sss_age_yogurt,assay-sss_data.csv,"C:/Users/kmill/The Pennsylvania State University/Rolls, Barbara Jean - currated_data/1990_sss_age_yogurt/data/assay-sss_data.csv",other,texture_pretzel_post,questionnaire,Questionnaire data
1990_sss_age_yogurt,assay-sss_data.csv,"C:/Users/kmill/The Pennsylvania State University/Rolls, Barbara Jean - currated_data/1990_sss_age_yogurt/data/assay-sss_data.csv",other,taste_tuna_pre,questionnaire,Questionnaire data
1990_sss_age_yogurt,assay-sss_data.csv,"C:/Users/kmill/The Pennsylvania State University/Rolls, Barbara Jean - currated_data/1990_sss_age_yogurt/data/assay-sss_data.csv",other,taste_cracker_pre,questionnaire,Questionnaire data
1990_sss_age_yogurt,assay-sss_data.csv,"C:/Users/kmill/The Pennsylvania State University/Rolls, Barbara Jean - currated_data/1990_sss_age_yogurt/data/assay-sss_data.csv",other,taste_yogurt_pre,questionnaire,Questionnaire data
1990_sss_age_yogurt,assay-sss_data.csv,"C:/Users/kmill/The Pennsylvania State University/Rolls, Barbara Jean - currated_data/1990_sss_age_yogurt/data/assay-sss_data.csv",other,taste_carrot_pre,questionnaire,Questionnaire data
1990_sss_age_yogurt,assay-sss_data.csv,"C:/Users/kmill/The Pennsylvania State University/Rolls, Barbara Jean - currated_data/1990_sss_age_yogurt/data/assay-sss_data.csv",other,taste_pretzel_pre,questionnaire,Questionnaire data
1990_sss_age_yogurt,assay-sss_data.csv,"C:/Users/kmill/The Pennsylvania State University/Rolls, Barbara Jean - currated_data/1990_sss_age_yogurt/data/assay-sss_data.csv",other,taste_tuna_post,questionnaire,Questionnaire data
1990_sss_age_yogurt,assay-sss_data.csv,"C:/Users/kmill/The Pennsylvania State University/Rolls, Barbara Jean - currated_data/1990_sss_age_yogurt/data/assay-sss_data.csv",other,taste_cracker_post,questionnaire,Questionnaire data
1990_sss_age_yogurt,assay-sss_data.csv,"C:/Users/kmill/The Pennsylvania State University/Rolls, Barbara Jean - currated_data/1990_sss_age_yogurt/data/assay-sss_data.csv",other,taste_yogurt_post,questionnaire,Questionnaire data
1990_sss_age_yogurt,assay-sss_data.csv,"C:/Users/kmill/The Pennsylvania State University/Rolls, Barbara Jean - currated_data/1990_sss_age_yogurt/data/assay-sss_data.csv",other,taste_carrot_post,questionnaire,Questionnaire data
1990_sss_age_yogurt,assay-sss_data.csv,"C:/Users/kmill/The Pennsylvania State University/Rolls, Barbara Jean - currated_data/1990_sss_age_yogurt/data/assay-sss_data.csv",other,taste_pretzel_post,questionnaire,Questionnaire data
1990_sss_age_yogurt,assay-sss_data.csv,"C:/Users/kmill/The Pennsylvania State University/Rolls, Barbara Jean - currated_data/1990_sss_age_yogurt/data/assay-sss_data.csv",other,desire_tuna_pre,questionnaire,Questionnaire data
1990_sss_age_yogurt,assay-sss_data.csv,"C:/Users/kmill/The Pennsylvania State University/Rolls, Barbara Jean - currated_data/1990_sss_age_yogurt/data/assay-sss_data.csv",other,desire_cracker_pre,questionnaire,Questionnaire data
1990_sss_age_yogurt,assay-sss_data.csv,"C:/Users/kmill/The Pennsylvania State University/Rolls, Barbara Jean - currated_data/1990_sss_age_yogurt/data/assay-sss_data.csv",other,desire_yogurt_pre,questionnaire,Questionnaire data
1990_sss_age_yogurt,assay-sss_data.csv,"C:/Users/kmill/The Pennsylvania State University/Rolls, Barbara Jean - currated_data/1990_sss_age_yogurt/data/assay-sss_data.csv",other,desire_carrot_pre,questionnaire,Questionnaire data
1990_sss_age_yogurt,assay-sss_data.csv,"C:/Users/kmill/The Pennsylvania State University/Rolls, Barbara Jean - currated_data/1990_sss_age_yogurt/data/assay-sss_data.csv",other,desire_pretzel_pre,questionnaire,Questionnaire data
1990_sss_age_yogurt,assay-sss_data.csv,"C:/Users/kmill/The Pennsylvania State University/Rolls, Barbara Jean - currated_data/1990_sss_age_yogurt/data/assay-sss_data.csv",other,desire_tuna_post,questionnaire,Questionnaire data
1990_sss_age_yogurt,assay-sss_data.csv,"C:/Users/kmill/The Pennsylvania State University/Rolls, Barbara Jean - currated_data/1990_sss_age_yogurt/data/assay-sss_data.csv",other,desire_cracker_post,questionnaire,Questionnaire data
1990_sss_age_yogurt,assay-sss_data.csv,"C:/Users/kmill/The Pennsylvania State University/Rolls, Barbara Jean - currated_data/1990_sss_age_yogurt/data/assay-sss_data.csv",other,desire_yogurt_post,questionnaire,Questionnaire data
1990_sss_age_yogurt,assay-sss_data.csv,"C:/Users/kmill/The Pennsylvania State University/Rolls, Barbara Jean - currated_data/1990_sss_age_yogurt/data/assay-sss_data.csv",other,desire_carrot_post,questionnaire,Questionnaire data
1990_sss_age_yogurt,assay-sss_data.csv,"C:/Users/kmill/The Pennsylvania State University/Rolls, Barbara Jean - currated_data/1990_sss_age_yogurt/data/assay-sss_data.csv",other,desire_pretzel_post,questionnaire,Questionnaire data
1990_sss_age_yogurt,assay-sss_data.csv,"C:/Users/kmill/The Pennsylvania State University/Rolls, Barbara Jean - currated_data/1990_sss_age_yogurt/data/assay-sss_data.csv",other,dif_appearance_tuna,questionnaire,Questionnaire data
1990_sss_age_yogurt,assay-sss_data.csv,"C:/Users/kmill/The Pennsylvania State University/Rolls, Barbara Jean - currated_data/1990_sss_age_yogurt/data/assay-sss_data.csv",other,dif_appearance_cracker,questionnaire,Questionnaire data
1990_sss_age_yogurt,assay-sss_data.csv,"C:/Users/kmill/The Pennsylvania State University/Rolls, Barbara Jean - currated_data/1990_sss_age_yogurt/data/assay-sss_data.csv",other,dif_appearance_yogurt,questionnaire,Questionnaire data
1990_sss_age_yogurt,assay-sss_data.csv,"C:/Users/kmill/The Pennsylvania State University/Rolls, Barbara Jean - currated_data/1990_sss_age_yogurt/data/assay-sss_data.csv",other,dif_appearance_carrot,questionnaire,Questionnaire data
1990_sss_age_yogurt,assay-sss_data.csv,"C:/Users/kmill/The Pennsylvania State University/Rolls, Barbara Jean - currated_data/1990_sss_age_yogurt/data/assay-sss_data.csv",other,dif_appearance_pretzel,questionnaire,Questionnaire data
1990_sss_age_yogurt,assay-sss_data.csv,"C:/Users/kmill/The Pennsylvania State University/Rolls, Barbara Jean - currated_data/1990_sss_age_yogurt/data/assay-sss_data.csv",other,dif_appearance,questionnaire,Questionnaire data
1990_sss_age_yogurt,assay-sss_data.csv,"C:/Users/kmill/The Pennsylvania State University/Rolls, Barbara Jean - currated_data/1990_sss_age_yogurt/data/assay-sss_data.csv",other,dif_odor_tuna,questionnaire,Questionnaire data
1990_sss_age_yogurt,assay-sss_data.csv,"C:/Users/kmill/The Pennsylvania State University/Rolls, Barbara Jean - currated_data/1990_sss_age_yogurt/data/assay-sss_data.csv",other,dif_odor_cracker,questionnaire,Questionnaire data
1990_sss_age_yogurt,assay-sss_data.csv,"C:/Users/kmill/The Pennsylvania State University/Rolls, Barbara Jean - currated_data/1990_sss_age_yogurt/data/assay-sss_data.csv",other,dif_odor_yogurt,questionnaire,Questionnaire data
1990_sss_age_yogurt,assay-sss_data.csv,"C:/Users/kmill/The Pennsylvania State University/Rolls, Barbara Jean - currated_data/1990_sss_age_yogurt/data/assay-sss_data.csv",other,dif_odor_carrot,questionnaire,Questionnaire data
1990_sss_age_yogurt,assay-sss_data.csv,"C:/Users/kmill/The Pennsylvania State University/Rolls, Barbara Jean - currated_data/1990_sss_age_yogurt/data/assay-sss_data.csv",other,dif_odor_pretzel,questionnaire,Questionnaire data
1990_sss_age_yogurt,assay-sss_data.csv,"C:/Users/kmill/The Pennsylvania State University/Rolls, Barbara Jean - currated_data/1990_sss_age_yogurt/data/assay-sss_data.csv",other,dif_odor,questionnaire,Questionnaire data
1990_sss_age_yogurt,assay-sss_data.csv,"C:/Users/kmill/The Pennsylvania State University/Rolls, Barbara Jean - currated_data/1990_sss_age_yogurt/data/assay-sss_data.csv",other,dif_texture_tuna,questionnaire,Questionnaire data
1990_sss_age_yogurt,assay-sss_data.csv,"C:/Users/kmill/The Pennsylvania State University/Rolls, Barbara Jean - currated_data/1990_sss_age_yogurt/data/assay-sss_data.csv",other,dif_texture_cracker,questionnaire,Questionnaire data
1990_sss_age_yogurt,assay-sss_data.csv,"C:/Users/kmill/The Pennsylvania State University/Rolls, Barbara Jean - currated_data/1990_sss_age_yogurt/data/assay-sss_data.csv",other,dif_texture_yogurt,questionnaire,Questionnaire data
1990_sss_age_yogurt,assay-sss_data.csv,"C:/Users/kmill/The Pennsylvania State University/Rolls, Barbara Jean - currated_data/1990_sss_age_yogurt/data/assay-sss_data.csv",other,dif_texture_carrot,questionnaire,Questionnaire data
1990_sss_age_yogurt,assay-sss_data.csv,"C:/Users/kmill/The Pennsylvania State University/Rolls, Barbara Jean - currated_data/1990_sss_age_yogurt/data/assay-sss_data.csv",other,dif_texture_pretzel,questionnaire,Questionnaire data
1990_sss_age_yogurt,assay-sss_data.csv,"C:/Users/kmill/The Pennsylvania State University/Rolls, Barbara Jean - currated_data/1990_sss_age_yogurt/data/assay-sss_data.csv",other,dif_texture,questionnaire,Questionnaire data
1990_sss_age_yogurt,assay-sss_data.csv,"C:/Users/kmill/The Pennsylvania State University/Rolls, Barbara Jean - currated_data/1990_sss_age_yogurt/data/assay-sss_data.csv",other,dif_taste_tuna,questionnaire,Questionnaire data
1990_sss_age_yogurt,assay-sss_data.csv,"C:/Users/kmill/The Pennsylvania State University/Rolls, Barbara Jean - currated_data/1990_sss_age_yogurt/data/assay-sss_data.csv",other,dif_taste_cracker,questionnaire,Questionnaire data
1990_sss_age_yogurt,assay-sss_data.csv,"C:/Users/kmill/The Pennsylvania State University/Rolls, Barbara Jean - currated_data/1990_sss_age_yogurt/data/assay-sss_data.csv",other,dif_taste_yogurt,questionnaire,Questionnaire data
1990_sss_age_yogurt,assay-sss_data.csv,"C:/Users/kmill/The Pennsylvania State University/Rolls, Barbara Jean - currated_data/1990_sss_age_yogurt/data/assay-sss_data.csv",other,dif_taste_carrot,questionnaire,Questionnaire data
1990_sss_age_yogurt,assay-sss_data.csv,"C:/Users/kmill/The Pennsylvania State University/Rolls, Barbara Jean - currated_data/1990_sss_age_yogurt/data/assay-sss_data.csv",other,dif_taste_pretzel,questionnaire,Questionnaire data
1990_sss_age_yogurt,assay-sss_data.csv,"C:/Users/kmill/The Pennsylvania State University/Rolls, Barbara Jean - currated_data/1990_sss_age_yogurt/data/assay-sss_data.csv",other,dif_taste,questionnaire,Questionnaire data
1990_sss_age_yogurt,assay-sss_data.csv,"C:/Users/kmill/The Pennsylvania State University/Rolls, Barbara Jean - currated_data/1990_sss_age_yogurt/data/assay-sss_data.csv",other,dif_desire_tuna,questionnaire,Questionnaire data
1990_sss_age_yogurt,assay-sss_data.csv,"C:/Users/kmill/The Pennsylvania State University/Rolls, Barbara Jean - currated_data/1990_sss_age_yogurt/data/assay-sss_data.csv",other,dif_desire_cracker,questionnaire,Questionnaire data
1990_sss_age_yogurt,assay-sss_data.csv,"C:/Users/kmill/The Pennsylvania State University/Rolls, Barbara Jean - currated_data/1990_sss_age_yogurt/data/assay-sss_data.csv",other,dif_desire_yogurt,questionnaire,Questionnaire data
1990_sss_age_yogurt,assay-sss_data.csv,"C:/Users/kmill/The Pennsylvania State University/Rolls, Barbara Jean - currated_data/1990_sss_age_yogurt/data/assay-sss_data.csv",other,dif_desire_carrot,questionnaire,Questionnaire data
1990_sss_age_yogurt,assay-sss_data.csv,"C:/Users/kmill/The Pennsylvania State University/Rolls, Barbara Jean - currated_data/1990_sss_age_yogurt/data/assay-sss_data.csv",other,dif_desire_pretzel,questionnaire,Questionnaire data
1990_sss_age_yogurt,assay-sss_data.csv,"C:/Users/kmill/The Pennsylvania State University/Rolls, Barbara Jean - currated_data/1990_sss_age_yogurt/data/assay-sss_data.csv",other,dif_desire,questionnaire,Questionnaire data
1990_sss_age_yogurt,assay-sss_data.csv,"C:/Users/kmill/The Pennsylvania State University/Rolls, Barbara Jean - currated_data/1990_sss_age_yogurt/data/assay-sss_data.csv",other,uneat_appearance,questionnaire,Questionnaire data
1990_sss_age_yogurt,assay-sss_data.csv,"C:/Users/kmill/The Pennsylvania State University/Rolls, Barbara Jean - currated_data/1990_sss_age_yogurt/data/assay-sss_data.csv",other,uneat_odor,questionnaire,Questionnaire data
1990_sss_age_yogurt,assay-sss_data.csv,"C:/Users/kmill/The Pennsylvania State University/Rolls, Barbara Jean - currated_data/1990_sss_age_yogurt/data/assay-sss_data.csv",other,uneat_texture,questionnaire,Questionnaire data
1990_sss_age_yogurt,assay-sss_data.csv,"C:/Users/kmill/The Pennsylvania State University/Rolls, Barbara Jean - currated_data/1990_sss_age_yogurt/data/assay-sss_data.csv",other,uneat_taste,questionnaire,Questionnaire data
1990_sss_age_yogurt,assay-sss_data.csv,"C:/Users/kmill/The Pennsylvania State University/Rolls, Barbara Jean - currated_data/1990_sss_age_yogurt/data/assay-sss_data.csv",other,uneat_desire,questionnaire,Questionnaire data
1991_eatdis,assay-questionnaire_data.csv,"C:/Users/kmill/The Pennsylvania State University/Rolls, Barbara Jean - currated_data/1991_eatdis/data/assay-questionnaire_data.csv",questionnaire,timepoint,questionnaire,Questionnaire data
1991_eatdis,assay-questionnaire_data.csv,"C:/Users/kmill/The Pennsylvania State University/Rolls, Barbara Jean - currated_data/1991_eatdis/data/assay-questionnaire_data.csv",questionnaire,edi_thinness,questionnaire,Questionnaire data
1991_eatdis,assay-questionnaire_data.csv,"C:/Users/kmill/The Pennsylvania State University/Rolls, Barbara Jean - currated_data/1991_eatdis/data/assay-questionnaire_data.csv",questionnaire,edi_bulimia,questionnaire,Questionnaire data
1991_eatdis,assay-questionnaire_data.csv,"C:/Users/kmill/The Pennsylvania State University/Rolls, Barbara Jean - currated_data/1991_eatdis/data/assay-questionnaire_data.csv",questionnaire,edi_body_dissat,questionnaire,Questionnaire data
1991_eatdis,assay-questionnaire_data.csv,"C:/Users/kmill/The Pennsylvania State University/Rolls, Barbara Jean - currated_data/1991_eatdis/data/assay-questionnaire_data.csv",questionnaire,edi_ineffectiveness,questionnaire,Questionnaire data
1991_eatdis,assay-questionnaire_data.csv,"C:/Users/kmill/The Pennsylvania State University/Rolls, Barbara Jean - currated_data/1991_eatdis/data/assay-questionnaire_data.csv",questionnaire,edi_perfectionism,questionnaire,Questionnaire data
1991_eatdis,assay-questionnaire_data.csv,"C:/Users/kmill/The Pennsylvania State University/Rolls, Barbara Jean - currated_data/1991_eatdis/data/assay-questionnaire_data.csv",questionnaire,edi_distrust,questionnaire,Questionnaire data
1991_eatdis,assay-questionnaire_data.csv,"C:/Users/kmill/The Pennsylvania State University/Rolls, Barbara Jean - currated_data/1991_eatdis/data/assay-questionnaire_data.csv",questionnaire,edi_intero_aware,questionnaire,Questionnaire data
1991_eatdis,assay-questionnaire_data.csv,"C:/Users/kmill/The Pennsylvania State University/Rolls, Barbara Jean - currated_data/1991_eatdis/data/assay-questionnaire_data.csv",questionnaire,edi_mature_fears,questionnaire,Questionnaire data
1991_eatdis,assay-questionnaire_data.csv,"C:/Users/kmill/The Pennsylvania State University/Rolls, Barbara Jean - currated_data/1991_eatdis/data/assay-questionnaire_data.csv",questionnaire,ei_cog_restraint,questionnaire,Questionnaire data
1991_eatdis,assay-questionnaire_data.csv,"C:/Users/kmill/The Pennsylvania State University/Rolls, Barbara Jean - currated_data/1991_eatdis/data/assay-questionnaire_data.csv",questionnaire,ei_disinhibit,questionnaire,Questionnaire data
1991_eatdis,assay-questionnaire_data.csv,"C:/Users/kmill/The Pennsylvania State University/Rolls, Barbara Jean - currated_data/1991_eatdis/data/assay-questionnaire_data.csv",questionnaire,ei_hunger,questionnaire,Questionnaire data
1991_eatdis,assay-questionnaire_data.csv,"C:/Users/kmill/The Pennsylvania State University/Rolls, Barbara Jean - currated_data/1991_eatdis/data/assay-questionnaire_data.csv",questionnaire,edi,questionnaire,Questionnaire data
1991_eatdis,assay-questionnaire_data.csv,"C:/Users/kmill/The Pennsylvania State University/Rolls, Barbara Jean - currated_data/1991_eatdis/data/assay-questionnaire_data.csv",questionnaire,eat,questionnaire,Questionnaire data
1991_eatdis,study-cafeteria_assay-intake_data.csv,"C:/Users/kmill/The Pennsylvania State University/Rolls, Barbara Jean - currated_data/1991_eatdis/data/study-cafeteria_assay-intake_data.csv",intake,hunger_pre,questionnaire,Questionnaire data
1991_eatdis,study-cafeteria_assay-intake_data.csv,"C:/Users/kmill/The Pennsylvania State University/Rolls, Barbara Jean - currated_data/1991_eatdis/data/study-cafeteria_assay-intake_data.csv",intake,desire_pre,questionnaire,Questionnaire data
1991_eatdis,study-cafeteria_assay-intake_data.csv,"C:/Users/kmill/The Pennsylvania State University/Rolls, Barbara Jean - currated_data/1991_eatdis/data/study-cafeteria_assay-intake_data.csv",intake,fullness_pre,questionnaire,Questionnaire data
1991_eatdis,study-cafeteria_assay-intake_data.csv,"C:/Users/kmill/The Pennsylvania State University/Rolls, Barbara Jean - currated_data/1991_eatdis/data/study-cafeteria_assay-intake_data.csv",intake,fear_fat_pre,questionnaire,Questionnaire data
1991_eatdis,study-cafeteria_assay-intake_data.csv,"C:/Users/kmill/The Pennsylvania State University/Rolls, Barbara Jean - currated_data/1991_eatdis/data/study-cafeteria_assay-intake_data.csv",intake,binge_desire_pre,questionnaire,Questionnaire data
1991_eatdis,study-cafeteria_assay-intake_data.csv,"C:/Users/kmill/The Pennsylvania State University/Rolls, Barbara Jean - currated_data/1991_eatdis/data/study-cafeteria_assay-intake_data.csv",intake,purge_desire_pre,questionnaire,Questionnaire data
1991_eatdis,study-cafeteria_assay-intake_data.csv,"C:/Users/kmill/The Pennsylvania State University/Rolls, Barbara Jean - currated_data/1991_eatdis/data/study-cafeteria_assay-intake_data.csv",intake,total_kcal,intake,Intake variables
1991_eatdis,study-cafeteria_assay-intake_data.csv,"C:/Users/kmill/The Pennsylvania State University/Rolls, Barbara Jean - currated_data/1991_eatdis/data/study-cafeteria_assay-intake_data.csv",intake,total_g,intake,Intake variables
1991_eatdis,study-cafeteria_assay-intake_data.csv,"C:/Users/kmill/The Pennsylvania State University/Rolls, Barbara Jean - currated_data/1991_eatdis/data/study-cafeteria_assay-intake_data.csv",intake,perc_cal_cho,macronutrient,Macronutrient data
1991_eatdis,study-cafeteria_assay-intake_data.csv,"C:/Users/kmill/The Pennsylvania State University/Rolls, Barbara Jean - currated_data/1991_eatdis/data/study-cafeteria_assay-intake_data.csv",intake,g_cho,macronutrient,Macronutrient data
1991_eatdis,study-cafeteria_assay-intake_data.csv,"C:/Users/kmill/The Pennsylvania State University/Rolls, Barbara Jean - currated_data/1991_eatdis/data/study-cafeteria_assay-intake_data.csv",intake,perc_cal_pro,macronutrient,Macronutrient data
1991_eatdis,study-cafeteria_assay-intake_data.csv,"C:/Users/kmill/The Pennsylvania State University/Rolls, Barbara Jean - currated_data/1991_eatdis/data/study-cafeteria_assay-intake_data.csv",intake,g_pro,macronutrient,Macronutrient data
1991_eatdis,study-cafeteria_assay-intake_data.csv,"C:/Users/kmill/The Pennsylvania State University/Rolls, Barbara Jean - currated_data/1991_eatdis/data/study-cafeteria_assay-intake_data.csv",intake,perc_cal_fat,macronutrient,Macronutrient data
1991_eatdis,study-cafeteria_assay-intake_data.csv,"C:/Users/kmill/The Pennsylvania State University/Rolls, Barbara Jean - currated_data/1991_eatdis/data/study-cafeteria_assay-intake_data.csv",intake,g_fat,macronutrient,Macronutrient data
1991_eatdis,study-cafeteria_assay-intake_data.csv,"C:/Users/kmill/The Pennsylvania State University/Rolls, Barbara Jean - currated_data/1991_eatdis/data/study-cafeteria_assay-intake_data.csv",intake,hunger_post,questionnaire,Questionnaire data
1991_eatdis,study-cafeteria_assay-intake_data.csv,"C:/Users/kmill/The Pennsylvania State University/Rolls, Barbara Jean - currated_data/1991_eatdis/data/study-cafeteria_assay-intake_data.csv",intake,desire_post,questionnaire,Questionnaire data
1991_eatdis,study-cafeteria_assay-intake_data.csv,"C:/Users/kmill/The Pennsylvania State University/Rolls, Barbara Jean - currated_data/1991_eatdis/data/study-cafeteria_assay-intake_data.csv",intake,fullness_post,questionnaire,Questionnaire data
1991_eatdis,study-cafeteria_assay-intake_data.csv,"C:/Users/kmill/The Pennsylvania State University/Rolls, Barbara Jean - currated_data/1991_eatdis/data/study-cafeteria_assay-intake_data.csv",intake,fear_fat_post,questionnaire,Questionnaire data
1991_eatdis,study-cafeteria_assay-intake_data.csv,"C:/Users/kmill/The Pennsylvania State University/Rolls, Barbara Jean - currated_data/1991_eatdis/data/study-cafeteria_assay-intake_data.csv",intake,binge_desire_post,questionnaire,Questionnaire data
1991_eatdis,study-cafeteria_assay-intake_data.csv,"C:/Users/kmill/The Pennsylvania State University/Rolls, Barbara Jean - currated_data/1991_eatdis/data/study-cafeteria_assay-intake_data.csv",intake,purge_desire_post,questionnaire,Questionnaire data
1991_eatdis,study-cafeteria_assay-intake_data.csv,"C:/Users/kmill/The Pennsylvania State University/Rolls, Barbara Jean - currated_data/1991_eatdis/data/study-cafeteria_assay-intake_data.csv",intake,hunger_dif,questionnaire,Questionnaire data
1991_eatdis,study-cafeteria_assay-intake_data.csv,"C:/Users/kmill/The Pennsylvania State University/Rolls, Barbara Jean - currated_data/1991_eatdis/data/study-cafeteria_assay-intake_data.csv",intake,fullness_dif,questionnaire,Questionnaire data
1991_eatdis,study-cafeteria_assay-intake_data.csv,"C:/Users/kmill/The Pennsylvania State University/Rolls, Barbara Jean - currated_data/1991_eatdis/data/study-cafeteria_assay-intake_data.csv",intake,desire_dif,questionnaire,Questionnaire data
1991_eatdis,study-cafeteria_assay-intake_data.csv,"C:/Users/kmill/The Pennsylvania State University/Rolls, Barbara Jean - currated_data/1991_eatdis/data/study-cafeteria_assay-intake_data.csv",intake,fear_fat_dif,questionnaire,Questionnaire data
1991_eatdis,study-cafeteria_assay-intake_data.csv,"C:/Users/kmill/The Pennsylvania State University/Rolls, Barbara Jean - currated_data/1991_eatdis/data/study-cafeteria_assay-intake_data.csv",intake,binge_desire_dif,questionnaire,Questionnaire data
1991_eatdis,study-cafeteria_assay-intake_data.csv,"C:/Users/kmill/The Pennsylvania State University/Rolls, Barbara Jean - currated_data/1991_eatdis/data/study-cafeteria_assay-intake_data.csv",intake,purge_desire_dif,questionnaire,Questionnaire data
1991_eatdis,study-cafeteria_calc-timedif_data.csv,"C:/Users/kmill/The Pennsylvania State University/Rolls, Barbara Jean - currated_data/1991_eatdis/data/study-cafeteria_calc-timedif_data.csv",timing,g_fat_tdif,macronutrient,Macronutrient data
1991_eatdis,study-cafeteria_calc-timedif_data.csv,"C:/Users/kmill/The Pennsylvania State University/Rolls, Barbara Jean - currated_data/1991_eatdis/data/study-cafeteria_calc-timedif_data.csv",timing,p_fat_tdif,macronutrient,Macronutrient data
1991_eatdis,study-cafeteria_calc-timedif_data.csv,"C:/Users/kmill/The Pennsylvania State University/Rolls, Barbara Jean - currated_data/1991_eatdis/data/study-cafeteria_calc-timedif_data.csv",timing,g_cho_tdif,macronutrient,Macronutrient data
1991_eatdis,study-cafeteria_calc-timedif_data.csv,"C:/Users/kmill/The Pennsylvania State University/Rolls, Barbara Jean - currated_data/1991_eatdis/data/study-cafeteria_calc-timedif_data.csv",timing,p_cho_tdif,macronutrient,Macronutrient data
1991_eatdis,study-cafeteria_calc-timedif_data.csv,"C:/Users/kmill/The Pennsylvania State University/Rolls, Barbara Jean - currated_data/1991_eatdis/data/study-cafeteria_calc-timedif_data.csv",timing,g_pro_tdif,macronutrient,Macronutrient data
1991_eatdis,study-cafeteria_calc-timedif_data.csv,"C:/Users/kmill/The Pennsylvania State University/Rolls, Barbara Jean - currated_data/1991_eatdis/data/study-cafeteria_calc-timedif_data.csv",timing,p_pro_tdif,macronutrient,Macronutrient data
1991_eatdis,study-cafeteria_calc-timedif_data.csv,"C:/Users/kmill/The Pennsylvania State University/Rolls, Barbara Jean - currated_data/1991_eatdis/data/study-cafeteria_calc-timedif_data.csv",timing,more_g_fat,macronutrient,Macronutrient data
1991_eatdis,study-cafeteria_calc-timedif_data.csv,"C:/Users/kmill/The Pennsylvania State University/Rolls, Barbara Jean - currated_data/1991_eatdis/data/study-cafeteria_calc-timedif_data.csv",timing,more_p_fat,macronutrient,Macronutrient data
1991_eatdis,study-cafeteria_calc-timedif_data.csv,"C:/Users/kmill/The Pennsylvania State University/Rolls, Barbara Jean - currated_data/1991_eatdis/data/study-cafeteria_calc-timedif_data.csv",timing,more_g_cho,macronutrient,Macronutrient data
1991_eatdis,study-cafeteria_calc-timedif_data.csv,"C:/Users/kmill/The Pennsylvania State University/Rolls, Barbara Jean - currated_data/1991_eatdis/data/study-cafeteria_calc-timedif_data.csv",timing,more_p_cho,macronutrient,Macronutrient data
1991_eatdis,study-cafeteria_calc-timedif_data.csv,"C:/Users/kmill/The Pennsylvania State University/Rolls, Barbara Jean - currated_data/1991_eatdis/data/study-cafeteria_calc-timedif_data.csv",timing,more_g_pro,macronutrient,Macronutrient data
1991_eatdis,study-cafeteria_calc-timedif_data.csv,"C:/Users/kmill/The Pennsylvania State University/Rolls, Barbara Jean - currated_data/1991_eatdis/data/study-cafeteria_calc-timedif_data.csv",timing,more_p_pro,macronutrient,Macronutrient data
1991_eatdis,study-foodpref_calc-foodinfo_data.csv,"C:/Users/kmill/The Pennsylvania State University/Rolls, Barbara Jean - currated_data/1991_eatdis/data/study-foodpref_calc-foodinfo_data.csv",other,low_cho,macronutrient,Macronutrient data
1991_eatdis,study-foodpref_calc-foodinfo_data.csv,"C:/Users/kmill/The Pennsylvania State University/Rolls, Barbara Jean - currated_data/1991_eatdis/data/study-foodpref_calc-foodinfo_data.csv",other,high_cho,macronutrient,Macronutrient data
1991_eatdis,study-foodpref_calc-foodinfo_data.csv,"C:/Users/kmill/The Pennsylvania State University/Rolls, Barbara Jean - currated_data/1991_eatdis/data/study-foodpref_calc-foodinfo_data.csv",other,low_fat,macronutrient,Macronutrient data
1991_eatdis,study-foodpref_calc-foodinfo_data.csv,"C:/Users/kmill/The Pennsylvania State University/Rolls, Barbara Jean - currated_data/1991_eatdis/data/study-foodpref_calc-foodinfo_data.csv",other,high_fat,macronutrient,Macronutrient data
1991_eatdis,study-foodpref_calc-preference_data.csv,"C:/Users/kmill/The Pennsylvania State University/Rolls, Barbara Jean - currated_data/1991_eatdis/data/study-foodpref_calc-preference_data.csv",other,low_cho_like,macronutrient,Macronutrient data
1991_eatdis,study-foodpref_calc-preference_data.csv,"C:/Users/kmill/The Pennsylvania State University/Rolls, Barbara Jean - currated_data/1991_eatdis/data/study-foodpref_calc-preference_data.csv",other,low_cho_eat,macronutrient,Macronutrient data
1991_eatdis,study-foodpref_calc-preference_data.csv,"C:/Users/kmill/The Pennsylvania State University/Rolls, Barbara Jean - currated_data/1991_eatdis/data/study-foodpref_calc-preference_data.csv",other,high_cho_like,macronutrient,Macronutrient data
1991_eatdis,study-foodpref_calc-preference_data.csv,"C:/Users/kmill/The Pennsylvania State University/Rolls, Barbara Jean - currated_data/1991_eatdis/data/study-foodpref_calc-preference_data.csv",other,high_cho_eat,macronutrient,Macronutrient data
1991_eatdis,study-foodpref_calc-preference_data.csv,"C:/Users/kmill/The Pennsylvania State University/Rolls, Barbara Jean - currated_data/1991_eatdis/data/study-foodpref_calc-preference_data.csv",other,low_fat_like,macronutrient,Macronutrient data
1991_eatdis,study-foodpref_calc-preference_data.csv,"C:/Users/kmill/The Pennsylvania State University/Rolls, Barbara Jean - currated_data/1991_eatdis/data/study-foodpref_calc-preference_data.csv",other,low_fat_eat,macronutrient,Macronutrient data
1991_eatdis,study-foodpref_calc-preference_data.csv,"C:/Users/kmill/The Pennsylvania State University/Rolls, Barbara Jean - currated_data/1991_eatdis/data/study-foodpref_calc-preference_data.csv",other,high_fat_like,macronutrient,Macronutrient data
1991_eatdis,study-foodpref_calc-preference_data.csv,"C:/Users/kmill/The Pennsylvania State University/Rolls, Barbara Jean - currated_data/1991_eatdis/data/study-foodpref_calc-preference_data.csv",other,high_fat_eat,macronutrient,Macronutrient data
1991_eatdis,study-smell_data.csv,"C:/Users/kmill/The Pennsylvania State University/Rolls, Barbara Jean - currated_data/1991_eatdis/data/study-smell_data.csv",other,odor_threshold,questionnaire,Questionnaire data
1991_eatdis_hourly,assay-vas_data.csv,"C:/Users/kmill/The Pennsylvania State University/Rolls, Barbara Jean - currated_data/1991_eatdis_hourly/data/assay-vas_data.csv",other,hunger_breakfast_pre,questionnaire,Questionnaire data
1991_eatdis_hourly,assay-vas_data.csv,"C:/Users/kmill/The Pennsylvania State University/Rolls, Barbara Jean - currated_data/1991_eatdis_hourly/data/assay-vas_data.csv",other,fullness_breakfast_pre,questionnaire,Questionnaire data
1991_eatdis_hourly,assay-vas_data.csv,"C:/Users/kmill/The Pennsylvania State University/Rolls, Barbara Jean - currated_data/1991_eatdis_hourly/data/assay-vas_data.csv",other,fear_fat_breakfast_pre,questionnaire,Questionnaire data
1991_eatdis_hourly,assay-vas_data.csv,"C:/Users/kmill/The Pennsylvania State University/Rolls, Barbara Jean - currated_data/1991_eatdis_hourly/data/assay-vas_data.csv",other,binge_desire_breakfast_pre,questionnaire,Questionnaire data
1991_eatdis_hourly,assay-vas_data.csv,"C:/Users/kmill/The Pennsylvania State University/Rolls, Barbara Jean - currated_data/1991_eatdis_hourly/data/assay-vas_data.csv",other,purge_desire_breakfast_pre,questionnaire,Questionnaire data
1991_eatdis_hourly,assay-vas_data.csv,"C:/Users/kmill/The Pennsylvania State University/Rolls, Barbara Jean - currated_data/1991_eatdis_hourly/data/assay-vas_data.csv",other,hunger_breakfast_post,questionnaire,Questionnaire data
1991_eatdis_hourly,assay-vas_data.csv,"C:/Users/kmill/The Pennsylvania State University/Rolls, Barbara Jean - currated_data/1991_eatdis_hourly/data/assay-vas_data.csv",other,fullness_breakfast_post,questionnaire,Questionnaire data
1991_eatdis_hourly,assay-vas_data.csv,"C:/Users/kmill/The Pennsylvania State University/Rolls, Barbara Jean - currated_data/1991_eatdis_hourly/data/assay-vas_data.csv",other,fear_fat_breakfast_post,questionnaire,Questionnaire data
1991_eatdis_hourly,assay-vas_data.csv,"C:/Users/kmill/The Pennsylvania State University/Rolls, Barbara Jean - currated_data/1991_eatdis_hourly/data/assay-vas_data.csv",other,binge_desire_breakfast_post,questionnaire,Questionnaire data
1991_eatdis_hourly,assay-vas_data.csv,"C:/Users/kmill/The Pennsylvania State University/Rolls, Barbara Jean - currated_data/1991_eatdis_hourly/data/assay-vas_data.csv",other,purge_desire_breakfast_post,questionnaire,Questionnaire data
1991_eatdis_hourly,assay-vas_data.csv,"C:/Users/kmill/The Pennsylvania State University/Rolls, Barbara Jean - currated_data/1991_eatdis_hourly/data/assay-vas_data.csv",other,hunger_9am,questionnaire,Questionnaire data
1991_eatdis_hourly,assay-vas_data.csv,"C:/Users/kmill/The Pennsylvania State University/Rolls, Barbara Jean - currated_data/1991_eatdis_hourly/data/assay-vas_data.csv",other,fullness_9am,questionnaire,Questionnaire data
1991_eatdis_hourly,assay-vas_data.csv,"C:/Users/kmill/The Pennsylvania State University/Rolls, Barbara Jean - currated_data/1991_eatdis_hourly/data/assay-vas_data.csv",other,fear_fat_9am,questionnaire,Questionnaire data
1991_eatdis_hourly,assay-vas_data.csv,"C:/Users/kmill/The Pennsylvania State University/Rolls, Barbara Jean - currated_data/1991_eatdis_hourly/data/assay-vas_data.csv",other,binge_desire_9am,questionnaire,Questionnaire data
1991_eatdis_hourly,assay-vas_data.csv,"C:/Users/kmill/The Pennsylvania State University/Rolls, Barbara Jean - currated_data/1991_eatdis_hourly/data/assay-vas_data.csv",other,purge_desire_9am,questionnaire,Questionnaire data
1991_eatdis_hourly,assay-vas_data.csv,"C:/Users/kmill/The Pennsylvania State University/Rolls, Barbara Jean - currated_data/1991_eatdis_hourly/data/assay-vas_data.csv",other,hunger_10am,questionnaire,Questionnaire data
1991_eatdis_hourly,assay-vas_data.csv,"C:/Users/kmill/The Pennsylvania State University/Rolls, Barbara Jean - currated_data/1991_eatdis_hourly/data/assay-vas_data.csv",other,fullness_10am,questionnaire,Questionnaire data
1991_eatdis_hourly,assay-vas_data.csv,"C:/Users/kmill/The Pennsylvania State University/Rolls, Barbara Jean - currated_data/1991_eatdis_hourly/data/assay-vas_data.csv",other,fear_fat_10am,questionnaire,Questionnaire data
1991_eatdis_hourly,assay-vas_data.csv,"C:/Users/kmill/The Pennsylvania State University/Rolls, Barbara Jean - currated_data/1991_eatdis_hourly/data/assay-vas_data.csv",other,binge_desire_10am,questionnaire,Questionnaire data
1991_eatdis_hourly,assay-vas_data.csv,"C:/Users/kmill/The Pennsylvania State University/Rolls, Barbara Jean - currated_data/1991_eatdis_hourly/data/assay-vas_data.csv",other,purge_desire_10am,questionnaire,Questionnaire data
1991_eatdis_hourly,assay-vas_data.csv,"C:/Users/kmill/The Pennsylvania State University/Rolls, Barbara Jean - currated_data/1991_eatdis_hourly/data/assay-vas_data.csv",other,hunger_11am,questionnaire,Questionnaire data
1991_eatdis_hourly,assay-vas_data.csv,"C:/Users/kmill/The Pennsylvania State University/Rolls, Barbara Jean - currated_data/1991_eatdis_hourly/data/assay-vas_data.csv",other,fullness_11am,questionnaire,Questionnaire data
1991_eatdis_hourly,assay-vas_data.csv,"C:/Users/kmill/The Pennsylvania State University/Rolls, Barbara Jean - currated_data/1991_eatdis_hourly/data/assay-vas_data.csv",other,fear_fat_11am,questionnaire,Questionnaire data
1991_eatdis_hourly,assay-vas_data.csv,"C:/Users/kmill/The Pennsylvania State University/Rolls, Barbara Jean - currated_data/1991_eatdis_hourly/data/assay-vas_data.csv",other,binge_desire_11am,questionnaire,Questionnaire data
1991_eatdis_hourly,assay-vas_data.csv,"C:/Users/kmill/The Pennsylvania State University/Rolls, Barbara Jean - currated_data/1991_eatdis_hourly/data/assay-vas_data.csv",other,purge_desire_11am,questionnaire,Questionnaire data
1991_eatdis_hourly,assay-vas_data.csv,"C:/Users/kmill/The Pennsylvania State University/Rolls, Barbara Jean - currated_data/1991_eatdis_hourly/data/assay-vas_data.csv",other,hunger_lunch_pre,questionnaire,Questionnaire data
1991_eatdis_hourly,assay-vas_data.csv,"C:/Users/kmill/The Pennsylvania State University/Rolls, Barbara Jean - currated_data/1991_eatdis_hourly/data/assay-vas_data.csv",other,fullness_lunch_pre,questionnaire,Questionnaire data
1991_eatdis_hourly,assay-vas_data.csv,"C:/Users/kmill/The Pennsylvania State University/Rolls, Barbara Jean - currated_data/1991_eatdis_hourly/data/assay-vas_data.csv",other,fear_fat_lunch_pre,questionnaire,Questionnaire data
1991_eatdis_hourly,assay-vas_data.csv,"C:/Users/kmill/The Pennsylvania State University/Rolls, Barbara Jean - currated_data/1991_eatdis_hourly/data/assay-vas_data.csv",other,binge_desire_lunch_pre,questionnaire,Questionnaire data
1991_eatdis_hourly,assay-vas_data.csv,"C:/Users/kmill/The Pennsylvania State University/Rolls, Barbara Jean - currated_data/1991_eatdis_hourly/data/assay-vas_data.csv",other,purge_desire_lunch_pre,questionnaire,Questionnaire data
1991_eatdis_hourly,assay-vas_data.csv,"C:/Users/kmill/The Pennsylvania State University/Rolls, Barbara Jean - currated_data/1991_eatdis_hourly/data/assay-vas_data.csv",other,hunger_lunch_post,questionnaire,Questionnaire data
1991_eatdis_hourly,assay-vas_data.csv,"C:/Users/kmill/The Pennsylvania State University/Rolls, Barbara Jean - currated_data/1991_eatdis_hourly/data/assay-vas_data.csv",other,fullness_lunch_post,questionnaire,Questionnaire data
1991_eatdis_hourly,assay-vas_data.csv,"C:/Users/kmill/The Pennsylvania State University/Rolls, Barbara Jean - currated_data/1991_eatdis_hourly/data/assay-vas_data.csv",other,fear_fat_lunch_post,questionnaire,Questionnaire data
1991_eatdis_hourly,assay-vas_data.csv,"C:/Users/kmill/The Pennsylvania State University/Rolls, Barbara Jean - currated_data/1991_eatdis_hourly/data/assay-vas_data.csv",other,binge_desire_lunch_post,questionnaire,Questionnaire data
1991_eatdis_hourly,assay-vas_data.csv,"C:/Users/kmill/The Pennsylvania State University/Rolls, Barbara Jean - currated_data/1991_eatdis_hourly/data/assay-vas_data.csv",other,purge_desire_lunch_post,questionnaire,Questionnaire data
1991_eatdis_hourly,assay-vas_data.csv,"C:/Users/kmill/The Pennsylvania State University/Rolls, Barbara Jean - currated_data/1991_eatdis_hourly/data/assay-vas_data.csv",other,hunger_1pm,questionnaire,Questionnaire data
1991_eatdis_hourly,assay-vas_data.csv,"C:/Users/kmill/The Pennsylvania State University/Rolls, Barbara Jean - currated_data/1991_eatdis_hourly/data/assay-vas_data.csv",other,fullness_1pm,questionnaire,Questionnaire data
1991_eatdis_hourly,assay-vas_data.csv,"C:/Users/kmill/The Pennsylvania State University/Rolls, Barbara Jean - currated_data/1991_eatdis_hourly/data/assay-vas_data.csv",other,fear_fat_1pm,questionnaire,Questionnaire data
1991_eatdis_hourly,assay-vas_data.csv,"C:/Users/kmill/The Pennsylvania State University/Rolls, Barbara Jean - currated_data/1991_eatdis_hourly/data/assay-vas_data.csv",other,binge_desire_1pm,questionnaire,Questionnaire data
1991_eatdis_hourly,assay-vas_data.csv,"C:/Users/kmill/The Pennsylvania State University/Rolls, Barbara Jean - currated_data/1991_eatdis_hourly/data/assay-vas_data.csv",other,purge_desire_1pm,questionnaire,Questionnaire data
1991_eatdis_hourly,assay-vas_data.csv,"C:/Users/kmill/The Pennsylvania State University/Rolls, Barbara Jean - currated_data/1991_eatdis_hourly/data/assay-vas_data.csv",other,hunger_2pm,questionnaire,Questionnaire data
1991_eatdis_hourly,assay-vas_data.csv,"C:/Users/kmill/The Pennsylvania State University/Rolls, Barbara Jean - currated_data/1991_eatdis_hourly/data/assay-vas_data.csv",other,fullness_2pm,questionnaire,Questionnaire data
1991_eatdis_hourly,assay-vas_data.csv,"C:/Users/kmill/The Pennsylvania State University/Rolls, Barbara Jean - currated_data/1991_eatdis_hourly/data/assay-vas_data.csv",other,fear_fat_2pm,questionnaire,Questionnaire data
1991_eatdis_hourly,assay-vas_data.csv,"C:/Users/kmill/The Pennsylvania State University/Rolls, Barbara Jean - currated_data/1991_eatdis_hourly/data/assay-vas_data.csv",other,binge_desire_2pm,questionnaire,Questionnaire data
1991_eatdis_hourly,assay-vas_data.csv,"C:/Users/kmill/The Pennsylvania State University/Rolls, Barbara Jean - currated_data/1991_eatdis_hourly/data/assay-vas_data.csv",other,purge_desire_2pm,questionnaire,Questionnaire data
1991_eatdis_hourly,assay-vas_data.csv,"C:/Users/kmill/The Pennsylvania State University/Rolls, Barbara Jean - currated_data/1991_eatdis_hourly/data/assay-vas_data.csv",other,hunger_3pm,questionnaire,Questionnaire data
1991_eatdis_hourly,assay-vas_data.csv,"C:/Users/kmill/The Pennsylvania State University/Rolls, Barbara Jean - currated_data/1991_eatdis_hourly/data/assay-vas_data.csv",other,fullness_3pm,questionnaire,Questionnaire data
1991_eatdis_hourly,assay-vas_data.csv,"C:/Users/kmill/The Pennsylvania State University/Rolls, Barbara Jean - currated_data/1991_eatdis_hourly/data/assay-vas_data.csv",other,fear_fat_3pm,questionnaire,Questionnaire data
1991_eatdis_hourly,assay-vas_data.csv,"C:/Users/kmill/The Pennsylvania State University/Rolls, Barbara Jean - currated_data/1991_eatdis_hourly/data/assay-vas_data.csv",other,binge_desire_3pm,questionnaire,Questionnaire data
1991_eatdis_hourly,assay-vas_data.csv,"C:/Users/kmill/The Pennsylvania State University/Rolls, Barbara Jean - currated_data/1991_eatdis_hourly/data/assay-vas_data.csv",other,purge_desire_3pm,questionnaire,Questionnaire data
1991_eatdis_hourly,assay-vas_data.csv,"C:/Users/kmill/The Pennsylvania State University/Rolls, Barbara Jean - currated_data/1991_eatdis_hourly/data/assay-vas_data.csv",other,hunger_4pm,questionnaire,Questionnaire data
1991_eatdis_hourly,assay-vas_data.csv,"C:/Users/kmill/The Pennsylvania State University/Rolls, Barbara Jean - currated_data/1991_eatdis_hourly/data/assay-vas_data.csv",other,fullness_4pm,questionnaire,Questionnaire data
1991_eatdis_hourly,assay-vas_data.csv,"C:/Users/kmill/The Pennsylvania State University/Rolls, Barbara Jean - currated_data/1991_eatdis_hourly/data/assay-vas_data.csv",other,fear_fat_4pm,questionnaire,Questionnaire data
1991_eatdis_hourly,assay-vas_data.csv,"C:/Users/kmill/The Pennsylvania State University/Rolls, Barbara Jean - currated_data/1991_eatdis_hourly/data/assay-vas_data.csv",other,binge_desire_4pm,questionnaire,Questionnaire data
1991_eatdis_hourly,assay-vas_data.csv,"C:/Users/kmill/The Pennsylvania State University/Rolls, Barbara Jean - currated_data/1991_eatdis_hourly/data/assay-vas_data.csv",other,purge_desire_4pm,questionnaire,Questionnaire data
1991_eatdis_hourly,assay-vas_data.csv,"C:/Users/kmill/The Pennsylvania State University/Rolls, Barbara Jean - currated_data/1991_eatdis_hourly/data/assay-vas_data.csv",other,hunger_dinner_pre,questionnaire,Questionnaire data
1991_eatdis_hourly,assay-vas_data.csv,"C:/Users/kmill/The Pennsylvania State University/Rolls, Barbara Jean - currated_data/1991_eatdis_hourly/data/assay-vas_data.csv",other,fullness_dinner_pre,questionnaire,Questionnaire data
1991_eatdis_hourly,assay-vas_data.csv,"C:/Users/kmill/The Pennsylvania State University/Rolls, Barbara Jean - currated_data/1991_eatdis_hourly/data/assay-vas_data.csv",other,fear_fat_dinner_pre,questionnaire,Questionnaire data
1991_eatdis_hourly,assay-vas_data.csv,"C:/Users/kmill/The Pennsylvania State University/Rolls, Barbara Jean - currated_data/1991_eatdis_hourly/data/assay-vas_data.csv",other,binge_desire_dinner_pre,questionnaire,Questionnaire data
1991_eatdis_hourly,assay-vas_data.csv,"C:/Users/kmill/The Pennsylvania State University/Rolls, Barbara Jean - currated_data/1991_eatdis_hourly/data/assay-vas_data.csv",other,purge_desire_dinner_pre,questionnaire,Questionnaire data
1991_eatdis_hourly,assay-vas_data.csv,"C:/Users/kmill/The Pennsylvania State University/Rolls, Barbara Jean - currated_data/1991_eatdis_hourly/data/assay-vas_data.csv",other,hunger_dinner_post,questionnaire,Questionnaire data
1991_eatdis_hourly,assay-vas_data.csv,"C:/Users/kmill/The Pennsylvania State University/Rolls, Barbara Jean - currated_data/1991_eatdis_hourly/data/assay-vas_data.csv",other,fullness_dinner_post,questionnaire,Questionnaire data
1991_eatdis_hourly,assay-vas_data.csv,"C:/Users/kmill/The Pennsylvania State University/Rolls, Barbara Jean - currated_data/1991_eatdis_hourly/data/assay-vas_data.csv",other,fear_fat_dinner_post,questionnaire,Questionnaire data
1991_eatdis_hourly,assay-vas_data.csv,"C:/Users/kmill/The Pennsylvania State University/Rolls, Barbara Jean - currated_data/1991_eatdis_hourly/data/assay-vas_data.csv",other,binge_desire_dinner_post,questionnaire,Questionnaire data
1991_eatdis_hourly,assay-vas_data.csv,"C:/Users/kmill/The Pennsylvania State University/Rolls, Barbara Jean - currated_data/1991_eatdis_hourly/data/assay-vas_data.csv",other,purge_desire_dinner_post,questionnaire,Questionnaire data
1991_eatdis_hourly,assay-vas_data.csv,"C:/Users/kmill/The Pennsylvania State University/Rolls, Barbara Jean - currated_data/1991_eatdis_hourly/data/assay-vas_data.csv",other,hunger_6pm,questionnaire,Questionnaire data
1991_eatdis_hourly,assay-vas_data.csv,"C:/Users/kmill/The Pennsylvania State University/Rolls, Barbara Jean - currated_data/1991_eatdis_hourly/data/assay-vas_data.csv",other,fullness_6pm,questionnaire,Questionnaire data
1991_eatdis_hourly,assay-vas_data.csv,"C:/Users/kmill/The Pennsylvania State University/Rolls, Barbara Jean - currated_data/1991_eatdis_hourly/data/assay-vas_data.csv",other,fear_fat_6pm,questionnaire,Questionnaire data
1991_eatdis_hourly,assay-vas_data.csv,"C:/Users/kmill/The Pennsylvania State University/Rolls, Barbara Jean - currated_data/1991_eatdis_hourly/data/assay-vas_data.csv",other,binge_desire_6pm,questionnaire,Questionnaire data
1991_eatdis_hourly,assay-vas_data.csv,"C:/Users/kmill/The Pennsylvania State University/Rolls, Barbara Jean - currated_data/1991_eatdis_hourly/data/assay-vas_data.csv",other,purge_desire_6pm,questionnaire,Questionnaire data
1991_eatdis_hourly,assay-vas_data.csv,"C:/Users/kmill/The Pennsylvania State University/Rolls, Barbara Jean - currated_data/1991_eatdis_hourly/data/assay-vas_data.csv",other,hunger_7pm,questionnaire,Questionnaire data
1991_eatdis_hourly,assay-vas_data.csv,"C:/Users/kmill/The Pennsylvania State University/Rolls, Barbara Jean - currated_data/1991_eatdis_hourly/data/assay-vas_data.csv",other,fullness_7pm,questionnaire,Questionnaire data
1991_eatdis_hourly,assay-vas_data.csv,"C:/Users/kmill/The Pennsylvania State University/Rolls, Barbara Jean - currated_data/1991_eatdis_hourly/data/assay-vas_data.csv",other,fear_fat_7pm,questionnaire,Questionnaire data
1991_eatdis_hourly,assay-vas_data.csv,"C:/Users/kmill/The Pennsylvania State University/Rolls, Barbara Jean - currated_data/1991_eatdis_hourly/data/assay-vas_data.csv",other,binge_desire_7pm,questionnaire,Questionnaire data
1991_eatdis_hourly,assay-vas_data.csv,"C:/Users/kmill/The Pennsylvania State University/Rolls, Barbara Jean - currated_data/1991_eatdis_hourly/data/assay-vas_data.csv",other,purge_desire_7pm,questionnaire,Questionnaire data
1991_eatdis_hourly,assay-vas_data.csv,"C:/Users/kmill/The Pennsylvania State University/Rolls, Barbara Jean - currated_data/1991_eatdis_hourly/data/assay-vas_data.csv",other,hunger_8pm,questionnaire,Questionnaire data
1991_eatdis_hourly,assay-vas_data.csv,"C:/Users/kmill/The Pennsylvania State University/Rolls, Barbara Jean - currated_data/1991_eatdis_hourly/data/assay-vas_data.csv",other,fullness_8pm,questionnaire,Questionnaire data
1991_eatdis_hourly,assay-vas_data.csv,"C:/Users/kmill/The Pennsylvania State University/Rolls, Barbara Jean - currated_data/1991_eatdis_hourly/data/assay-vas_data.csv",other,fear_fat_8pm,questionnaire,Questionnaire data
1991_eatdis_hourly,assay-vas_data.csv,"C:/Users/kmill/The Pennsylvania State University/Rolls, Barbara Jean - currated_data/1991_eatdis_hourly/data/assay-vas_data.csv",other,binge_desire_8pm,questionnaire,Questionnaire data
1991_eatdis_hourly,assay-vas_data.csv,"C:/Users/kmill/The Pennsylvania State University/Rolls, Barbara Jean - currated_data/1991_eatdis_hourly/data/assay-vas_data.csv",other,purge_desire_8pm,questionnaire,Questionnaire data
1991_eatdis_hourly,assay-vas_data.csv,"C:/Users/kmill/The Pennsylvania State University/Rolls, Barbara Jean - currated_data/1991_eatdis_hourly/data/assay-vas_data.csv",other,hunger_9pm,questionnaire,Questionnaire data
1991_eatdis_hourly,assay-vas_data.csv,"C:/Users/kmill/The Pennsylvania State University/Rolls, Barbara Jean - currated_data/1991_eatdis_hourly/data/assay-vas_data.csv",other,fullness_9pm,questionnaire,Questionnaire data
1991_eatdis_hourly,assay-vas_data.csv,"C:/Users/kmill/The Pennsylvania State University/Rolls, Barbara Jean - currated_data/1991_eatdis_hourly/data/assay-vas_data.csv",other,fear_fat_9pm,questionnaire,Questionnaire data
1991_eatdis_hourly,assay-vas_data.csv,"C:/Users/kmill/The Pennsylvania State University/Rolls, Barbara Jean - currated_data/1991_eatdis_hourly/data/assay-vas_data.csv",other,binge_desire_9pm,questionnaire,Questionnaire data
1991_eatdis_hourly,assay-vas_data.csv,"C:/Users/kmill/The Pennsylvania State University/Rolls, Barbara Jean - currated_data/1991_eatdis_hourly/data/assay-vas_data.csv",other,purge_desire_9pm,questionnaire,Questionnaire data
1991_eatdis_hourly,assay-vas_data.csv,"C:/Users/kmill/The Pennsylvania State University/Rolls, Barbara Jean - currated_data/1991_eatdis_hourly/data/assay-vas_data.csv",other,hunger_10pm,questionnaire,Questionnaire data
1991_eatdis_hourly,assay-vas_data.csv,"C:/Users/kmill/The Pennsylvania State University/Rolls, Barbara Jean - currated_data/1991_eatdis_hourly/data/assay-vas_data.csv",other,fullness_10pm,questionnaire,Questionnaire data
1991_eatdis_hourly,assay-vas_data.csv,"C:/Users/kmill/The Pennsylvania State University/Rolls, Barbara Jean - currated_data/1991_eatdis_hourly/data/assay-vas_data.csv",other,fear_fat_10pm,questionnaire,Questionnaire data
1991_eatdis_hourly,assay-vas_data.csv,"C:/Users/kmill/The Pennsylvania State University/Rolls, Barbara Jean - currated_data/1991_eatdis_hourly/data/assay-vas_data.csv",other,binge_desire_10pm,questionnaire,Questionnaire data
1991_eatdis_hourly,assay-vas_data.csv,"C:/Users/kmill/The Pennsylvania State University/Rolls, Barbara Jean - currated_data/1991_eatdis_hourly/data/assay-vas_data.csv",other,purge_desire_10pm,questionnaire,Questionnaire data
1991_eatdis_yogurt,assay-intake_data.csv,"C:/Users/kmill/The Pennsylvania State University/Rolls, Barbara Jean - currated_data/1991_eatdis_yogurt/data/assay-intake_data.csv",intake,yogurt_pleasant,questionnaire,Questionnaire data
1991_eatdis_yogurt,assay-intake_data.csv,"C:/Users/kmill/The Pennsylvania State University/Rolls, Barbara Jean - currated_data/1991_eatdis_yogurt/data/assay-intake_data.csv",intake,yogurt_desire_eat,questionnaire,Questionnaire data
1991_eatdis_yogurt,assay-intake_data.csv,"C:/Users/kmill/The Pennsylvania State University/Rolls, Barbara Jean - currated_data/1991_eatdis_yogurt/data/assay-intake_data.csv",intake,yogurt_subj_cal,intake,Intake variables
1991_eatdis_yogurt,assay-intake_data.csv,"C:/Users/kmill/The Pennsylvania State University/Rolls, Barbara Jean - currated_data/1991_eatdis_yogurt/data/assay-intake_data.csv",intake,yogurt_subj_cho,macronutrient,Macronutrient data
1991_eatdis_yogurt,assay-intake_data.csv,"C:/Users/kmill/The Pennsylvania State University/Rolls, Barbara Jean - currated_data/1991_eatdis_yogurt/data/assay-intake_data.csv",intake,yogurt_g,intake,Intake variables
1991_eatdis_yogurt,assay-intake_data.csv,"C:/Users/kmill/The Pennsylvania State University/Rolls, Barbara Jean - currated_data/1991_eatdis_yogurt/data/assay-intake_data.csv",intake,yogurt_cal,intake,Intake variables
1991_eatdis_yogurt,assay-intake_data.csv,"C:/Users/kmill/The Pennsylvania State University/Rolls, Barbara Jean - currated_data/1991_eatdis_yogurt/data/assay-intake_data.csv",intake,yogurt_fat_g,macronutrient,Macronutrient data
1991_eatdis_yogurt,assay-intake_data.csv,"C:/Users/kmill/The Pennsylvania State University/Rolls, Barbara Jean - currated_data/1991_eatdis_yogurt/data/assay-intake_data.csv",intake,yogurt_cho_g,macronutrient,Macronutrient data
1991_eatdis_yogurt,assay-intake_data.csv,"C:/Users/kmill/The Pennsylvania State University/Rolls, Barbara Jean - currated_data/1991_eatdis_yogurt/data/assay-intake_data.csv",intake,yogurt_pro_g,macronutrient,Macronutrient data
1991_eatdis_yogurt,assay-intake_data.csv,"C:/Users/kmill/The Pennsylvania State University/Rolls, Barbara Jean - currated_data/1991_eatdis_yogurt/data/assay-intake_data.csv",intake,yogurt_fat_cal,macronutrient,Macronutrient data
1991_eatdis_yogurt,assay-intake_data.csv,"C:/Users/kmill/The Pennsylvania State University/Rolls, Barbara Jean - currated_data/1991_eatdis_yogurt/data/assay-intake_data.csv",intake,yogurt_cho_cal,macronutrient,Macronutrient data
1991_eatdis_yogurt,assay-intake_data.csv,"C:/Users/kmill/The Pennsylvania State University/Rolls, Barbara Jean - currated_data/1991_eatdis_yogurt/data/assay-intake_data.csv",intake,yogurt_pro_cal,macronutrient,Macronutrient data
1991_eatdis_yogurt,assay-intake_data.csv,"C:/Users/kmill/The Pennsylvania State University/Rolls, Barbara Jean - currated_data/1991_eatdis_yogurt/data/assay-intake_data.csv",intake,meal_g,intake,Intake variables
1991_eatdis_yogurt,assay-intake_data.csv,"C:/Users/kmill/The Pennsylvania State University/Rolls, Barbara Jean - currated_data/1991_eatdis_yogurt/data/assay-intake_data.csv",intake,meal_cal,intake,Intake variables
1991_eatdis_yogurt,assay-intake_data.csv,"C:/Users/kmill/The Pennsylvania State University/Rolls, Barbara Jean - currated_data/1991_eatdis_yogurt/data/assay-intake_data.csv",intake,meal_fat_cal,macronutrient,Macronutrient data
1991_eatdis_yogurt,assay-intake_data.csv,"C:/Users/kmill/The Pennsylvania State University/Rolls, Barbara Jean - currated_data/1991_eatdis_yogurt/data/assay-intake_data.csv",intake,perc_fat_cal,macronutrient,Macronutrient data
1991_eatdis_yogurt,assay-intake_data.csv,"C:/Users/kmill/The Pennsylvania State University/Rolls, Barbara Jean - currated_data/1991_eatdis_yogurt/data/assay-intake_data.csv",intake,meal_cho_cal,macronutrient,Macronutrient data
1991_eatdis_yogurt,assay-intake_data.csv,"C:/Users/kmill/The Pennsylvania State University/Rolls, Barbara Jean - currated_data/1991_eatdis_yogurt/data/assay-intake_data.csv",intake,perc_cho_cal,macronutrient,Macronutrient data
1991_eatdis_yogurt,assay-intake_data.csv,"C:/Users/kmill/The Pennsylvania State University/Rolls, Barbara Jean - currated_data/1991_eatdis_yogurt/data/assay-intake_data.csv",intake,meal_pro_cal,macronutrient,Macronutrient data
1991_eatdis_yogurt,assay-intake_data.csv,"C:/Users/kmill/The Pennsylvania State University/Rolls, Barbara Jean - currated_data/1991_eatdis_yogurt/data/assay-intake_data.csv",intake,perc_pro_cal,macronutrient,Macronutrient data
1991_eatdis_yogurt,assay-intake_data.csv,"C:/Users/kmill/The Pennsylvania State University/Rolls, Barbara Jean - currated_data/1991_eatdis_yogurt/data/assay-intake_data.csv",intake,meal_fat_g,macronutrient,Macronutrient data
1991_eatdis_yogurt,assay-intake_data.csv,"C:/Users/kmill/The Pennsylvania State University/Rolls, Barbara Jean - currated_data/1991_eatdis_yogurt/data/assay-intake_data.csv",intake,meal_cho_g,macronutrient,Macronutrient data
1991_eatdis_yogurt,assay-intake_data.csv,"C:/Users/kmill/The Pennsylvania State University/Rolls, Barbara Jean - currated_data/1991_eatdis_yogurt/data/assay-intake_data.csv",intake,meal_pro_g,macronutrient,Macronutrient data
1991_eatdis_yogurt,assay-intake_data.csv,"C:/Users/kmill/The Pennsylvania State University/Rolls, Barbara Jean - currated_data/1991_eatdis_yogurt/data/assay-intake_data.csv",intake,low_ed_g,intake,Intake variables
1991_eatdis_yogurt,assay-intake_data.csv,"C:/Users/kmill/The Pennsylvania State University/Rolls, Barbara Jean - currated_data/1991_eatdis_yogurt/data/assay-intake_data.csv",intake,high_ed_g,intake,Intake variables
1991_eatdis_yogurt,assay-intake_data.csv,"C:/Users/kmill/The Pennsylvania State University/Rolls, Barbara Jean - currated_data/1991_eatdis_yogurt/data/assay-intake_data.csv",intake,low_ed_cal,intake,Intake variables
1991_eatdis_yogurt,assay-intake_data.csv,"C:/Users/kmill/The Pennsylvania State University/Rolls, Barbara Jean - currated_data/1991_eatdis_yogurt/data/assay-intake_data.csv",intake,high_ed_cal,intake,Intake variables
1991_eatdis_yogurt,assay-intake_data.csv,"C:/Users/kmill/The Pennsylvania State University/Rolls, Barbara Jean - currated_data/1991_eatdis_yogurt/data/assay-intake_data.csv",intake,total_cal,intake,Intake variables
1991_eatdis_yogurt,assay-intake_data.csv,"C:/Users/kmill/The Pennsylvania State University/Rolls, Barbara Jean - currated_data/1991_eatdis_yogurt/data/assay-intake_data.csv",intake,total_fat_g,macronutrient,Macronutrient data
1991_eatdis_yogurt,assay-intake_data.csv,"C:/Users/kmill/The Pennsylvania State University/Rolls, Barbara Jean - currated_data/1991_eatdis_yogurt/data/assay-intake_data.csv",intake,total_cho_g,macronutrient,Macronutrient data
1991_eatdis_yogurt,assay-intake_data.csv,"C:/Users/kmill/The Pennsylvania State University/Rolls, Barbara Jean - currated_data/1991_eatdis_yogurt/data/assay-intake_data.csv",intake,total_pro_g,macronutrient,Macronutrient data
1991_eatdis_yogurt,assay-intake_data.csv,"C:/Users/kmill/The Pennsylvania State University/Rolls, Barbara Jean - currated_data/1991_eatdis_yogurt/data/assay-intake_data.csv",intake,total_fat_cal,macronutrient,Macronutrient data
1991_eatdis_yogurt,assay-intake_data.csv,"C:/Users/kmill/The Pennsylvania State University/Rolls, Barbara Jean - currated_data/1991_eatdis_yogurt/data/assay-intake_data.csv",intake,total_perc_fat_cal,macronutrient,Macronutrient data
1991_eatdis_yogurt,assay-intake_data.csv,"C:/Users/kmill/The Pennsylvania State University/Rolls, Barbara Jean - currated_data/1991_eatdis_yogurt/data/assay-intake_data.csv",intake,total_cho_cal,macronutrient,Macronutrient data
1991_eatdis_yogurt,assay-intake_data.csv,"C:/Users/kmill/The Pennsylvania State University/Rolls, Barbara Jean - currated_data/1991_eatdis_yogurt/data/assay-intake_data.csv",intake,total_perc_cho_cal,macronutrient,Macronutrient data
1991_eatdis_yogurt,assay-intake_data.csv,"C:/Users/kmill/The Pennsylvania State University/Rolls, Barbara Jean - currated_data/1991_eatdis_yogurt/data/assay-intake_data.csv",intake,total_pro_cal,macronutrient,Macronutrient data
1991_eatdis_yogurt,assay-intake_data.csv,"C:/Users/kmill/The Pennsylvania State University/Rolls, Barbara Jean - currated_data/1991_eatdis_yogurt/data/assay-intake_data.csv",intake,total_perc_pro_cal,macronutrient,Macronutrient data
1991_eatdis_yogurt,assay-intake_data.csv,"C:/Users/kmill/The Pennsylvania State University/Rolls, Barbara Jean - currated_data/1991_eatdis_yogurt/data/assay-intake_data.csv",intake,fat_cal_chips,macronutrient,Macronutrient data
1991_eatdis_yogurt,assay-intake_data.csv,"C:/Users/kmill/The Pennsylvania State University/Rolls, Barbara Jean - currated_data/1991_eatdis_yogurt/data/assay-intake_data.csv",intake,cho_cal_chips,macronutrient,Macronutrient data
1991_eatdis_yogurt,assay-intake_data.csv,"C:/Users/kmill/The Pennsylvania State University/Rolls, Barbara Jean - currated_data/1991_eatdis_yogurt/data/assay-intake_data.csv",intake,pro_cal_chips,macronutrient,Macronutrient data
1991_eatdis_yogurt,assay-intake_data.csv,"C:/Users/kmill/The Pennsylvania State University/Rolls, Barbara Jean - currated_data/1991_eatdis_yogurt/data/assay-intake_data.csv",intake,fat_cal_mustard,macronutrient,Macronutrient data
1991_eatdis_yogurt,assay-intake_data.csv,"C:/Users/kmill/The Pennsylvania State University/Rolls, Barbara Jean - currated_data/1991_eatdis_yogurt/data/assay-intake_data.csv",intake,cho_cal_mustard,macronutrient,Macronutrient data
1991_eatdis_yogurt,assay-intake_data.csv,"C:/Users/kmill/The Pennsylvania State University/Rolls, Barbara Jean - currated_data/1991_eatdis_yogurt/data/assay-intake_data.csv",intake,pro_cal_mustard,macronutrient,Macronutrient data
1991_eatdis_yogurt,assay-intake_data.csv,"C:/Users/kmill/The Pennsylvania State University/Rolls, Barbara Jean - currated_data/1991_eatdis_yogurt/data/assay-intake_data.csv",intake,fat_cal_mayo,macronutrient,Macronutrient data
1991_eatdis_yogurt,assay-intake_data.csv,"C:/Users/kmill/The Pennsylvania State University/Rolls, Barbara Jean - currated_data/1991_eatdis_yogurt/data/assay-intake_data.csv",intake,cho_cal_mayo,macronutrient,Macronutrient data
1991_eatdis_yogurt,assay-intake_data.csv,"C:/Users/kmill/The Pennsylvania State University/Rolls, Barbara Jean - currated_data/1991_eatdis_yogurt/data/assay-intake_data.csv",intake,pro_cal_mayo,macronutrient,Macronutrient data
1991_eatdis_yogurt,assay-intake_data.csv,"C:/Users/kmill/The Pennsylvania State University/Rolls, Barbara Jean - currated_data/1991_eatdis_yogurt/data/assay-intake_data.csv",intake,fat_cal_lettuce,macronutrient,Macronutrient data
1991_eatdis_yogurt,assay-intake_data.csv,"C:/Users/kmill/The Pennsylvania State University/Rolls, Barbara Jean - currated_data/1991_eatdis_yogurt/data/assay-intake_data.csv",intake,cho_cal_lettuce,macronutrient,Macronutrient data
1991_eatdis_yogurt,assay-intake_data.csv,"C:/Users/kmill/The Pennsylvania State University/Rolls, Barbara Jean - currated_data/1991_eatdis_yogurt/data/assay-intake_data.csv",intake,pro_cal_lettuce,macronutrient,Macronutrient data
1991_eatdis_yogurt,assay-intake_data.csv,"C:/Users/kmill/The Pennsylvania State University/Rolls, Barbara Jean - currated_data/1991_eatdis_yogurt/data/assay-intake_data.csv",intake,fat_cal_tomato,macronutrient,Macronutrient data
1991_eatdis_yogurt,assay-intake_data.csv,"C:/Users/kmill/The Pennsylvania State University/Rolls, Barbara Jean - currated_data/1991_eatdis_yogurt/data/assay-intake_data.csv",intake,cho_cal_tomato,macronutrient,Macronutrient data
1991_eatdis_yogurt,assay-intake_data.csv,"C:/Users/kmill/The Pennsylvania State University/Rolls, Barbara Jean - currated_data/1991_eatdis_yogurt/data/assay-intake_data.csv",intake,pro_cal_tomato,macronutrient,Macronutrient data
1991_eatdis_yogurt,assay-intake_data.csv,"C:/Users/kmill/The Pennsylvania State University/Rolls, Barbara Jean - currated_data/1991_eatdis_yogurt/data/assay-intake_data.csv",intake,fat_cal_cucumber,macronutrient,Macronutrient data
1991_eatdis_yogurt,assay-intake_data.csv,"C:/Users/kmill/The Pennsylvania State University/Rolls, Barbara Jean - currated_data/1991_eatdis_yogurt/data/assay-intake_data.csv",intake,cho_cal_cucumber,macronutrient,Macronutrient data
1991_eatdis_yogurt,assay-intake_data.csv,"C:/Users/kmill/The Pennsylvania State University/Rolls, Barbara Jean - currated_data/1991_eatdis_yogurt/data/assay-intake_data.csv",intake,pro_cal_cucumber,macronutrient,Macronutrient data
1991_eatdis_yogurt,assay-intake_data.csv,"C:/Users/kmill/The Pennsylvania State University/Rolls, Barbara Jean - currated_data/1991_eatdis_yogurt/data/assay-intake_data.csv",intake,fat_cal_cheese,macronutrient,Macronutrient data
1991_eatdis_yogurt,assay-intake_data.csv,"C:/Users/kmill/The Pennsylvania State University/Rolls, Barbara Jean - currated_data/1991_eatdis_yogurt/data/assay-intake_data.csv",intake,cho_cal_cheese,macronutrient,Macronutrient data
1991_eatdis_yogurt,assay-intake_data.csv,"C:/Users/kmill/The Pennsylvania State University/Rolls, Barbara Jean - currated_data/1991_eatdis_yogurt/data/assay-intake_data.csv",intake,pro_cal_cheese,macronutrient,Macronutrient data
1991_eatdis_yogurt,assay-intake_data.csv,"C:/Users/kmill/The Pennsylvania State University/Rolls, Barbara Jean - currated_data/1991_eatdis_yogurt/data/assay-intake_data.csv",intake,fat_cal_turkey,macronutrient,Macronutrient data
1991_eatdis_yogurt,assay-intake_data.csv,"C:/Users/kmill/The Pennsylvania State University/Rolls, Barbara Jean - currated_data/1991_eatdis_yogurt/data/assay-intake_data.csv",intake,cho_cal_turkey,macronutrient,Macronutrient data
1991_eatdis_yogurt,assay-intake_data.csv,"C:/Users/kmill/The Pennsylvania State University/Rolls, Barbara Jean - currated_data/1991_eatdis_yogurt/data/assay-intake_data.csv",intake,pro_cal_turkey,macronutrient,Macronutrient data
1991_eatdis_yogurt,assay-intake_data.csv,"C:/Users/kmill/The Pennsylvania State University/Rolls, Barbara Jean - currated_data/1991_eatdis_yogurt/data/assay-intake_data.csv",intake,fat_cal_pizza,macronutrient,Macronutrient data
1991_eatdis_yogurt,assay-intake_data.csv,"C:/Users/kmill/The Pennsylvania State University/Rolls, Barbara Jean - currated_data/1991_eatdis_yogurt/data/assay-intake_data.csv",intake,cho_cal_pizza,macronutrient,Macronutrient data
1991_eatdis_yogurt,assay-intake_data.csv,"C:/Users/kmill/The Pennsylvania State University/Rolls, Barbara Jean - currated_data/1991_eatdis_yogurt/data/assay-intake_data.csv",intake,pro_cal_pizza,macronutrient,Macronutrient data
1991_eatdis_yogurt,assay-intake_data.csv,"C:/Users/kmill/The Pennsylvania State University/Rolls, Barbara Jean - currated_data/1991_eatdis_yogurt/data/assay-intake_data.csv",intake,fat_cal_dressing,macronutrient,Macronutrient data
1991_eatdis_yogurt,assay-intake_data.csv,"C:/Users/kmill/The Pennsylvania State University/Rolls, Barbara Jean - currated_data/1991_eatdis_yogurt/data/assay-intake_data.csv",intake,cho_cal_dressing,macronutrient,Macronutrient data
1991_eatdis_yogurt,assay-intake_data.csv,"C:/Users/kmill/The Pennsylvania State University/Rolls, Barbara Jean - currated_data/1991_eatdis_yogurt/data/assay-intake_data.csv",intake,pro_cal_dressing,macronutrient,Macronutrient data
1991_eatdis_yogurt,assay-intake_data.csv,"C:/Users/kmill/The Pennsylvania State University/Rolls, Barbara Jean - currated_data/1991_eatdis_yogurt/data/assay-intake_data.csv",intake,fat_cal_lc_dressing,macronutrient,Macronutrient data
1991_eatdis_yogurt,assay-intake_data.csv,"C:/Users/kmill/The Pennsylvania State University/Rolls, Barbara Jean - currated_data/1991_eatdis_yogurt/data/assay-intake_data.csv",intake,cho_cal_lc_dressing,macronutrient,Macronutrient data
1991_eatdis_yogurt,assay-intake_data.csv,"C:/Users/kmill/The Pennsylvania State University/Rolls, Barbara Jean - currated_data/1991_eatdis_yogurt/data/assay-intake_data.csv",intake,pro_cal_lc_dressing,macronutrient,Macronutrient data
1991_eatdis_yogurt,assay-intake_data.csv,"C:/Users/kmill/The Pennsylvania State University/Rolls, Barbara Jean - currated_data/1991_eatdis_yogurt/data/assay-intake_data.csv",intake,fat_cal_mms,macronutrient,Macronutrient data
1991_eatdis_yogurt,assay-intake_data.csv,"C:/Users/kmill/The Pennsylvania State University/Rolls, Barbara Jean - currated_data/1991_eatdis_yogurt/data/assay-intake_data.csv",intake,cho_cal_mms,macronutrient,Macronutrient data
1991_eatdis_yogurt,assay-intake_data.csv,"C:/Users/kmill/The Pennsylvania State University/Rolls, Barbara Jean - currated_data/1991_eatdis_yogurt/data/assay-intake_data.csv",intake,pro_cal_mms,macronutrient,Macronutrient data
1991_eatdis_yogurt,assay-intake_data.csv,"C:/Users/kmill/The Pennsylvania State University/Rolls, Barbara Jean - currated_data/1991_eatdis_yogurt/data/assay-intake_data.csv",intake,fat_cal_apple,macronutrient,Macronutrient data
1991_eatdis_yogurt,assay-intake_data.csv,"C:/Users/kmill/The Pennsylvania State University/Rolls, Barbara Jean - currated_data/1991_eatdis_yogurt/data/assay-intake_data.csv",intake,cho_cal_apple,macronutrient,Macronutrient data
1991_eatdis_yogurt,assay-intake_data.csv,"C:/Users/kmill/The Pennsylvania State University/Rolls, Barbara Jean - currated_data/1991_eatdis_yogurt/data/assay-intake_data.csv",intake,pro_cal_apple,macronutrient,Macronutrient data
1991_eatdis_yogurt,assay-intake_data.csv,"C:/Users/kmill/The Pennsylvania State University/Rolls, Barbara Jean - currated_data/1991_eatdis_yogurt/data/assay-intake_data.csv",intake,fat_cal_icecream,macronutrient,Macronutrient data
1991_eatdis_yogurt,assay-intake_data.csv,"C:/Users/kmill/The Pennsylvania State University/Rolls, Barbara Jean - currated_data/1991_eatdis_yogurt/data/assay-intake_data.csv",intake,cho_cal_icecream,macronutrient,Macronutrient data
1991_eatdis_yogurt,assay-intake_data.csv,"C:/Users/kmill/The Pennsylvania State University/Rolls, Barbara Jean - currated_data/1991_eatdis_yogurt/data/assay-intake_data.csv",intake,pro_cal_icecream,macronutrient,Macronutrient data
1991_eatdis_yogurt,assay-intake_data.csv,"C:/Users/kmill/The Pennsylvania State University/Rolls, Barbara Jean - currated_data/1991_eatdis_yogurt/data/assay-intake_data.csv",intake,fat_cal_sorbet,macronutrient,Macronutrient data
1991_eatdis_yogurt,assay-intake_data.csv,"C:/Users/kmill/The Pennsylvania State University/Rolls, Barbara Jean - currated_data/1991_eatdis_yogurt/data/assay-intake_data.csv",intake,cho_cal_sorbet,macronutrient,Macronutrient data
1991_eatdis_yogurt,assay-intake_data.csv,"C:/Users/kmill/The Pennsylvania State University/Rolls, Barbara Jean - currated_data/1991_eatdis_yogurt/data/assay-intake_data.csv",intake,pro_cal_sorbet,macronutrient,Macronutrient data
1991_eatdis_yogurt,assay-intake_data.csv,"C:/Users/kmill/The Pennsylvania State University/Rolls, Barbara Jean - currated_data/1991_eatdis_yogurt/data/assay-intake_data.csv",intake,fat_cal_bread,macronutrient,Macronutrient data
1991_eatdis_yogurt,assay-intake_data.csv,"C:/Users/kmill/The Pennsylvania State University/Rolls, Barbara Jean - currated_data/1991_eatdis_yogurt/data/assay-intake_data.csv",intake,cho_cal_bread,macronutrient,Macronutrient data
1991_eatdis_yogurt,assay-intake_data.csv,"C:/Users/kmill/The Pennsylvania State University/Rolls, Barbara Jean - currated_data/1991_eatdis_yogurt/data/assay-intake_data.csv",intake,pro_cal_bread,macronutrient,Macronutrient data
1991_eatdis_yogurt,assay-intake_data.csv,"C:/Users/kmill/The Pennsylvania State University/Rolls, Barbara Jean - currated_data/1991_eatdis_yogurt/data/assay-intake_data.csv",intake,fat_g_chips,macronutrient,Macronutrient data
1991_eatdis_yogurt,assay-intake_data.csv,"C:/Users/kmill/The Pennsylvania State University/Rolls, Barbara Jean - currated_data/1991_eatdis_yogurt/data/assay-intake_data.csv",intake,cho_g_chips,macronutrient,Macronutrient data
1991_eatdis_yogurt,assay-intake_data.csv,"C:/Users/kmill/The Pennsylvania State University/Rolls, Barbara Jean - currated_data/1991_eatdis_yogurt/data/assay-intake_data.csv",intake,pro_g_chips,macronutrient,Macronutrient data
1991_eatdis_yogurt,assay-intake_data.csv,"C:/Users/kmill/The Pennsylvania State University/Rolls, Barbara Jean - currated_data/1991_eatdis_yogurt/data/assay-intake_data.csv",intake,fat_g_mustard,macronutrient,Macronutrient data
1991_eatdis_yogurt,assay-intake_data.csv,"C:/Users/kmill/The Pennsylvania State University/Rolls, Barbara Jean - currated_data/1991_eatdis_yogurt/data/assay-intake_data.csv",intake,cho_g_mustard,macronutrient,Macronutrient data
1991_eatdis_yogurt,assay-intake_data.csv,"C:/Users/kmill/The Pennsylvania State University/Rolls, Barbara Jean - currated_data/1991_eatdis_yogurt/data/assay-intake_data.csv",intake,pro_g_mustard,macronutrient,Macronutrient data
1991_eatdis_yogurt,assay-intake_data.csv,"C:/Users/kmill/The Pennsylvania State University/Rolls, Barbara Jean - currated_data/1991_eatdis_yogurt/data/assay-intake_data.csv",intake,fat_g_mayo,macronutrient,Macronutrient data
1991_eatdis_yogurt,assay-intake_data.csv,"C:/Users/kmill/The Pennsylvania State University/Rolls, Barbara Jean - currated_data/1991_eatdis_yogurt/data/assay-intake_data.csv",intake,cho_g_mayo,macronutrient,Macronutrient data
1991_eatdis_yogurt,assay-intake_data.csv,"C:/Users/kmill/The Pennsylvania State University/Rolls, Barbara Jean - currated_data/1991_eatdis_yogurt/data/assay-intake_data.csv",intake,pro_g_mayo,macronutrient,Macronutrient data
1991_eatdis_yogurt,assay-intake_data.csv,"C:/Users/kmill/The Pennsylvania State University/Rolls, Barbara Jean - currated_data/1991_eatdis_yogurt/data/assay-intake_data.csv",intake,fat_g_lettuce,macronutrient,Macronutrient data
1991_eatdis_yogurt,assay-intake_data.csv,"C:/Users/kmill/The Pennsylvania State University/Rolls, Barbara Jean - currated_data/1991_eatdis_yogurt/data/assay-intake_data.csv",intake,cho_g_lettuce,macronutrient,Macronutrient data
1991_eatdis_yogurt,assay-intake_data.csv,"C:/Users/kmill/The Pennsylvania State University/Rolls, Barbara Jean - currated_data/1991_eatdis_yogurt/data/assay-intake_data.csv",intake,pro_g_lettuce,macronutrient,Macronutrient data
1991_eatdis_yogurt,assay-intake_data.csv,"C:/Users/kmill/The Pennsylvania State University/Rolls, Barbara Jean - currated_data/1991_eatdis_yogurt/data/assay-intake_data.csv",intake,fat_g_tomato,macronutrient,Macronutrient data
1991_eatdis_yogurt,assay-intake_data.csv,"C:/Users/kmill/The Pennsylvania State University/Rolls, Barbara Jean - currated_data/1991_eatdis_yogurt/data/assay-intake_data.csv",intake,cho_g_tomato,macronutrient,Macronutrient data
1991_eatdis_yogurt,assay-intake_data.csv,"C:/Users/kmill/The Pennsylvania State University/Rolls, Barbara Jean - currated_data/1991_eatdis_yogurt/data/assay-intake_data.csv",intake,pro_g_tomato,macronutrient,Macronutrient data
1991_eatdis_yogurt,assay-intake_data.csv,"C:/Users/kmill/The Pennsylvania State University/Rolls, Barbara Jean - currated_data/1991_eatdis_yogurt/data/assay-intake_data.csv",intake,fat_g_cucumber,macronutrient,Macronutrient data
1991_eatdis_yogurt,assay-intake_data.csv,"C:/Users/kmill/The Pennsylvania State University/Rolls, Barbara Jean - currated_data/1991_eatdis_yogurt/data/assay-intake_data.csv",intake,cho_g_cucumber,macronutrient,Macronutrient data
1991_eatdis_yogurt,assay-intake_data.csv,"C:/Users/kmill/The Pennsylvania State University/Rolls, Barbara Jean - currated_data/1991_eatdis_yogurt/data/assay-intake_data.csv",intake,pro_g_cucumber,macronutrient,Macronutrient data
1991_eatdis_yogurt,assay-intake_data.csv,"C:/Users/kmill/The Pennsylvania State University/Rolls, Barbara Jean - currated_data/1991_eatdis_yogurt/data/assay-intake_data.csv",intake,fat_g_cheese,macronutrient,Macronutrient data
1991_eatdis_yogurt,assay-intake_data.csv,"C:/Users/kmill/The Pennsylvania State University/Rolls, Barbara Jean - currated_data/1991_eatdis_yogurt/data/assay-intake_data.csv",intake,cho_g_cheese,macronutrient,Macronutrient data
1991_eatdis_yogurt,assay-intake_data.csv,"C:/Users/kmill/The Pennsylvania State University/Rolls, Barbara Jean - currated_data/1991_eatdis_yogurt/data/assay-intake_data.csv",intake,pro_g_cheese,macronutrient,Macronutrient data
1991_eatdis_yogurt,assay-intake_data.csv,"C:/Users/kmill/The Pennsylvania State University/Rolls, Barbara Jean - currated_data/1991_eatdis_yogurt/data/assay-intake_data.csv",intake,fat_g_turkey,macronutrient,Macronutrient data
1991_eatdis_yogurt,assay-intake_data.csv,"C:/Users/kmill/The Pennsylvania State University/Rolls, Barbara Jean - currated_data/1991_eatdis_yogurt/data/assay-intake_data.csv",intake,cho_g_turkey,macronutrient,Macronutrient data
1991_eatdis_yogurt,assay-intake_data.csv,"C:/Users/kmill/The Pennsylvania State University/Rolls, Barbara Jean - currated_data/1991_eatdis_yogurt/data/assay-intake_data.csv",intake,pro_g_turkey,macronutrient,Macronutrient data
1991_eatdis_yogurt,assay-intake_data.csv,"C:/Users/kmill/The Pennsylvania State University/Rolls, Barbara Jean - currated_data/1991_eatdis_yogurt/data/assay-intake_data.csv",intake,fat_g_pizza,macronutrient,Macronutrient data
1991_eatdis_yogurt,assay-intake_data.csv,"C:/Users/kmill/The Pennsylvania State University/Rolls, Barbara Jean - currated_data/1991_eatdis_yogurt/data/assay-intake_data.csv",intake,cho_g_pizza,macronutrient,Macronutrient data
1991_eatdis_yogurt,assay-intake_data.csv,"C:/Users/kmill/The Pennsylvania State University/Rolls, Barbara Jean - currated_data/1991_eatdis_yogurt/data/assay-intake_data.csv",intake,pro_g_pizza,macronutrient,Macronutrient data
1991_eatdis_yogurt,assay-intake_data.csv,"C:/Users/kmill/The Pennsylvania State University/Rolls, Barbara Jean - currated_data/1991_eatdis_yogurt/data/assay-intake_data.csv",intake,fat_g_dressing,macronutrient,Macronutrient data
1991_eatdis_yogurt,assay-intake_data.csv,"C:/Users/kmill/The Pennsylvania State University/Rolls, Barbara Jean - currated_data/1991_eatdis_yogurt/data/assay-intake_data.csv",intake,cho_g_dressing,macronutrient,Macronutrient data
1991_eatdis_yogurt,assay-intake_data.csv,"C:/Users/kmill/The Pennsylvania State University/Rolls, Barbara Jean - currated_data/1991_eatdis_yogurt/data/assay-intake_data.csv",intake,pro_g_dressing,macronutrient,Macronutrient data
1991_eatdis_yogurt,assay-intake_data.csv,"C:/Users/kmill/The Pennsylvania State University/Rolls, Barbara Jean - currated_data/1991_eatdis_yogurt/data/assay-intake_data.csv",intake,fat_g_lc_dressing,macronutrient,Macronutrient data
1991_eatdis_yogurt,assay-intake_data.csv,"C:/Users/kmill/The Pennsylvania State University/Rolls, Barbara Jean - currated_data/1991_eatdis_yogurt/data/assay-intake_data.csv",intake,cho_g_lc_dressing,macronutrient,Macronutrient data
1991_eatdis_yogurt,assay-intake_data.csv,"C:/Users/kmill/The Pennsylvania State University/Rolls, Barbara Jean - currated_data/1991_eatdis_yogurt/data/assay-intake_data.csv",intake,pro_g_lc_dressing,macronutrient,Macronutrient data
1991_eatdis_yogurt,assay-intake_data.csv,"C:/Users/kmill/The Pennsylvania State University/Rolls, Barbara Jean - currated_data/1991_eatdis_yogurt/data/assay-intake_data.csv",intake,fat_g_mms,macronutrient,Macronutrient data
1991_eatdis_yogurt,assay-intake_data.csv,"C:/Users/kmill/The Pennsylvania State University/Rolls, Barbara Jean - currated_data/1991_eatdis_yogurt/data/assay-intake_data.csv",intake,cho_g_mms,macronutrient,Macronutrient data
1991_eatdis_yogurt,assay-intake_data.csv,"C:/Users/kmill/The Pennsylvania State University/Rolls, Barbara Jean - currated_data/1991_eatdis_yogurt/data/assay-intake_data.csv",intake,pro_g_mms,macronutrient,Macronutrient data
1991_eatdis_yogurt,assay-intake_data.csv,"C:/Users/kmill/The Pennsylvania State University/Rolls, Barbara Jean - currated_data/1991_eatdis_yogurt/data/assay-intake_data.csv",intake,fat_g_apple,macronutrient,Macronutrient data
1991_eatdis_yogurt,assay-intake_data.csv,"C:/Users/kmill/The Pennsylvania State University/Rolls, Barbara Jean - currated_data/1991_eatdis_yogurt/data/assay-intake_data.csv",intake,cho_g_apple,macronutrient,Macronutrient data
1991_eatdis_yogurt,assay-intake_data.csv,"C:/Users/kmill/The Pennsylvania State University/Rolls, Barbara Jean - currated_data/1991_eatdis_yogurt/data/assay-intake_data.csv",intake,pro_g_apple,macronutrient,Macronutrient data
1991_eatdis_yogurt,assay-intake_data.csv,"C:/Users/kmill/The Pennsylvania State University/Rolls, Barbara Jean - currated_data/1991_eatdis_yogurt/data/assay-intake_data.csv",intake,fat_g_icecream,macronutrient,Macronutrient data
1991_eatdis_yogurt,assay-intake_data.csv,"C:/Users/kmill/The Pennsylvania State University/Rolls, Barbara Jean - currated_data/1991_eatdis_yogurt/data/assay-intake_data.csv",intake,cho_g_icecream,macronutrient,Macronutrient data
1991_eatdis_yogurt,assay-intake_data.csv,"C:/Users/kmill/The Pennsylvania State University/Rolls, Barbara Jean - currated_data/1991_eatdis_yogurt/data/assay-intake_data.csv",intake,pro_g_icecream,macronutrient,Macronutrient data
1991_eatdis_yogurt,assay-intake_data.csv,"C:/Users/kmill/The Pennsylvania State University/Rolls, Barbara Jean - currated_data/1991_eatdis_yogurt/data/assay-intake_data.csv",intake,fat_g_sorbet,macronutrient,Macronutrient data
1991_eatdis_yogurt,assay-intake_data.csv,"C:/Users/kmill/The Pennsylvania State University/Rolls, Barbara Jean - currated_data/1991_eatdis_yogurt/data/assay-intake_data.csv",intake,cho_g_sorbet,macronutrient,Macronutrient data
1991_eatdis_yogurt,assay-intake_data.csv,"C:/Users/kmill/The Pennsylvania State University/Rolls, Barbara Jean - currated_data/1991_eatdis_yogurt/data/assay-intake_data.csv",intake,pro_g_sorbet,macronutrient,Macronutrient data
1991_eatdis_yogurt,assay-intake_data.csv,"C:/Users/kmill/The Pennsylvania State University/Rolls, Barbara Jean - currated_data/1991_eatdis_yogurt/data/assay-intake_data.csv",intake,fat_g_bread,macronutrient,Macronutrient data
1991_eatdis_yogurt,assay-intake_data.csv,"C:/Users/kmill/The Pennsylvania State University/Rolls, Barbara Jean - currated_data/1991_eatdis_yogurt/data/assay-intake_data.csv",intake,cho_g_bread,macronutrient,Macronutrient data
1991_eatdis_yogurt,assay-intake_data.csv,"C:/Users/kmill/The Pennsylvania State University/Rolls, Barbara Jean - currated_data/1991_eatdis_yogurt/data/assay-intake_data.csv",intake,pro_g_bread,macronutrient,Macronutrient data
1991_eatdis_yogurt,assay-vas_dat.csv,"C:/Users/kmill/The Pennsylvania State University/Rolls, Barbara Jean - currated_data/1991_eatdis_yogurt/data/assay-vas_dat.csv",other,binge_desire,questionnaire,Questionnaire data
1991_eatdis_yogurt,assay-vas_dat.csv,"C:/Users/kmill/The Pennsylvania State University/Rolls, Barbara Jean - currated_data/1991_eatdis_yogurt/data/assay-vas_dat.csv",other,desire_eat,questionnaire,Questionnaire data
1991_eatdis_yogurt,assay-vas_dat.csv,"C:/Users/kmill/The Pennsylvania State University/Rolls, Barbara Jean - currated_data/1991_eatdis_yogurt/data/assay-vas_dat.csv",other,fear_fat,questionnaire,Questionnaire data
1991_eatdis_yogurt,assay-vas_dat.csv,"C:/Users/kmill/The Pennsylvania State University/Rolls, Barbara Jean - currated_data/1991_eatdis_yogurt/data/assay-vas_dat.csv",other,fullness,questionnaire,Questionnaire data
1991_eatdis_yogurt,assay-vas_dat.csv,"C:/Users/kmill/The Pennsylvania State University/Rolls, Barbara Jean - currated_data/1991_eatdis_yogurt/data/assay-vas_dat.csv",other,hunger,questionnaire,Questionnaire data
1991_eatdis_yogurt,assay-vas_dat.csv,"C:/Users/kmill/The Pennsylvania State University/Rolls, Barbara Jean - currated_data/1991_eatdis_yogurt/data/assay-vas_dat.csv",other,nausea,questionnaire,Questionnaire data
1991_eatdis_yogurt,assay-vas_dat.csv,"C:/Users/kmill/The Pennsylvania State University/Rolls, Barbara Jean - currated_data/1991_eatdis_yogurt/data/assay-vas_dat.csv",other,purge_desire,questionnaire,Questionnaire data
1991_ivig_preload,exp-ivig_assay-dinner_data.csv,"C:/Users/kmill/The Pennsylvania State University/Rolls, Barbara Jean - currated_data/1991_ivig_preload/data/exp-ivig_assay-dinner_data.csv",other,chicken_fat_g,macronutrient,Macronutrient data
1991_ivig_preload,exp-ivig_assay-dinner_data.csv,"C:/Users/kmill/The Pennsylvania State University/Rolls, Barbara Jean - currated_data/1991_ivig_preload/data/exp-ivig_assay-dinner_data.csv",other,chicken_cho_g,macronutrient,Macronutrient data
1991_ivig_preload,exp-ivig_assay-dinner_data.csv,"C:/Users/kmill/The Pennsylvania State University/Rolls, Barbara Jean - currated_data/1991_ivig_preload/data/exp-ivig_assay-dinner_data.csv",other,chicken_pro_g,macronutrient,Macronutrient data
1991_ivig_preload,exp-ivig_assay-dinner_data.csv,"C:/Users/kmill/The Pennsylvania State University/Rolls, Barbara Jean - currated_data/1991_ivig_preload/data/exp-ivig_assay-dinner_data.csv",other,gravy_fat_g,macronutrient,Macronutrient data
1991_ivig_preload,exp-ivig_assay-dinner_data.csv,"C:/Users/kmill/The Pennsylvania State University/Rolls, Barbara Jean - currated_data/1991_ivig_preload/data/exp-ivig_assay-dinner_data.csv",other,gravy_cho_g,macronutrient,Macronutrient data
1991_ivig_preload,exp-ivig_assay-dinner_data.csv,"C:/Users/kmill/The Pennsylvania State University/Rolls, Barbara Jean - currated_data/1991_ivig_preload/data/exp-ivig_assay-dinner_data.csv",other,gravy_pro_g,macronutrient,Macronutrient data
1991_ivig_preload,exp-ivig_assay-dinner_data.csv,"C:/Users/kmill/The Pennsylvania State University/Rolls, Barbara Jean - currated_data/1991_ivig_preload/data/exp-ivig_assay-dinner_data.csv",other,light_gravy_fat_g,macronutrient,Macronutrient data
1991_ivig_preload,exp-ivig_assay-dinner_data.csv,"C:/Users/kmill/The Pennsylvania State University/Rolls, Barbara Jean - currated_data/1991_ivig_preload/data/exp-ivig_assay-dinner_data.csv",other,light_gravy_cho_g,macronutrient,Macronutrient data
1991_ivig_preload,exp-ivig_assay-dinner_data.csv,"C:/Users/kmill/The Pennsylvania State University/Rolls, Barbara Jean - currated_data/1991_ivig_preload/data/exp-ivig_assay-dinner_data.csv",other,light_gravy_pro_g,macronutrient,Macronutrient data
1991_ivig_preload,exp-ivig_assay-dinner_data.csv,"C:/Users/kmill/The Pennsylvania State University/Rolls, Barbara Jean - currated_data/1991_ivig_preload/data/exp-ivig_assay-dinner_data.csv",other,rice_fat_g,macronutrient,Macronutrient data
1991_ivig_preload,exp-ivig_assay-dinner_data.csv,"C:/Users/kmill/The Pennsylvania State University/Rolls, Barbara Jean - currated_data/1991_ivig_preload/data/exp-ivig_assay-dinner_data.csv",other,rice_cho_g,macronutrient,Macronutrient data
1991_ivig_preload,exp-ivig_assay-dinner_data.csv,"C:/Users/kmill/The Pennsylvania State University/Rolls, Barbara Jean - currated_data/1991_ivig_preload/data/exp-ivig_assay-dinner_data.csv",other,rice_pro_g,macronutrient,Macronutrient data
1991_ivig_preload,exp-ivig_assay-dinner_data.csv,"C:/Users/kmill/The Pennsylvania State University/Rolls, Barbara Jean - currated_data/1991_ivig_preload/data/exp-ivig_assay-dinner_data.csv",other,peas_fat_g,macronutrient,Macronutrient data
1991_ivig_preload,exp-ivig_assay-dinner_data.csv,"C:/Users/kmill/The Pennsylvania State University/Rolls, Barbara Jean - currated_data/1991_ivig_preload/data/exp-ivig_assay-dinner_data.csv",other,peas_cho_g,macronutrient,Macronutrient data
1991_ivig_preload,exp-ivig_assay-dinner_data.csv,"C:/Users/kmill/The Pennsylvania State University/Rolls, Barbara Jean - currated_data/1991_ivig_preload/data/exp-ivig_assay-dinner_data.csv",other,peas_pro_g,macronutrient,Macronutrient data
1991_ivig_preload,exp-ivig_assay-dinner_data.csv,"C:/Users/kmill/The Pennsylvania State University/Rolls, Barbara Jean - currated_data/1991_ivig_preload/data/exp-ivig_assay-dinner_data.csv",other,roll_fat_g,macronutrient,Macronutrient data
1991_ivig_preload,exp-ivig_assay-dinner_data.csv,"C:/Users/kmill/The Pennsylvania State University/Rolls, Barbara Jean - currated_data/1991_ivig_preload/data/exp-ivig_assay-dinner_data.csv",other,roll_cho_g,macronutrient,Macronutrient data
1991_ivig_preload,exp-ivig_assay-dinner_data.csv,"C:/Users/kmill/The Pennsylvania State University/Rolls, Barbara Jean - currated_data/1991_ivig_preload/data/exp-ivig_assay-dinner_data.csv",other,roll_pro_g,macronutrient,Macronutrient data
1991_ivig_preload,exp-ivig_assay-dinner_data.csv,"C:/Users/kmill/The Pennsylvania State University/Rolls, Barbara Jean - currated_data/1991_ivig_preload/data/exp-ivig_assay-dinner_data.csv",other,margarine_fat_g,macronutrient,Macronutrient data
1991_ivig_preload,exp-ivig_assay-dinner_data.csv,"C:/Users/kmill/The Pennsylvania State University/Rolls, Barbara Jean - currated_data/1991_ivig_preload/data/exp-ivig_assay-dinner_data.csv",other,margarine_cho_g,macronutrient,Macronutrient data
1991_ivig_preload,exp-ivig_assay-dinner_data.csv,"C:/Users/kmill/The Pennsylvania State University/Rolls, Barbara Jean - currated_data/1991_ivig_preload/data/exp-ivig_assay-dinner_data.csv",other,margarine_pro_g,macronutrient,Macronutrient data
1991_ivig_preload,exp-ivig_assay-dinner_data.csv,"C:/Users/kmill/The Pennsylvania State University/Rolls, Barbara Jean - currated_data/1991_ivig_preload/data/exp-ivig_assay-dinner_data.csv",other,cookie_fat_g,macronutrient,Macronutrient data
1991_ivig_preload,exp-ivig_assay-dinner_data.csv,"C:/Users/kmill/The Pennsylvania State University/Rolls, Barbara Jean - currated_data/1991_ivig_preload/data/exp-ivig_assay-dinner_data.csv",other,cookie_cho_g,macronutrient,Macronutrient data
1991_ivig_preload,exp-ivig_assay-dinner_data.csv,"C:/Users/kmill/The Pennsylvania State University/Rolls, Barbara Jean - currated_data/1991_ivig_preload/data/exp-ivig_assay-dinner_data.csv",other,cookie_pro_g,macronutrient,Macronutrient data
1991_ivig_preload,exp-ivig_assay-dinner_data.csv,"C:/Users/kmill/The Pennsylvania State University/Rolls, Barbara Jean - currated_data/1991_ivig_preload/data/exp-ivig_assay-dinner_data.csv",other,pudding_fat_g,macronutrient,Macronutrient data
1991_ivig_preload,exp-ivig_assay-dinner_data.csv,"C:/Users/kmill/The Pennsylvania State University/Rolls, Barbara Jean - currated_data/1991_ivig_preload/data/exp-ivig_assay-dinner_data.csv",other,pudding_cho_g,macronutrient,Macronutrient data
1991_ivig_preload,exp-ivig_assay-dinner_data.csv,"C:/Users/kmill/The Pennsylvania State University/Rolls, Barbara Jean - currated_data/1991_ivig_preload/data/exp-ivig_assay-dinner_data.csv",other,pudding_pro_g,macronutrient,Macronutrient data
1991_ivig_preload,exp-ivig_assay-dinner_data.csv,"C:/Users/kmill/The Pennsylvania State University/Rolls, Barbara Jean - currated_data/1991_ivig_preload/data/exp-ivig_assay-dinner_data.csv",other,fatfree_pudding_fat_g,macronutrient,Macronutrient data
1991_ivig_preload,exp-ivig_assay-dinner_data.csv,"C:/Users/kmill/The Pennsylvania State University/Rolls, Barbara Jean - currated_data/1991_ivig_preload/data/exp-ivig_assay-dinner_data.csv",other,fatfree_pudding_cho_g,macronutrient,Macronutrient data
1991_ivig_preload,exp-ivig_assay-dinner_data.csv,"C:/Users/kmill/The Pennsylvania State University/Rolls, Barbara Jean - currated_data/1991_ivig_preload/data/exp-ivig_assay-dinner_data.csv",other,fatfree_pudding_pro_g,macronutrient,Macronutrient data
1991_ivig_preload,exp-ivig_assay-dinner_data.csv,"C:/Users/kmill/The Pennsylvania State University/Rolls, Barbara Jean - currated_data/1991_ivig_preload/data/exp-ivig_assay-dinner_data.csv",other,dinner_fat_g,macronutrient,Macronutrient data
1991_ivig_preload,exp-ivig_assay-dinner_data.csv,"C:/Users/kmill/The Pennsylvania State University/Rolls, Barbara Jean - currated_data/1991_ivig_preload/data/exp-ivig_assay-dinner_data.csv",other,dinner_pro_g,macronutrient,Macronutrient data
1991_ivig_preload,exp-ivig_assay-dinner_data.csv,"C:/Users/kmill/The Pennsylvania State University/Rolls, Barbara Jean - currated_data/1991_ivig_preload/data/exp-ivig_assay-dinner_data.csv",other,dinner_cho_g,macronutrient,Macronutrient data
1991_ivig_preload,exp-ivig_assay-dinner_data.csv,"C:/Users/kmill/The Pennsylvania State University/Rolls, Barbara Jean - currated_data/1991_ivig_preload/data/exp-ivig_assay-dinner_data.csv",other,dinner_fat_cal,macronutrient,Macronutrient data
1991_ivig_preload,exp-ivig_assay-dinner_data.csv,"C:/Users/kmill/The Pennsylvania State University/Rolls, Barbara Jean - currated_data/1991_ivig_preload/data/exp-ivig_assay-dinner_data.csv",other,dinner_perc_fat_cal,macronutrient,Macronutrient data
1991_ivig_preload,exp-ivig_assay-dinner_data.csv,"C:/Users/kmill/The Pennsylvania State University/Rolls, Barbara Jean - currated_data/1991_ivig_preload/data/exp-ivig_assay-dinner_data.csv",other,dinner_pro_cal,macronutrient,Macronutrient data
1991_ivig_preload,exp-ivig_assay-dinner_data.csv,"C:/Users/kmill/The Pennsylvania State University/Rolls, Barbara Jean - currated_data/1991_ivig_preload/data/exp-ivig_assay-dinner_data.csv",other,dinner_perc_pro_cal,macronutrient,Macronutrient data
1991_ivig_preload,exp-ivig_assay-dinner_data.csv,"C:/Users/kmill/The Pennsylvania State University/Rolls, Barbara Jean - currated_data/1991_ivig_preload/data/exp-ivig_assay-dinner_data.csv",other,dinner_cho_cal,macronutrient,Macronutrient data
1991_ivig_preload,exp-ivig_assay-dinner_data.csv,"C:/Users/kmill/The Pennsylvania State University/Rolls, Barbara Jean - currated_data/1991_ivig_preload/data/exp-ivig_assay-dinner_data.csv",other,dinner_perc_cho_cal,macronutrient,Macronutrient data
1991_ivig_preload,exp-ivig_assay-lunch_data.csv,"C:/Users/kmill/The Pennsylvania State University/Rolls, Barbara Jean - currated_data/1991_ivig_preload/data/exp-ivig_assay-lunch_data.csv",other,chips_fat_g,macronutrient,Macronutrient data
1991_ivig_preload,exp-ivig_assay-lunch_data.csv,"C:/Users/kmill/The Pennsylvania State University/Rolls, Barbara Jean - currated_data/1991_ivig_preload/data/exp-ivig_assay-lunch_data.csv",other,chips_cho_g,macronutrient,Macronutrient data
1991_ivig_preload,exp-ivig_assay-lunch_data.csv,"C:/Users/kmill/The Pennsylvania State University/Rolls, Barbara Jean - currated_data/1991_ivig_preload/data/exp-ivig_assay-lunch_data.csv",other,chips_pro_g,macronutrient,Macronutrient data
1991_ivig_preload,exp-ivig_assay-lunch_data.csv,"C:/Users/kmill/The Pennsylvania State University/Rolls, Barbara Jean - currated_data/1991_ivig_preload/data/exp-ivig_assay-lunch_data.csv",other,pretzel_fat_g,macronutrient,Macronutrient data
1991_ivig_preload,exp-ivig_assay-lunch_data.csv,"C:/Users/kmill/The Pennsylvania State University/Rolls, Barbara Jean - currated_data/1991_ivig_preload/data/exp-ivig_assay-lunch_data.csv",other,pretzel_cho_g,macronutrient,Macronutrient data
1991_ivig_preload,exp-ivig_assay-lunch_data.csv,"C:/Users/kmill/The Pennsylvania State University/Rolls, Barbara Jean - currated_data/1991_ivig_preload/data/exp-ivig_assay-lunch_data.csv",other,pretzel_pro_g,macronutrient,Macronutrient data
1991_ivig_preload,exp-ivig_assay-lunch_data.csv,"C:/Users/kmill/The Pennsylvania State University/Rolls, Barbara Jean - currated_data/1991_ivig_preload/data/exp-ivig_assay-lunch_data.csv",other,mustard_fat_g,macronutrient,Macronutrient data
1991_ivig_preload,exp-ivig_assay-lunch_data.csv,"C:/Users/kmill/The Pennsylvania State University/Rolls, Barbara Jean - currated_data/1991_ivig_preload/data/exp-ivig_assay-lunch_data.csv",other,mustard_cho_g,macronutrient,Macronutrient data
1991_ivig_preload,exp-ivig_assay-lunch_data.csv,"C:/Users/kmill/The Pennsylvania State University/Rolls, Barbara Jean - currated_data/1991_ivig_preload/data/exp-ivig_assay-lunch_data.csv",other,mustard_pro_g,macronutrient,Macronutrient data
1991_ivig_preload,exp-ivig_assay-lunch_data.csv,"C:/Users/kmill/The Pennsylvania State University/Rolls, Barbara Jean - currated_data/1991_ivig_preload/data/exp-ivig_assay-lunch_data.csv",other,mayo_fat_g,macronutrient,Macronutrient data
1991_ivig_preload,exp-ivig_assay-lunch_data.csv,"C:/Users/kmill/The Pennsylvania State University/Rolls, Barbara Jean - currated_data/1991_ivig_preload/data/exp-ivig_assay-lunch_data.csv",other,mayo_cho_g,macronutrient,Macronutrient data
1991_ivig_preload,exp-ivig_assay-lunch_data.csv,"C:/Users/kmill/The Pennsylvania State University/Rolls, Barbara Jean - currated_data/1991_ivig_preload/data/exp-ivig_assay-lunch_data.csv",other,mayo_pro_g,macronutrient,Macronutrient data
1991_ivig_preload,exp-ivig_assay-lunch_data.csv,"C:/Users/kmill/The Pennsylvania State University/Rolls, Barbara Jean - currated_data/1991_ivig_preload/data/exp-ivig_assay-lunch_data.csv",other,bread_fat_g,macronutrient,Macronutrient data
1991_ivig_preload,exp-ivig_assay-lunch_data.csv,"C:/Users/kmill/The Pennsylvania State University/Rolls, Barbara Jean - currated_data/1991_ivig_preload/data/exp-ivig_assay-lunch_data.csv",other,bread_cho_g,macronutrient,Macronutrient data
1991_ivig_preload,exp-ivig_assay-lunch_data.csv,"C:/Users/kmill/The Pennsylvania State University/Rolls, Barbara Jean - currated_data/1991_ivig_preload/data/exp-ivig_assay-lunch_data.csv",other,bread_pro_g,macronutrient,Macronutrient data
1991_ivig_preload,exp-ivig_assay-lunch_data.csv,"C:/Users/kmill/The Pennsylvania State University/Rolls, Barbara Jean - currated_data/1991_ivig_preload/data/exp-ivig_assay-lunch_data.csv",other,lettuce_fat_g,macronutrient,Macronutrient data
1991_ivig_preload,exp-ivig_assay-lunch_data.csv,"C:/Users/kmill/The Pennsylvania State University/Rolls, Barbara Jean - currated_data/1991_ivig_preload/data/exp-ivig_assay-lunch_data.csv",other,lettuce_cho_g,macronutrient,Macronutrient data
1991_ivig_preload,exp-ivig_assay-lunch_data.csv,"C:/Users/kmill/The Pennsylvania State University/Rolls, Barbara Jean - currated_data/1991_ivig_preload/data/exp-ivig_assay-lunch_data.csv",other,lettuce_pro_g,macronutrient,Macronutrient data
1991_ivig_preload,exp-ivig_assay-lunch_data.csv,"C:/Users/kmill/The Pennsylvania State University/Rolls, Barbara Jean - currated_data/1991_ivig_preload/data/exp-ivig_assay-lunch_data.csv",other,tomato_fat_g,macronutrient,Macronutrient data
1991_ivig_preload,exp-ivig_assay-lunch_data.csv,"C:/Users/kmill/The Pennsylvania State University/Rolls, Barbara Jean - currated_data/1991_ivig_preload/data/exp-ivig_assay-lunch_data.csv",other,tomato_cho_g,macronutrient,Macronutrient data
1991_ivig_preload,exp-ivig_assay-lunch_data.csv,"C:/Users/kmill/The Pennsylvania State University/Rolls, Barbara Jean - currated_data/1991_ivig_preload/data/exp-ivig_assay-lunch_data.csv",other,tomato_pro_g,macronutrient,Macronutrient data
1991_ivig_preload,exp-ivig_assay-lunch_data.csv,"C:/Users/kmill/The Pennsylvania State University/Rolls, Barbara Jean - currated_data/1991_ivig_preload/data/exp-ivig_assay-lunch_data.csv",other,cucumber_fat_g,macronutrient,Macronutrient data
1991_ivig_preload,exp-ivig_assay-lunch_data.csv,"C:/Users/kmill/The Pennsylvania State University/Rolls, Barbara Jean - currated_data/1991_ivig_preload/data/exp-ivig_assay-lunch_data.csv",other,cucumber_cho_g,macronutrient,Macronutrient data
1991_ivig_preload,exp-ivig_assay-lunch_data.csv,"C:/Users/kmill/The Pennsylvania State University/Rolls, Barbara Jean - currated_data/1991_ivig_preload/data/exp-ivig_assay-lunch_data.csv",other,cucumber_pro_g,macronutrient,Macronutrient data
1991_ivig_preload,exp-ivig_assay-lunch_data.csv,"C:/Users/kmill/The Pennsylvania State University/Rolls, Barbara Jean - currated_data/1991_ivig_preload/data/exp-ivig_assay-lunch_data.csv",other,cheese_fat_g,macronutrient,Macronutrient data
1991_ivig_preload,exp-ivig_assay-lunch_data.csv,"C:/Users/kmill/The Pennsylvania State University/Rolls, Barbara Jean - currated_data/1991_ivig_preload/data/exp-ivig_assay-lunch_data.csv",other,cheese_cho_g,macronutrient,Macronutrient data
1991_ivig_preload,exp-ivig_assay-lunch_data.csv,"C:/Users/kmill/The Pennsylvania State University/Rolls, Barbara Jean - currated_data/1991_ivig_preload/data/exp-ivig_assay-lunch_data.csv",other,cheese_pro_g,macronutrient,Macronutrient data
1991_ivig_preload,exp-ivig_assay-lunch_data.csv,"C:/Users/kmill/The Pennsylvania State University/Rolls, Barbara Jean - currated_data/1991_ivig_preload/data/exp-ivig_assay-lunch_data.csv",other,turkey_fat_g,macronutrient,Macronutrient data
1991_ivig_preload,exp-ivig_assay-lunch_data.csv,"C:/Users/kmill/The Pennsylvania State University/Rolls, Barbara Jean - currated_data/1991_ivig_preload/data/exp-ivig_assay-lunch_data.csv",other,turkey_cho_g,macronutrient,Macronutrient data
1991_ivig_preload,exp-ivig_assay-lunch_data.csv,"C:/Users/kmill/The Pennsylvania State University/Rolls, Barbara Jean - currated_data/1991_ivig_preload/data/exp-ivig_assay-lunch_data.csv",other,turkey_pro_g,macronutrient,Macronutrient data
1991_ivig_preload,exp-ivig_assay-lunch_data.csv,"C:/Users/kmill/The Pennsylvania State University/Rolls, Barbara Jean - currated_data/1991_ivig_preload/data/exp-ivig_assay-lunch_data.csv",other,tuna_salad_fat_g,macronutrient,Macronutrient data
1991_ivig_preload,exp-ivig_assay-lunch_data.csv,"C:/Users/kmill/The Pennsylvania State University/Rolls, Barbara Jean - currated_data/1991_ivig_preload/data/exp-ivig_assay-lunch_data.csv",other,tuna_salad_cho_g,macronutrient,Macronutrient data
1991_ivig_preload,exp-ivig_assay-lunch_data.csv,"C:/Users/kmill/The Pennsylvania State University/Rolls, Barbara Jean - currated_data/1991_ivig_preload/data/exp-ivig_assay-lunch_data.csv",other,tuna_salad_pro_g,macronutrient,Macronutrient data
1991_ivig_preload,exp-ivig_assay-lunch_data.csv,"C:/Users/kmill/The Pennsylvania State University/Rolls, Barbara Jean - currated_data/1991_ivig_preload/data/exp-ivig_assay-lunch_data.csv",other,dressing_fat_g,macronutrient,Macronutrient data
1991_ivig_preload,exp-ivig_assay-lunch_data.csv,"C:/Users/kmill/The Pennsylvania State University/Rolls, Barbara Jean - currated_data/1991_ivig_preload/data/exp-ivig_assay-lunch_data.csv",other,dressing_cho_g,macronutrient,Macronutrient data
1991_ivig_preload,exp-ivig_assay-lunch_data.csv,"C:/Users/kmill/The Pennsylvania State University/Rolls, Barbara Jean - currated_data/1991_ivig_preload/data/exp-ivig_assay-lunch_data.csv",other,dressing_pro_g,macronutrient,Macronutrient data
1991_ivig_preload,exp-ivig_assay-lunch_data.csv,"C:/Users/kmill/The Pennsylvania State University/Rolls, Barbara Jean - currated_data/1991_ivig_preload/data/exp-ivig_assay-lunch_data.csv",other,lc_dressing_fat_g,macronutrient,Macronutrient data
1991_ivig_preload,exp-ivig_assay-lunch_data.csv,"C:/Users/kmill/The Pennsylvania State University/Rolls, Barbara Jean - currated_data/1991_ivig_preload/data/exp-ivig_assay-lunch_data.csv",other,lc_dressing_cho_g,macronutrient,Macronutrient data
1991_ivig_preload,exp-ivig_assay-lunch_data.csv,"C:/Users/kmill/The Pennsylvania State University/Rolls, Barbara Jean - currated_data/1991_ivig_preload/data/exp-ivig_assay-lunch_data.csv",other,lc_dressing_pro_g,macronutrient,Macronutrient data
1991_ivig_preload,exp-ivig_assay-lunch_data.csv,"C:/Users/kmill/The Pennsylvania State University/Rolls, Barbara Jean - currated_data/1991_ivig_preload/data/exp-ivig_assay-lunch_data.csv",other,milk_fat_g,macronutrient,Macronutrient data
1991_ivig_preload,exp-ivig_assay-lunch_data.csv,"C:/Users/kmill/The Pennsylvania State University/Rolls, Barbara Jean - currated_data/1991_ivig_preload/data/exp-ivig_assay-lunch_data.csv",other,milk_cho_g,macronutrient,Macronutrient data
1991_ivig_preload,exp-ivig_assay-lunch_data.csv,"C:/Users/kmill/The Pennsylvania State University/Rolls, Barbara Jean - currated_data/1991_ivig_preload/data/exp-ivig_assay-lunch_data.csv",other,milk_pro_g,macronutrient,Macronutrient data
1991_ivig_preload,exp-ivig_assay-lunch_data.csv,"C:/Users/kmill/The Pennsylvania State University/Rolls, Barbara Jean - currated_data/1991_ivig_preload/data/exp-ivig_assay-lunch_data.csv",other,apple_fat_g,macronutrient,Macronutrient data
1991_ivig_preload,exp-ivig_assay-lunch_data.csv,"C:/Users/kmill/The Pennsylvania State University/Rolls, Barbara Jean - currated_data/1991_ivig_preload/data/exp-ivig_assay-lunch_data.csv",other,apple_cho_g,macronutrient,Macronutrient data
1991_ivig_preload,exp-ivig_assay-lunch_data.csv,"C:/Users/kmill/The Pennsylvania State University/Rolls, Barbara Jean - currated_data/1991_ivig_preload/data/exp-ivig_assay-lunch_data.csv",other,apple_pro_g,macronutrient,Macronutrient data
1991_ivig_preload,exp-ivig_assay-lunch_data.csv,"C:/Users/kmill/The Pennsylvania State University/Rolls, Barbara Jean - currated_data/1991_ivig_preload/data/exp-ivig_assay-lunch_data.csv",other,icecream_fat_g,macronutrient,Macronutrient data
1991_ivig_preload,exp-ivig_assay-lunch_data.csv,"C:/Users/kmill/The Pennsylvania State University/Rolls, Barbara Jean - currated_data/1991_ivig_preload/data/exp-ivig_assay-lunch_data.csv",other,icecream_cho_g,macronutrient,Macronutrient data
1991_ivig_preload,exp-ivig_assay-lunch_data.csv,"C:/Users/kmill/The Pennsylvania State University/Rolls, Barbara Jean - currated_data/1991_ivig_preload/data/exp-ivig_assay-lunch_data.csv",other,icecream_pro_g,macronutrient,Macronutrient data
1991_ivig_preload,exp-ivig_assay-lunch_data.csv,"C:/Users/kmill/The Pennsylvania State University/Rolls, Barbara Jean - currated_data/1991_ivig_preload/data/exp-ivig_assay-lunch_data.csv",other,sorbet_fat_g,macronutrient,Macronutrient data
1991_ivig_preload,exp-ivig_assay-lunch_data.csv,"C:/Users/kmill/The Pennsylvania State University/Rolls, Barbara Jean - currated_data/1991_ivig_preload/data/exp-ivig_assay-lunch_data.csv",other,sorbet_cho_g,macronutrient,Macronutrient data
1991_ivig_preload,exp-ivig_assay-lunch_data.csv,"C:/Users/kmill/The Pennsylvania State University/Rolls, Barbara Jean - currated_data/1991_ivig_preload/data/exp-ivig_assay-lunch_data.csv",other,sorbet_pro_g,macronutrient,Macronutrient data
1991_ivig_preload,exp-ivig_assay-lunch_data.csv,"C:/Users/kmill/The Pennsylvania State University/Rolls, Barbara Jean - currated_data/1991_ivig_preload/data/exp-ivig_assay-lunch_data.csv",other,lunch_fat_g,macronutrient,Macronutrient data
1991_ivig_preload,exp-ivig_assay-lunch_data.csv,"C:/Users/kmill/The Pennsylvania State University/Rolls, Barbara Jean - currated_data/1991_ivig_preload/data/exp-ivig_assay-lunch_data.csv",other,lunch_cho_g,macronutrient,Macronutrient data
1991_ivig_preload,exp-ivig_assay-lunch_data.csv,"C:/Users/kmill/The Pennsylvania State University/Rolls, Barbara Jean - currated_data/1991_ivig_preload/data/exp-ivig_assay-lunch_data.csv",other,lunch_pro_g,macronutrient,Macronutrient data
1991_ivig_preload,exp-ivig_assay-lunch_data.csv,"C:/Users/kmill/The Pennsylvania State University/Rolls, Barbara Jean - currated_data/1991_ivig_preload/data/exp-ivig_assay-lunch_data.csv",other,lunch_fat_cal,macronutrient,Macronutrient data
1991_ivig_preload,exp-ivig_assay-lunch_data.csv,"C:/Users/kmill/The Pennsylvania State University/Rolls, Barbara Jean - currated_data/1991_ivig_preload/data/exp-ivig_assay-lunch_data.csv",other,lunch_perc_fat_cal,macronutrient,Macronutrient data
1991_ivig_preload,exp-ivig_assay-lunch_data.csv,"C:/Users/kmill/The Pennsylvania State University/Rolls, Barbara Jean - currated_data/1991_ivig_preload/data/exp-ivig_assay-lunch_data.csv",other,lunch_cho_cal,macronutrient,Macronutrient data
1991_ivig_preload,exp-ivig_assay-lunch_data.csv,"C:/Users/kmill/The Pennsylvania State University/Rolls, Barbara Jean - currated_data/1991_ivig_preload/data/exp-ivig_assay-lunch_data.csv",other,lunch_perc_cho_cal,macronutrient,Macronutrient data
1991_ivig_preload,exp-ivig_assay-lunch_data.csv,"C:/Users/kmill/The Pennsylvania State University/Rolls, Barbara Jean - currated_data/1991_ivig_preload/data/exp-ivig_assay-lunch_data.csv",other,lunch_pro_cal,macronutrient,Macronutrient data
1991_ivig_preload,exp-ivig_assay-lunch_data.csv,"C:/Users/kmill/The Pennsylvania State University/Rolls, Barbara Jean - currated_data/1991_ivig_preload/data/exp-ivig_assay-lunch_data.csv",other,lunch_perc_pro_cal,macronutrient,Macronutrient data
1991_ivig_preload,exp-ivig_assay-rating_data.csv,"C:/Users/kmill/The Pennsylvania State University/Rolls, Barbara Jean - currated_data/1991_ivig_preload/data/exp-ivig_assay-rating_data.csv",ratings,hunger,questionnaire,Questionnaire data
1991_ivig_preload,exp-ivig_assay-rating_data.csv,"C:/Users/kmill/The Pennsylvania State University/Rolls, Barbara Jean - currated_data/1991_ivig_preload/data/exp-ivig_assay-rating_data.csv",ratings,fullness,questionnaire,Questionnaire data
1991_ivig_preload,exp-ivig_assay-rating_data.csv,"C:/Users/kmill/The Pennsylvania State University/Rolls, Barbara Jean - currated_data/1991_ivig_preload/data/exp-ivig_assay-rating_data.csv",ratings,nausea,questionnaire,Questionnaire data
1991_ivig_preload,exp-ivig_assay-rating_data.csv,"C:/Users/kmill/The Pennsylvania State University/Rolls, Barbara Jean - currated_data/1991_ivig_preload/data/exp-ivig_assay-rating_data.csv",ratings,thirst,questionnaire,Questionnaire data
1991_ivig_preload,exp-ivig_assay-rating_data.csv,"C:/Users/kmill/The Pennsylvania State University/Rolls, Barbara Jean - currated_data/1991_ivig_preload/data/exp-ivig_assay-rating_data.csv",ratings,desire,questionnaire,Questionnaire data
1991_ivig_preload,exp-ivig_assay-rating_data.csv,"C:/Users/kmill/The Pennsylvania State University/Rolls, Barbara Jean - currated_data/1991_ivig_preload/data/exp-ivig_assay-rating_data.csv",ratings,cramps,questionnaire,Questionnaire data
1991_ivig_preload,exp-ivig_assay-rating_data.csv,"C:/Users/kmill/The Pennsylvania State University/Rolls, Barbara Jean - currated_data/1991_ivig_preload/data/exp-ivig_assay-rating_data.csv",ratings,bloated,questionnaire,Questionnaire data
1991_ivig_preload,exp-yogurtsss_assay-intake_data.csv,"C:/Users/kmill/The Pennsylvania State University/Rolls, Barbara Jean - currated_data/1991_ivig_preload/data/exp-yogurtsss_assay-intake_data.csv",intake,chips_g,intake,Intake variables
1991_ivig_preload,exp-yogurtsss_assay-intake_data.csv,"C:/Users/kmill/The Pennsylvania State University/Rolls, Barbara Jean - currated_data/1991_ivig_preload/data/exp-yogurtsss_assay-intake_data.csv",intake,pretzel_g,intake,Intake variables
1991_ivig_preload,exp-yogurtsss_assay-intake_data.csv,"C:/Users/kmill/The Pennsylvania State University/Rolls, Barbara Jean - currated_data/1991_ivig_preload/data/exp-yogurtsss_assay-intake_data.csv",intake,mustard_g,intake,Intake variables
1991_ivig_preload,exp-yogurtsss_assay-intake_data.csv,"C:/Users/kmill/The Pennsylvania State University/Rolls, Barbara Jean - currated_data/1991_ivig_preload/data/exp-yogurtsss_assay-intake_data.csv",intake,mayo_g,intake,Intake variables
1991_ivig_preload,exp-yogurtsss_assay-intake_data.csv,"C:/Users/kmill/The Pennsylvania State University/Rolls, Barbara Jean - currated_data/1991_ivig_preload/data/exp-yogurtsss_assay-intake_data.csv",intake,bread_g,intake,Intake variables
1991_ivig_preload,exp-yogurtsss_assay-intake_data.csv,"C:/Users/kmill/The Pennsylvania State University/Rolls, Barbara Jean - currated_data/1991_ivig_preload/data/exp-yogurtsss_assay-intake_data.csv",intake,lettuce_g,intake,Intake variables
1991_ivig_preload,exp-yogurtsss_assay-intake_data.csv,"C:/Users/kmill/The Pennsylvania State University/Rolls, Barbara Jean - currated_data/1991_ivig_preload/data/exp-yogurtsss_assay-intake_data.csv",intake,tomato_g,intake,Intake variables
1991_ivig_preload,exp-yogurtsss_assay-intake_data.csv,"C:/Users/kmill/The Pennsylvania State University/Rolls, Barbara Jean - currated_data/1991_ivig_preload/data/exp-yogurtsss_assay-intake_data.csv",intake,cucumber_g,intake,Intake variables
1991_ivig_preload,exp-yogurtsss_assay-intake_data.csv,"C:/Users/kmill/The Pennsylvania State University/Rolls, Barbara Jean - currated_data/1991_ivig_preload/data/exp-yogurtsss_assay-intake_data.csv",intake,cheese_g,intake,Intake variables
1991_ivig_preload,exp-yogurtsss_assay-intake_data.csv,"C:/Users/kmill/The Pennsylvania State University/Rolls, Barbara Jean - currated_data/1991_ivig_preload/data/exp-yogurtsss_assay-intake_data.csv",intake,turkey_g,intake,Intake variables
1991_ivig_preload,exp-yogurtsss_assay-intake_data.csv,"C:/Users/kmill/The Pennsylvania State University/Rolls, Barbara Jean - currated_data/1991_ivig_preload/data/exp-yogurtsss_assay-intake_data.csv",intake,tuna_salad_g,intake,Intake variables
1991_ivig_preload,exp-yogurtsss_assay-intake_data.csv,"C:/Users/kmill/The Pennsylvania State University/Rolls, Barbara Jean - currated_data/1991_ivig_preload/data/exp-yogurtsss_assay-intake_data.csv",intake,dressing_g,intake,Intake variables
1991_ivig_preload,exp-yogurtsss_assay-intake_data.csv,"C:/Users/kmill/The Pennsylvania State University/Rolls, Barbara Jean - currated_data/1991_ivig_preload/data/exp-yogurtsss_assay-intake_data.csv",intake,lc_dressing_g,intake,Intake variables
1991_ivig_preload,exp-yogurtsss_assay-intake_data.csv,"C:/Users/kmill/The Pennsylvania State University/Rolls, Barbara Jean - currated_data/1991_ivig_preload/data/exp-yogurtsss_assay-intake_data.csv",intake,water_g,intake,Intake variables
1991_ivig_preload,exp-yogurtsss_assay-intake_data.csv,"C:/Users/kmill/The Pennsylvania State University/Rolls, Barbara Jean - currated_data/1991_ivig_preload/data/exp-yogurtsss_assay-intake_data.csv",intake,chocolate_g,intake,Intake variables
1991_ivig_preload,exp-yogurtsss_assay-intake_data.csv,"C:/Users/kmill/The Pennsylvania State University/Rolls, Barbara Jean - currated_data/1991_ivig_preload/data/exp-yogurtsss_assay-intake_data.csv",intake,apple_g,intake,Intake variables
1991_ivig_preload,exp-yogurtsss_assay-intake_data.csv,"C:/Users/kmill/The Pennsylvania State University/Rolls, Barbara Jean - currated_data/1991_ivig_preload/data/exp-yogurtsss_assay-intake_data.csv",intake,icecream_g,intake,Intake variables
1991_ivig_preload,exp-yogurtsss_assay-intake_data.csv,"C:/Users/kmill/The Pennsylvania State University/Rolls, Barbara Jean - currated_data/1991_ivig_preload/data/exp-yogurtsss_assay-intake_data.csv",intake,sorbet_g,intake,Intake variables
1991_ivig_preload,exp-yogurtsss_assay-intake_data.csv,"C:/Users/kmill/The Pennsylvania State University/Rolls, Barbara Jean - currated_data/1991_ivig_preload/data/exp-yogurtsss_assay-intake_data.csv",intake,yogurt_g,intake,Intake variables
1991_ivig_preload,exp-yogurtsss_assay-intake_data.csv,"C:/Users/kmill/The Pennsylvania State University/Rolls, Barbara Jean - currated_data/1991_ivig_preload/data/exp-yogurtsss_assay-intake_data.csv",intake,chips_cal,intake,Intake variables
1991_ivig_preload,exp-yogurtsss_assay-intake_data.csv,"C:/Users/kmill/The Pennsylvania State University/Rolls, Barbara Jean - currated_data/1991_ivig_preload/data/exp-yogurtsss_assay-intake_data.csv",intake,chips_fat_g,macronutrient,Macronutrient data
1991_ivig_preload,exp-yogurtsss_assay-intake_data.csv,"C:/Users/kmill/The Pennsylvania State University/Rolls, Barbara Jean - currated_data/1991_ivig_preload/data/exp-yogurtsss_assay-intake_data.csv",intake,chips_cho_g,macronutrient,Macronutrient data
1991_ivig_preload,exp-yogurtsss_assay-intake_data.csv,"C:/Users/kmill/The Pennsylvania State University/Rolls, Barbara Jean - currated_data/1991_ivig_preload/data/exp-yogurtsss_assay-intake_data.csv",intake,chips_pro_g,macronutrient,Macronutrient data
1991_ivig_preload,exp-yogurtsss_assay-intake_data.csv,"C:/Users/kmill/The Pennsylvania State University/Rolls, Barbara Jean - currated_data/1991_ivig_preload/data/exp-yogurtsss_assay-intake_data.csv",intake,pretzel_cal,intake,Intake variables
1991_ivig_preload,exp-yogurtsss_assay-intake_data.csv,"C:/Users/kmill/The Pennsylvania State University/Rolls, Barbara Jean - currated_data/1991_ivig_preload/data/exp-yogurtsss_assay-intake_data.csv",intake,pretzel_fat_g,macronutrient,Macronutrient data
1991_ivig_preload,exp-yogurtsss_assay-intake_data.csv,"C:/Users/kmill/The Pennsylvania State University/Rolls, Barbara Jean - currated_data/1991_ivig_preload/data/exp-yogurtsss_assay-intake_data.csv",intake,pretzel_cho_g,macronutrient,Macronutrient data
1991_ivig_preload,exp-yogurtsss_assay-intake_data.csv,"C:/Users/kmill/The Pennsylvania State University/Rolls, Barbara Jean - currated_data/1991_ivig_preload/data/exp-yogurtsss_assay-intake_data.csv",intake,pretzel_pro_g,macronutrient,Macronutrient data
1991_ivig_preload,exp-yogurtsss_assay-intake_data.csv,"C:/Users/kmill/The Pennsylvania State University/Rolls, Barbara Jean - currated_data/1991_ivig_preload/data/exp-yogurtsss_assay-intake_data.csv",intake,mustard_cal,intake,Intake variables
1991_ivig_preload,exp-yogurtsss_assay-intake_data.csv,"C:/Users/kmill/The Pennsylvania State University/Rolls, Barbara Jean - currated_data/1991_ivig_preload/data/exp-yogurtsss_assay-intake_data.csv",intake,mustard_fat_g,macronutrient,Macronutrient data
1991_ivig_preload,exp-yogurtsss_assay-intake_data.csv,"C:/Users/kmill/The Pennsylvania State University/Rolls, Barbara Jean - currated_data/1991_ivig_preload/data/exp-yogurtsss_assay-intake_data.csv",intake,mustard_cho_g,macronutrient,Macronutrient data
1991_ivig_preload,exp-yogurtsss_assay-intake_data.csv,"C:/Users/kmill/The Pennsylvania State University/Rolls, Barbara Jean - currated_data/1991_ivig_preload/data/exp-yogurtsss_assay-intake_data.csv",intake,mustard_pro_g,macronutrient,Macronutrient data
1991_ivig_preload,exp-yogurtsss_assay-intake_data.csv,"C:/Users/kmill/The Pennsylvania State University/Rolls, Barbara Jean - currated_data/1991_ivig_preload/data/exp-yogurtsss_assay-intake_data.csv",intake,mayo_cal,intake,Intake variables
1991_ivig_preload,exp-yogurtsss_assay-intake_data.csv,"C:/Users/kmill/The Pennsylvania State University/Rolls, Barbara Jean - currated_data/1991_ivig_preload/data/exp-yogurtsss_assay-intake_data.csv",intake,mayo_fat_g,macronutrient,Macronutrient data
1991_ivig_preload,exp-yogurtsss_assay-intake_data.csv,"C:/Users/kmill/The Pennsylvania State University/Rolls, Barbara Jean - currated_data/1991_ivig_preload/data/exp-yogurtsss_assay-intake_data.csv",intake,mayo_cho_g,macronutrient,Macronutrient data
1991_ivig_preload,exp-yogurtsss_assay-intake_data.csv,"C:/Users/kmill/The Pennsylvania State University/Rolls, Barbara Jean - currated_data/1991_ivig_preload/data/exp-yogurtsss_assay-intake_data.csv",intake,mayo_pro_g,macronutrient,Macronutrient data
1991_ivig_preload,exp-yogurtsss_assay-intake_data.csv,"C:/Users/kmill/The Pennsylvania State University/Rolls, Barbara Jean - currated_data/1991_ivig_preload/data/exp-yogurtsss_assay-intake_data.csv",intake,bread_cal,intake,Intake variables
1991_ivig_preload,exp-yogurtsss_assay-intake_data.csv,"C:/Users/kmill/The Pennsylvania State University/Rolls, Barbara Jean - currated_data/1991_ivig_preload/data/exp-yogurtsss_assay-intake_data.csv",intake,bread_fat_g,macronutrient,Macronutrient data
1991_ivig_preload,exp-yogurtsss_assay-intake_data.csv,"C:/Users/kmill/The Pennsylvania State University/Rolls, Barbara Jean - currated_data/1991_ivig_preload/data/exp-yogurtsss_assay-intake_data.csv",intake,bread_cho_g,macronutrient,Macronutrient data
1991_ivig_preload,exp-yogurtsss_assay-intake_data.csv,"C:/Users/kmill/The Pennsylvania State University/Rolls, Barbara Jean - currated_data/1991_ivig_preload/data/exp-yogurtsss_assay-intake_data.csv",intake,bread_pro_g,macronutrient,Macronutrient data
1991_ivig_preload,exp-yogurtsss_assay-intake_data.csv,"C:/Users/kmill/The Pennsylvania State University/Rolls, Barbara Jean - currated_data/1991_ivig_preload/data/exp-yogurtsss_assay-intake_data.csv",intake,lettuce_cal,intake,Intake variables
1991_ivig_preload,exp-yogurtsss_assay-intake_data.csv,"C:/Users/kmill/The Pennsylvania State University/Rolls, Barbara Jean - currated_data/1991_ivig_preload/data/exp-yogurtsss_assay-intake_data.csv",intake,lettuce_fat_g,macronutrient,Macronutrient data
1991_ivig_preload,exp-yogurtsss_assay-intake_data.csv,"C:/Users/kmill/The Pennsylvania State University/Rolls, Barbara Jean - currated_data/1991_ivig_preload/data/exp-yogurtsss_assay-intake_data.csv",intake,lettuce_cho_g,macronutrient,Macronutrient data
1991_ivig_preload,exp-yogurtsss_assay-intake_data.csv,"C:/Users/kmill/The Pennsylvania State University/Rolls, Barbara Jean - currated_data/1991_ivig_preload/data/exp-yogurtsss_assay-intake_data.csv",intake,lettuce_pro_g,macronutrient,Macronutrient data
1991_ivig_preload,exp-yogurtsss_assay-intake_data.csv,"C:/Users/kmill/The Pennsylvania State University/Rolls, Barbara Jean - currated_data/1991_ivig_preload/data/exp-yogurtsss_assay-intake_data.csv",intake,tomato_cal,intake,Intake variables
1991_ivig_preload,exp-yogurtsss_assay-intake_data.csv,"C:/Users/kmill/The Pennsylvania State University/Rolls, Barbara Jean - currated_data/1991_ivig_preload/data/exp-yogurtsss_assay-intake_data.csv",intake,tomato_fat_g,macronutrient,Macronutrient data
1991_ivig_preload,exp-yogurtsss_assay-intake_data.csv,"C:/Users/kmill/The Pennsylvania State University/Rolls, Barbara Jean - currated_data/1991_ivig_preload/data/exp-yogurtsss_assay-intake_data.csv",intake,tomato_cho_g,macronutrient,Macronutrient data
1991_ivig_preload,exp-yogurtsss_assay-intake_data.csv,"C:/Users/kmill/The Pennsylvania State University/Rolls, Barbara Jean - currated_data/1991_ivig_preload/data/exp-yogurtsss_assay-intake_data.csv",intake,tomato_pro_g,macronutrient,Macronutrient data
1991_ivig_preload,exp-yogurtsss_assay-intake_data.csv,"C:/Users/kmill/The Pennsylvania State University/Rolls, Barbara Jean - currated_data/1991_ivig_preload/data/exp-yogurtsss_assay-intake_data.csv",intake,cucumber_cal,intake,Intake variables
1991_ivig_preload,exp-yogurtsss_assay-intake_data.csv,"C:/Users/kmill/The Pennsylvania State University/Rolls, Barbara Jean - currated_data/1991_ivig_preload/data/exp-yogurtsss_assay-intake_data.csv",intake,cucumber_fat_g,macronutrient,Macronutrient data
1991_ivig_preload,exp-yogurtsss_assay-intake_data.csv,"C:/Users/kmill/The Pennsylvania State University/Rolls, Barbara Jean - currated_data/1991_ivig_preload/data/exp-yogurtsss_assay-intake_data.csv",intake,cucumber_cho_g,macronutrient,Macronutrient data
1991_ivig_preload,exp-yogurtsss_assay-intake_data.csv,"C:/Users/kmill/The Pennsylvania State University/Rolls, Barbara Jean - currated_data/1991_ivig_preload/data/exp-yogurtsss_assay-intake_data.csv",intake,cucumber_pro_g,macronutrient,Macronutrient data
1991_ivig_preload,exp-yogurtsss_assay-intake_data.csv,"C:/Users/kmill/The Pennsylvania State University/Rolls, Barbara Jean - currated_data/1991_ivig_preload/data/exp-yogurtsss_assay-intake_data.csv",intake,cheese_cal,intake,Intake variables
1991_ivig_preload,exp-yogurtsss_assay-intake_data.csv,"C:/Users/kmill/The Pennsylvania State University/Rolls, Barbara Jean - currated_data/1991_ivig_preload/data/exp-yogurtsss_assay-intake_data.csv",intake,cheese_fat_g,macronutrient,Macronutrient data
1991_ivig_preload,exp-yogurtsss_assay-intake_data.csv,"C:/Users/kmill/The Pennsylvania State University/Rolls, Barbara Jean - currated_data/1991_ivig_preload/data/exp-yogurtsss_assay-intake_data.csv",intake,cheese_cho_g,macronutrient,Macronutrient data
1991_ivig_preload,exp-yogurtsss_assay-intake_data.csv,"C:/Users/kmill/The Pennsylvania State University/Rolls, Barbara Jean - currated_data/1991_ivig_preload/data/exp-yogurtsss_assay-intake_data.csv",intake,cheese_pro_g,macronutrient,Macronutrient data
1991_ivig_preload,exp-yogurtsss_assay-intake_data.csv,"C:/Users/kmill/The Pennsylvania State University/Rolls, Barbara Jean - currated_data/1991_ivig_preload/data/exp-yogurtsss_assay-intake_data.csv",intake,turkey_cal,intake,Intake variables
1991_ivig_preload,exp-yogurtsss_assay-intake_data.csv,"C:/Users/kmill/The Pennsylvania State University/Rolls, Barbara Jean - currated_data/1991_ivig_preload/data/exp-yogurtsss_assay-intake_data.csv",intake,turkey_fat_g,macronutrient,Macronutrient data
1991_ivig_preload,exp-yogurtsss_assay-intake_data.csv,"C:/Users/kmill/The Pennsylvania State University/Rolls, Barbara Jean - currated_data/1991_ivig_preload/data/exp-yogurtsss_assay-intake_data.csv",intake,turkey_cho_g,macronutrient,Macronutrient data
1991_ivig_preload,exp-yogurtsss_assay-intake_data.csv,"C:/Users/kmill/The Pennsylvania State University/Rolls, Barbara Jean - currated_data/1991_ivig_preload/data/exp-yogurtsss_assay-intake_data.csv",intake,turkey_pro_g,macronutrient,Macronutrient data
1991_ivig_preload,exp-yogurtsss_assay-intake_data.csv,"C:/Users/kmill/The Pennsylvania State University/Rolls, Barbara Jean - currated_data/1991_ivig_preload/data/exp-yogurtsss_assay-intake_data.csv",intake,tuna_salad_cal,intake,Intake variables
1991_ivig_preload,exp-yogurtsss_assay-intake_data.csv,"C:/Users/kmill/The Pennsylvania State University/Rolls, Barbara Jean - currated_data/1991_ivig_preload/data/exp-yogurtsss_assay-intake_data.csv",intake,tuna_salad_fat_g,macronutrient,Macronutrient data
1991_ivig_preload,exp-yogurtsss_assay-intake_data.csv,"C:/Users/kmill/The Pennsylvania State University/Rolls, Barbara Jean - currated_data/1991_ivig_preload/data/exp-yogurtsss_assay-intake_data.csv",intake,tuna_salad_cho_g,macronutrient,Macronutrient data
1991_ivig_preload,exp-yogurtsss_assay-intake_data.csv,"C:/Users/kmill/The Pennsylvania State University/Rolls, Barbara Jean - currated_data/1991_ivig_preload/data/exp-yogurtsss_assay-intake_data.csv",intake,tuna_salad_pro_g,macronutrient,Macronutrient data
1991_ivig_preload,exp-yogurtsss_assay-intake_data.csv,"C:/Users/kmill/The Pennsylvania State University/Rolls, Barbara Jean - currated_data/1991_ivig_preload/data/exp-yogurtsss_assay-intake_data.csv",intake,dressing_cal,intake,Intake variables
1991_ivig_preload,exp-yogurtsss_assay-intake_data.csv,"C:/Users/kmill/The Pennsylvania State University/Rolls, Barbara Jean - currated_data/1991_ivig_preload/data/exp-yogurtsss_assay-intake_data.csv",intake,dressing_fat_g,macronutrient,Macronutrient data
1991_ivig_preload,exp-yogurtsss_assay-intake_data.csv,"C:/Users/kmill/The Pennsylvania State University/Rolls, Barbara Jean - currated_data/1991_ivig_preload/data/exp-yogurtsss_assay-intake_data.csv",intake,dressing_cho_g,macronutrient,Macronutrient data
1991_ivig_preload,exp-yogurtsss_assay-intake_data.csv,"C:/Users/kmill/The Pennsylvania State University/Rolls, Barbara Jean - currated_data/1991_ivig_preload/data/exp-yogurtsss_assay-intake_data.csv",intake,dressing_pro_g,macronutrient,Macronutrient data
1991_ivig_preload,exp-yogurtsss_assay-intake_data.csv,"C:/Users/kmill/The Pennsylvania State University/Rolls, Barbara Jean - currated_data/1991_ivig_preload/data/exp-yogurtsss_assay-intake_data.csv",intake,lc_dressing_cal,intake,Intake variables
1991_ivig_preload,exp-yogurtsss_assay-intake_data.csv,"C:/Users/kmill/The Pennsylvania State University/Rolls, Barbara Jean - currated_data/1991_ivig_preload/data/exp-yogurtsss_assay-intake_data.csv",intake,lc_dressing_fat_g,macronutrient,Macronutrient data
1991_ivig_preload,exp-yogurtsss_assay-intake_data.csv,"C:/Users/kmill/The Pennsylvania State University/Rolls, Barbara Jean - currated_data/1991_ivig_preload/data/exp-yogurtsss_assay-intake_data.csv",intake,lc_dressing_cho_g,macronutrient,Macronutrient data
1991_ivig_preload,exp-yogurtsss_assay-intake_data.csv,"C:/Users/kmill/The Pennsylvania State University/Rolls, Barbara Jean - currated_data/1991_ivig_preload/data/exp-yogurtsss_assay-intake_data.csv",intake,lc_dressing_pro_g,macronutrient,Macronutrient data
1991_ivig_preload,exp-yogurtsss_assay-intake_data.csv,"C:/Users/kmill/The Pennsylvania State University/Rolls, Barbara Jean - currated_data/1991_ivig_preload/data/exp-yogurtsss_assay-intake_data.csv",intake,milk_cal,intake,Intake variables
1991_ivig_preload,exp-yogurtsss_assay-intake_data.csv,"C:/Users/kmill/The Pennsylvania State University/Rolls, Barbara Jean - currated_data/1991_ivig_preload/data/exp-yogurtsss_assay-intake_data.csv",intake,milk_fat_g,macronutrient,Macronutrient data
1991_ivig_preload,exp-yogurtsss_assay-intake_data.csv,"C:/Users/kmill/The Pennsylvania State University/Rolls, Barbara Jean - currated_data/1991_ivig_preload/data/exp-yogurtsss_assay-intake_data.csv",intake,milk_cho_g,macronutrient,Macronutrient data
1991_ivig_preload,exp-yogurtsss_assay-intake_data.csv,"C:/Users/kmill/The Pennsylvania State University/Rolls, Barbara Jean - currated_data/1991_ivig_preload/data/exp-yogurtsss_assay-intake_data.csv",intake,milk_pro_g,macronutrient,Macronutrient data
1991_ivig_preload,exp-yogurtsss_assay-intake_data.csv,"C:/Users/kmill/The Pennsylvania State University/Rolls, Barbara Jean - currated_data/1991_ivig_preload/data/exp-yogurtsss_assay-intake_data.csv",intake,apple_cal,intake,Intake variables
1991_ivig_preload,exp-yogurtsss_assay-intake_data.csv,"C:/Users/kmill/The Pennsylvania State University/Rolls, Barbara Jean - currated_data/1991_ivig_preload/data/exp-yogurtsss_assay-intake_data.csv",intake,apple_fat_g,macronutrient,Macronutrient data
1991_ivig_preload,exp-yogurtsss_assay-intake_data.csv,"C:/Users/kmill/The Pennsylvania State University/Rolls, Barbara Jean - currated_data/1991_ivig_preload/data/exp-yogurtsss_assay-intake_data.csv",intake,apple_cho_g,macronutrient,Macronutrient data
1991_ivig_preload,exp-yogurtsss_assay-intake_data.csv,"C:/Users/kmill/The Pennsylvania State University/Rolls, Barbara Jean - currated_data/1991_ivig_preload/data/exp-yogurtsss_assay-intake_data.csv",intake,apple_pro_g,macronutrient,Macronutrient data
1991_ivig_preload,exp-yogurtsss_assay-intake_data.csv,"C:/Users/kmill/The Pennsylvania State University/Rolls, Barbara Jean - currated_data/1991_ivig_preload/data/exp-yogurtsss_assay-intake_data.csv",intake,icecream_cal,intake,Intake variables
1991_ivig_preload,exp-yogurtsss_assay-intake_data.csv,"C:/Users/kmill/The Pennsylvania State University/Rolls, Barbara Jean - currated_data/1991_ivig_preload/data/exp-yogurtsss_assay-intake_data.csv",intake,icecream_fat_g,macronutrient,Macronutrient data
1991_ivig_preload,exp-yogurtsss_assay-intake_data.csv,"C:/Users/kmill/The Pennsylvania State University/Rolls, Barbara Jean - currated_data/1991_ivig_preload/data/exp-yogurtsss_assay-intake_data.csv",intake,icecream_cho_g,macronutrient,Macronutrient data
1991_ivig_preload,exp-yogurtsss_assay-intake_data.csv,"C:/Users/kmill/The Pennsylvania State University/Rolls, Barbara Jean - currated_data/1991_ivig_preload/data/exp-yogurtsss_assay-intake_data.csv",intake,icecream_pro_g,macronutrient,Macronutrient data
1991_ivig_preload,exp-yogurtsss_assay-intake_data.csv,"C:/Users/kmill/The Pennsylvania State University/Rolls, Barbara Jean - currated_data/1991_ivig_preload/data/exp-yogurtsss_assay-intake_data.csv",intake,sorbet_cal,intake,Intake variables
1991_ivig_preload,exp-yogurtsss_assay-intake_data.csv,"C:/Users/kmill/The Pennsylvania State University/Rolls, Barbara Jean - currated_data/1991_ivig_preload/data/exp-yogurtsss_assay-intake_data.csv",intake,sorbet_fat_g,macronutrient,Macronutrient data
1991_ivig_preload,exp-yogurtsss_assay-intake_data.csv,"C:/Users/kmill/The Pennsylvania State University/Rolls, Barbara Jean - currated_data/1991_ivig_preload/data/exp-yogurtsss_assay-intake_data.csv",intake,sorbet_cho_g,macronutrient,Macronutrient data
1991_ivig_preload,exp-yogurtsss_assay-intake_data.csv,"C:/Users/kmill/The Pennsylvania State University/Rolls, Barbara Jean - currated_data/1991_ivig_preload/data/exp-yogurtsss_assay-intake_data.csv",intake,sorbet_pro_g,macronutrient,Macronutrient data
1991_ivig_preload,exp-yogurtsss_assay-intake_data.csv,"C:/Users/kmill/The Pennsylvania State University/Rolls, Barbara Jean - currated_data/1991_ivig_preload/data/exp-yogurtsss_assay-intake_data.csv",intake,lunch_cal,intake,Intake variables
1991_ivig_preload,exp-yogurtsss_assay-intake_data.csv,"C:/Users/kmill/The Pennsylvania State University/Rolls, Barbara Jean - currated_data/1991_ivig_preload/data/exp-yogurtsss_assay-intake_data.csv",intake,lunch_fat_g,macronutrient,Macronutrient data
1991_ivig_preload,exp-yogurtsss_assay-intake_data.csv,"C:/Users/kmill/The Pennsylvania State University/Rolls, Barbara Jean - currated_data/1991_ivig_preload/data/exp-yogurtsss_assay-intake_data.csv",intake,lunch_cho_g,macronutrient,Macronutrient data
1991_ivig_preload,exp-yogurtsss_assay-intake_data.csv,"C:/Users/kmill/The Pennsylvania State University/Rolls, Barbara Jean - currated_data/1991_ivig_preload/data/exp-yogurtsss_assay-intake_data.csv",intake,lunch_pro_g,macronutrient,Macronutrient data
1991_ivig_preload,exp-yogurtsss_assay-intake_data.csv,"C:/Users/kmill/The Pennsylvania State University/Rolls, Barbara Jean - currated_data/1991_ivig_preload/data/exp-yogurtsss_assay-intake_data.csv",intake,lunch_fat_cal,macronutrient,Macronutrient data
1991_ivig_preload,exp-yogurtsss_assay-intake_data.csv,"C:/Users/kmill/The Pennsylvania State University/Rolls, Barbara Jean - currated_data/1991_ivig_preload/data/exp-yogurtsss_assay-intake_data.csv",intake,lunch_perc_fat_cal,macronutrient,Macronutrient data
1991_ivig_preload,exp-yogurtsss_assay-intake_data.csv,"C:/Users/kmill/The Pennsylvania State University/Rolls, Barbara Jean - currated_data/1991_ivig_preload/data/exp-yogurtsss_assay-intake_data.csv",intake,lunch_cho_cal,macronutrient,Macronutrient data
1991_ivig_preload,exp-yogurtsss_assay-intake_data.csv,"C:/Users/kmill/The Pennsylvania State University/Rolls, Barbara Jean - currated_data/1991_ivig_preload/data/exp-yogurtsss_assay-intake_data.csv",intake,lunch_perc_cho_cal,macronutrient,Macronutrient data
1991_ivig_preload,exp-yogurtsss_assay-intake_data.csv,"C:/Users/kmill/The Pennsylvania State University/Rolls, Barbara Jean - currated_data/1991_ivig_preload/data/exp-yogurtsss_assay-intake_data.csv",intake,lunch_pro_cal,macronutrient,Macronutrient data
1991_ivig_preload,exp-yogurtsss_assay-intake_data.csv,"C:/Users/kmill/The Pennsylvania State University/Rolls, Barbara Jean - currated_data/1991_ivig_preload/data/exp-yogurtsss_assay-intake_data.csv",intake,lunch_perc_pro_cal,macronutrient,Macronutrient data
1991_ivig_preload,exp-yogurtsss_assay-intake_data.csv,"C:/Users/kmill/The Pennsylvania State University/Rolls, Barbara Jean - currated_data/1991_ivig_preload/data/exp-yogurtsss_assay-intake_data.csv",intake,yogurt_cal,intake,Intake variables
1991_ivig_preload,exp-yogurtsss_assay-intake_data.csv,"C:/Users/kmill/The Pennsylvania State University/Rolls, Barbara Jean - currated_data/1991_ivig_preload/data/exp-yogurtsss_assay-intake_data.csv",intake,yogurt_fat_g,macronutrient,Macronutrient data
1991_ivig_preload,exp-yogurtsss_assay-intake_data.csv,"C:/Users/kmill/The Pennsylvania State University/Rolls, Barbara Jean - currated_data/1991_ivig_preload/data/exp-yogurtsss_assay-intake_data.csv",intake,yogurt_cho_g,macronutrient,Macronutrient data
1991_ivig_preload,exp-yogurtsss_assay-intake_data.csv,"C:/Users/kmill/The Pennsylvania State University/Rolls, Barbara Jean - currated_data/1991_ivig_preload/data/exp-yogurtsss_assay-intake_data.csv",intake,yogurt_pro_g,macronutrient,Macronutrient data
1991_ivig_preload,exp-yogurtsss_assay-rating_data.csv,"C:/Users/kmill/The Pennsylvania State University/Rolls, Barbara Jean - currated_data/1991_ivig_preload/data/exp-yogurtsss_assay-rating_data.csv",ratings,yogurt_pleasant,questionnaire,Questionnaire data
1991_ivig_preload,exp-yogurtsss_assay-rating_data.csv,"C:/Users/kmill/The Pennsylvania State University/Rolls, Barbara Jean - currated_data/1991_ivig_preload/data/exp-yogurtsss_assay-rating_data.csv",ratings,yogurt_desire_eat,questionnaire,Questionnaire data
1991_ivig_preload,exp-yogurtsss_assay-rating_data.csv,"C:/Users/kmill/The Pennsylvania State University/Rolls, Barbara Jean - currated_data/1991_ivig_preload/data/exp-yogurtsss_assay-rating_data.csv",ratings,yogurt_subj_cal,questionnaire,Questionnaire data
1991_ivig_preload,exp-yogurtsss_assay-rating_data.csv,"C:/Users/kmill/The Pennsylvania State University/Rolls, Barbara Jean - currated_data/1991_ivig_preload/data/exp-yogurtsss_assay-rating_data.csv",ratings,yogurt_creaminess,questionnaire,Questionnaire data
1991_ivig_preload,exp-yogurtsss_assay-rating_data.csv,"C:/Users/kmill/The Pennsylvania State University/Rolls, Barbara Jean - currated_data/1991_ivig_preload/data/exp-yogurtsss_assay-rating_data.csv",ratings,yogurt_fruitiness,questionnaire,Questionnaire data
1991_ivig_preload,exp-yogurtsss_assay-rating_data.csv,"C:/Users/kmill/The Pennsylvania State University/Rolls, Barbara Jean - currated_data/1991_ivig_preload/data/exp-yogurtsss_assay-rating_data.csv",ratings,yogurt_fattiness,questionnaire,Questionnaire data
1991_ivig_preload,exp-yogurtsss_assay-rating_data.csv,"C:/Users/kmill/The Pennsylvania State University/Rolls, Barbara Jean - currated_data/1991_ivig_preload/data/exp-yogurtsss_assay-rating_data.csv",ratings,yogurt_subj_cho,macronutrient,Macronutrient data
1991_ivig_preload,exp-yogurtsss_assay-rating_data.csv,"C:/Users/kmill/The Pennsylvania State University/Rolls, Barbara Jean - currated_data/1991_ivig_preload/data/exp-yogurtsss_assay-rating_data.csv",ratings,yogurt_sweetness,questionnaire,Questionnaire data
1991_ivig_preload,exp-yogurtsss_assay-rating_data.csv,"C:/Users/kmill/The Pennsylvania State University/Rolls, Barbara Jean - currated_data/1991_ivig_preload/data/exp-yogurtsss_assay-rating_data.csv",ratings,yogurt_much_eat,questionnaire,Questionnaire data
1991_ivig_preload,exp-yogurtsss_assay-rating_data.csv,"C:/Users/kmill/The Pennsylvania State University/Rolls, Barbara Jean - currated_data/1991_ivig_preload/data/exp-yogurtsss_assay-rating_data.csv",ratings,hunger,questionnaire,Questionnaire data
1991_ivig_preload,exp-yogurtsss_assay-rating_data.csv,"C:/Users/kmill/The Pennsylvania State University/Rolls, Barbara Jean - currated_data/1991_ivig_preload/data/exp-yogurtsss_assay-rating_data.csv",ratings,thirst,questionnaire,Questionnaire data
1991_ivig_preload,exp-yogurtsss_assay-rating_data.csv,"C:/Users/kmill/The Pennsylvania State University/Rolls, Barbara Jean - currated_data/1991_ivig_preload/data/exp-yogurtsss_assay-rating_data.csv",ratings,fullness,questionnaire,Questionnaire data
1991_ivig_preload,exp-yogurtsss_assay-rating_data.csv,"C:/Users/kmill/The Pennsylvania State University/Rolls, Barbara Jean - currated_data/1991_ivig_preload/data/exp-yogurtsss_assay-rating_data.csv",ratings,desire_eat,questionnaire,Questionnaire data
1991_ivig_preload,exp-yogurtsss_assay-rating_data.csv,"C:/Users/kmill/The Pennsylvania State University/Rolls, Barbara Jean - currated_data/1991_ivig_preload/data/exp-yogurtsss_assay-rating_data.csv",ratings,much_eat,questionnaire,Questionnaire data
1991_ivig_preload,exp-yogurtsss_assay-rating_data.csv,"C:/Users/kmill/The Pennsylvania State University/Rolls, Barbara Jean - currated_data/1991_ivig_preload/data/exp-yogurtsss_assay-rating_data.csv",ratings,nausea,questionnaire,Questionnaire data
1992_eatdis_deprivation,assay-demo_data.csv,"C:/Users/kmill/The Pennsylvania State University/Rolls, Barbara Jean - currated_data/1992_eatdis_deprivation/data/assay-demo_data.csv",other,ei_hunger,questionnaire,Questionnaire data
1992_eatdis_deprivation,assay-intake_data.csv,"C:/Users/kmill/The Pennsylvania State University/Rolls, Barbara Jean - currated_data/1992_eatdis_deprivation/data/assay-intake_data.csv",intake,hunger_pre,questionnaire,Questionnaire data
1992_eatdis_deprivation,assay-intake_data.csv,"C:/Users/kmill/The Pennsylvania State University/Rolls, Barbara Jean - currated_data/1992_eatdis_deprivation/data/assay-intake_data.csv",intake,desire_pre,questionnaire,Questionnaire data
1992_eatdis_deprivation,assay-intake_data.csv,"C:/Users/kmill/The Pennsylvania State University/Rolls, Barbara Jean - currated_data/1992_eatdis_deprivation/data/assay-intake_data.csv",intake,fullness_pre,questionnaire,Questionnaire data
1992_eatdis_deprivation,assay-intake_data.csv,"C:/Users/kmill/The Pennsylvania State University/Rolls, Barbara Jean - currated_data/1992_eatdis_deprivation/data/assay-intake_data.csv",intake,fear_fat_pre,questionnaire,Questionnaire data
1992_eatdis_deprivation,assay-intake_data.csv,"C:/Users/kmill/The Pennsylvania State University/Rolls, Barbara Jean - currated_data/1992_eatdis_deprivation/data/assay-intake_data.csv",intake,binge_desire_pre,questionnaire,Questionnaire data
1992_eatdis_deprivation,assay-intake_data.csv,"C:/Users/kmill/The Pennsylvania State University/Rolls, Barbara Jean - currated_data/1992_eatdis_deprivation/data/assay-intake_data.csv",intake,purge_desire_pre,questionnaire,Questionnaire data
1992_eatdis_deprivation,assay-intake_data.csv,"C:/Users/kmill/The Pennsylvania State University/Rolls, Barbara Jean - currated_data/1992_eatdis_deprivation/data/assay-intake_data.csv",intake,nausea_pre,questionnaire,Questionnaire data
1992_eatdis_deprivation,assay-intake_data.csv,"C:/Users/kmill/The Pennsylvania State University/Rolls, Barbara Jean - currated_data/1992_eatdis_deprivation/data/assay-intake_data.csv",intake,hunger_post,questionnaire,Questionnaire data
1992_eatdis_deprivation,assay-intake_data.csv,"C:/Users/kmill/The Pennsylvania State University/Rolls, Barbara Jean - currated_data/1992_eatdis_deprivation/data/assay-intake_data.csv",intake,desire_post,questionnaire,Questionnaire data
1992_eatdis_deprivation,assay-intake_data.csv,"C:/Users/kmill/The Pennsylvania State University/Rolls, Barbara Jean - currated_data/1992_eatdis_deprivation/data/assay-intake_data.csv",intake,fullness_post,questionnaire,Questionnaire data
1992_eatdis_deprivation,assay-intake_data.csv,"C:/Users/kmill/The Pennsylvania State University/Rolls, Barbara Jean - currated_data/1992_eatdis_deprivation/data/assay-intake_data.csv",intake,fear_fat_post,questionnaire,Questionnaire data
1992_eatdis_deprivation,assay-intake_data.csv,"C:/Users/kmill/The Pennsylvania State University/Rolls, Barbara Jean - currated_data/1992_eatdis_deprivation/data/assay-intake_data.csv",intake,binge_desire_post,questionnaire,Questionnaire data
1992_eatdis_deprivation,assay-intake_data.csv,"C:/Users/kmill/The Pennsylvania State University/Rolls, Barbara Jean - currated_data/1992_eatdis_deprivation/data/assay-intake_data.csv",intake,purge_desire_post,questionnaire,Questionnaire data
1992_eatdis_deprivation,assay-intake_data.csv,"C:/Users/kmill/The Pennsylvania State University/Rolls, Barbara Jean - currated_data/1992_eatdis_deprivation/data/assay-intake_data.csv",intake,nausea_post,questionnaire,Questionnaire data
1992_eatdis_deprivation,assay-intake_data.csv,"C:/Users/kmill/The Pennsylvania State University/Rolls, Barbara Jean - currated_data/1992_eatdis_deprivation/data/assay-intake_data.csv",intake,total_g,intake,Intake variables
1992_eatdis_deprivation,assay-intake_data.csv,"C:/Users/kmill/The Pennsylvania State University/Rolls, Barbara Jean - currated_data/1992_eatdis_deprivation/data/assay-intake_data.csv",intake,total_kcal,intake,Intake variables
1992_eatdis_deprivation,assay-intake_data.csv,"C:/Users/kmill/The Pennsylvania State University/Rolls, Barbara Jean - currated_data/1992_eatdis_deprivation/data/assay-intake_data.csv",intake,total_fat_g,macronutrient,Macronutrient data
1992_eatdis_deprivation,assay-intake_data.csv,"C:/Users/kmill/The Pennsylvania State University/Rolls, Barbara Jean - currated_data/1992_eatdis_deprivation/data/assay-intake_data.csv",intake,total_cho_g,macronutrient,Macronutrient data
1992_eatdis_deprivation,assay-intake_data.csv,"C:/Users/kmill/The Pennsylvania State University/Rolls, Barbara Jean - currated_data/1992_eatdis_deprivation/data/assay-intake_data.csv",intake,total_pro_g,macronutrient,Macronutrient data
1992_eatdis_deprivation,assay-intake_data.csv,"C:/Users/kmill/The Pennsylvania State University/Rolls, Barbara Jean - currated_data/1992_eatdis_deprivation/data/assay-intake_data.csv",intake,perc_fat_g,macronutrient,Macronutrient data
1992_eatdis_deprivation,assay-intake_data.csv,"C:/Users/kmill/The Pennsylvania State University/Rolls, Barbara Jean - currated_data/1992_eatdis_deprivation/data/assay-intake_data.csv",intake,total_fat_cal,macronutrient,Macronutrient data
1992_eatdis_deprivation,assay-intake_data.csv,"C:/Users/kmill/The Pennsylvania State University/Rolls, Barbara Jean - currated_data/1992_eatdis_deprivation/data/assay-intake_data.csv",intake,perc_fat_cal,macronutrient,Macronutrient data
1992_eatdis_deprivation,assay-intake_data.csv,"C:/Users/kmill/The Pennsylvania State University/Rolls, Barbara Jean - currated_data/1992_eatdis_deprivation/data/assay-intake_data.csv",intake,perc_cho_g,macronutrient,Macronutrient data
1992_eatdis_deprivation,assay-intake_data.csv,"C:/Users/kmill/The Pennsylvania State University/Rolls, Barbara Jean - currated_data/1992_eatdis_deprivation/data/assay-intake_data.csv",intake,total_cho_cal,macronutrient,Macronutrient data
1992_eatdis_deprivation,assay-intake_data.csv,"C:/Users/kmill/The Pennsylvania State University/Rolls, Barbara Jean - currated_data/1992_eatdis_deprivation/data/assay-intake_data.csv",intake,perc_cho_cal,macronutrient,Macronutrient data
1992_eatdis_deprivation,assay-intake_data.csv,"C:/Users/kmill/The Pennsylvania State University/Rolls, Barbara Jean - currated_data/1992_eatdis_deprivation/data/assay-intake_data.csv",intake,perc_pro_g,macronutrient,Macronutrient data
1992_eatdis_deprivation,assay-intake_data.csv,"C:/Users/kmill/The Pennsylvania State University/Rolls, Barbara Jean - currated_data/1992_eatdis_deprivation/data/assay-intake_data.csv",intake,total_pro_cal,macronutrient,Macronutrient data
1992_eatdis_deprivation,assay-intake_data.csv,"C:/Users/kmill/The Pennsylvania State University/Rolls, Barbara Jean - currated_data/1992_eatdis_deprivation/data/assay-intake_data.csv",intake,perc_pro_cal,macronutrient,Macronutrient data
1992_eatdis_deprivation,assay-intake_data.csv,"C:/Users/kmill/The Pennsylvania State University/Rolls, Barbara Jean - currated_data/1992_eatdis_deprivation/data/assay-intake_data.csv",intake,pasta_g,intake,Intake variables
1992_eatdis_deprivation,assay-intake_data.csv,"C:/Users/kmill/The Pennsylvania State University/Rolls, Barbara Jean - currated_data/1992_eatdis_deprivation/data/assay-intake_data.csv",intake,marinara_g,intake,Intake variables
1992_eatdis_deprivation,assay-intake_data.csv,"C:/Users/kmill/The Pennsylvania State University/Rolls, Barbara Jean - currated_data/1992_eatdis_deprivation/data/assay-intake_data.csv",intake,alfredo_g,intake,Intake variables
1992_eatdis_deprivation,assay-intake_data.csv,"C:/Users/kmill/The Pennsylvania State University/Rolls, Barbara Jean - currated_data/1992_eatdis_deprivation/data/assay-intake_data.csv",intake,turkey_g,intake,Intake variables
1992_eatdis_deprivation,assay-intake_data.csv,"C:/Users/kmill/The Pennsylvania State University/Rolls, Barbara Jean - currated_data/1992_eatdis_deprivation/data/assay-intake_data.csv",intake,cheese_g,intake,Intake variables
1992_eatdis_deprivation,assay-intake_data.csv,"C:/Users/kmill/The Pennsylvania State University/Rolls, Barbara Jean - currated_data/1992_eatdis_deprivation/data/assay-intake_data.csv",intake,lettuce_g,intake,Intake variables
1992_eatdis_deprivation,assay-intake_data.csv,"C:/Users/kmill/The Pennsylvania State University/Rolls, Barbara Jean - currated_data/1992_eatdis_deprivation/data/assay-intake_data.csv",intake,cucumber_g,intake,Intake variables
1992_eatdis_deprivation,assay-intake_data.csv,"C:/Users/kmill/The Pennsylvania State University/Rolls, Barbara Jean - currated_data/1992_eatdis_deprivation/data/assay-intake_data.csv",intake,tomato_g,intake,Intake variables
1992_eatdis_deprivation,assay-intake_data.csv,"C:/Users/kmill/The Pennsylvania State University/Rolls, Barbara Jean - currated_data/1992_eatdis_deprivation/data/assay-intake_data.csv",intake,chips_g,intake,Intake variables
1992_eatdis_deprivation,assay-intake_data.csv,"C:/Users/kmill/The Pennsylvania State University/Rolls, Barbara Jean - currated_data/1992_eatdis_deprivation/data/assay-intake_data.csv",intake,apple_g,intake,Intake variables
1992_eatdis_deprivation,assay-intake_data.csv,"C:/Users/kmill/The Pennsylvania State University/Rolls, Barbara Jean - currated_data/1992_eatdis_deprivation/data/assay-intake_data.csv",intake,icecream_g,intake,Intake variables
1992_eatdis_deprivation,assay-intake_data.csv,"C:/Users/kmill/The Pennsylvania State University/Rolls, Barbara Jean - currated_data/1992_eatdis_deprivation/data/assay-intake_data.csv",intake,brownie_g,intake,Intake variables
1992_eatdis_deprivation,assay-intake_data.csv,"C:/Users/kmill/The Pennsylvania State University/Rolls, Barbara Jean - currated_data/1992_eatdis_deprivation/data/assay-intake_data.csv",intake,cookies_g,intake,Intake variables
1992_eatdis_deprivation,assay-intake_data.csv,"C:/Users/kmill/The Pennsylvania State University/Rolls, Barbara Jean - currated_data/1992_eatdis_deprivation/data/assay-intake_data.csv",intake,cake_g,intake,Intake variables
1992_eatdis_deprivation,assay-intake_data.csv,"C:/Users/kmill/The Pennsylvania State University/Rolls, Barbara Jean - currated_data/1992_eatdis_deprivation/data/assay-intake_data.csv",intake,snickers_g,intake,Intake variables
1992_eatdis_deprivation,assay-intake_data.csv,"C:/Users/kmill/The Pennsylvania State University/Rolls, Barbara Jean - currated_data/1992_eatdis_deprivation/data/assay-intake_data.csv",intake,hershey_kiss_g,intake,Intake variables
1992_eatdis_deprivation,assay-intake_data.csv,"C:/Users/kmill/The Pennsylvania State University/Rolls, Barbara Jean - currated_data/1992_eatdis_deprivation/data/assay-intake_data.csv",intake,bread_g,intake,Intake variables
1992_eatdis_deprivation,assay-intake_data.csv,"C:/Users/kmill/The Pennsylvania State University/Rolls, Barbara Jean - currated_data/1992_eatdis_deprivation/data/assay-intake_data.csv",intake,margarine_g,intake,Intake variables
1992_eatdis_deprivation,assay-intake_data.csv,"C:/Users/kmill/The Pennsylvania State University/Rolls, Barbara Jean - currated_data/1992_eatdis_deprivation/data/assay-intake_data.csv",intake,mayo_g,intake,Intake variables
1992_eatdis_deprivation,assay-intake_data.csv,"C:/Users/kmill/The Pennsylvania State University/Rolls, Barbara Jean - currated_data/1992_eatdis_deprivation/data/assay-intake_data.csv",intake,mustard_g,intake,Intake variables
1992_eatdis_deprivation,assay-intake_data.csv,"C:/Users/kmill/The Pennsylvania State University/Rolls, Barbara Jean - currated_data/1992_eatdis_deprivation/data/assay-intake_data.csv",intake,parm_cheese_g,intake,Intake variables
1992_eatdis_deprivation,assay-intake_data.csv,"C:/Users/kmill/The Pennsylvania State University/Rolls, Barbara Jean - currated_data/1992_eatdis_deprivation/data/assay-intake_data.csv",intake,water_g,intake,Intake variables
1992_eatdis_deprivation,assay-intake_data.csv,"C:/Users/kmill/The Pennsylvania State University/Rolls, Barbara Jean - currated_data/1992_eatdis_deprivation/data/assay-intake_data.csv",intake,pasta_cal,intake,Intake variables
1992_eatdis_deprivation,assay-intake_data.csv,"C:/Users/kmill/The Pennsylvania State University/Rolls, Barbara Jean - currated_data/1992_eatdis_deprivation/data/assay-intake_data.csv",intake,marinara_cal,intake,Intake variables
1992_eatdis_deprivation,assay-intake_data.csv,"C:/Users/kmill/The Pennsylvania State University/Rolls, Barbara Jean - currated_data/1992_eatdis_deprivation/data/assay-intake_data.csv",intake,alfredo_cal,intake,Intake variables
1992_eatdis_deprivation,assay-intake_data.csv,"C:/Users/kmill/The Pennsylvania State University/Rolls, Barbara Jean - currated_data/1992_eatdis_deprivation/data/assay-intake_data.csv",intake,turkey_cal,intake,Intake variables
1992_eatdis_deprivation,assay-intake_data.csv,"C:/Users/kmill/The Pennsylvania State University/Rolls, Barbara Jean - currated_data/1992_eatdis_deprivation/data/assay-intake_data.csv",intake,cheese_cal,intake,Intake variables
1992_eatdis_deprivation,assay-intake_data.csv,"C:/Users/kmill/The Pennsylvania State University/Rolls, Barbara Jean - currated_data/1992_eatdis_deprivation/data/assay-intake_data.csv",intake,lettuce_cal,intake,Intake variables
1992_eatdis_deprivation,assay-intake_data.csv,"C:/Users/kmill/The Pennsylvania State University/Rolls, Barbara Jean - currated_data/1992_eatdis_deprivation/data/assay-intake_data.csv",intake,cucumber_cal,intake,Intake variables
1992_eatdis_deprivation,assay-intake_data.csv,"C:/Users/kmill/The Pennsylvania State University/Rolls, Barbara Jean - currated_data/1992_eatdis_deprivation/data/assay-intake_data.csv",intake,tomato_cal,intake,Intake variables
1992_eatdis_deprivation,assay-intake_data.csv,"C:/Users/kmill/The Pennsylvania State University/Rolls, Barbara Jean - currated_data/1992_eatdis_deprivation/data/assay-intake_data.csv",intake,chips_cal,intake,Intake variables
1992_eatdis_deprivation,assay-intake_data.csv,"C:/Users/kmill/The Pennsylvania State University/Rolls, Barbara Jean - currated_data/1992_eatdis_deprivation/data/assay-intake_data.csv",intake,apple_cal,intake,Intake variables
1992_eatdis_deprivation,assay-intake_data.csv,"C:/Users/kmill/The Pennsylvania State University/Rolls, Barbara Jean - currated_data/1992_eatdis_deprivation/data/assay-intake_data.csv",intake,icecream_cal,intake,Intake variables
1992_eatdis_deprivation,assay-intake_data.csv,"C:/Users/kmill/The Pennsylvania State University/Rolls, Barbara Jean - currated_data/1992_eatdis_deprivation/data/assay-intake_data.csv",intake,brownie_cal,intake,Intake variables
1992_eatdis_deprivation,assay-intake_data.csv,"C:/Users/kmill/The Pennsylvania State University/Rolls, Barbara Jean - currated_data/1992_eatdis_deprivation/data/assay-intake_data.csv",intake,cookies_cal,intake,Intake variables
1992_eatdis_deprivation,assay-intake_data.csv,"C:/Users/kmill/The Pennsylvania State University/Rolls, Barbara Jean - currated_data/1992_eatdis_deprivation/data/assay-intake_data.csv",intake,cake_cal,intake,Intake variables
1992_eatdis_deprivation,assay-intake_data.csv,"C:/Users/kmill/The Pennsylvania State University/Rolls, Barbara Jean - currated_data/1992_eatdis_deprivation/data/assay-intake_data.csv",intake,snickers_cal,intake,Intake variables
1992_eatdis_deprivation,assay-intake_data.csv,"C:/Users/kmill/The Pennsylvania State University/Rolls, Barbara Jean - currated_data/1992_eatdis_deprivation/data/assay-intake_data.csv",intake,hershey_kiss_cal,intake,Intake variables
1992_eatdis_deprivation,assay-intake_data.csv,"C:/Users/kmill/The Pennsylvania State University/Rolls, Barbara Jean - currated_data/1992_eatdis_deprivation/data/assay-intake_data.csv",intake,bread_cal,intake,Intake variables
1992_eatdis_deprivation,assay-intake_data.csv,"C:/Users/kmill/The Pennsylvania State University/Rolls, Barbara Jean - currated_data/1992_eatdis_deprivation/data/assay-intake_data.csv",intake,margarine_cal,intake,Intake variables
1992_eatdis_deprivation,assay-intake_data.csv,"C:/Users/kmill/The Pennsylvania State University/Rolls, Barbara Jean - currated_data/1992_eatdis_deprivation/data/assay-intake_data.csv",intake,mayo_cal,intake,Intake variables
1992_eatdis_deprivation,assay-intake_data.csv,"C:/Users/kmill/The Pennsylvania State University/Rolls, Barbara Jean - currated_data/1992_eatdis_deprivation/data/assay-intake_data.csv",intake,mustard_cal,intake,Intake variables
1992_eatdis_deprivation,assay-intake_data.csv,"C:/Users/kmill/The Pennsylvania State University/Rolls, Barbara Jean - currated_data/1992_eatdis_deprivation/data/assay-intake_data.csv",intake,parm_cheese_cal,intake,Intake variables
