study_folder,file_name,variable_name,file_type,variable_group
1988_whole_vs_parts,assay-intake_data.csv,cond,intake,other
1988_whole_vs_parts,assay-intake_data.csv,desire_eat_post,intake,questionnaire
1988_whole_vs_parts,assay-intake_data.csv,desire_eat_pre,intake,questionnaire
1988_whole_vs_parts,assay-intake_data.csv,desire_eat_screen,intake,questionnaire
1988_whole_vs_parts,assay-intake_data.csv,fullness_post,intake,questionnaire
1988_whole_vs_parts,assay-intake_data.csv,fullness_pre,intake,questionnaire
1988_whole_vs_parts,assay-intake_data.csv,hunger_post,intake,questionnaire
1988_whole_vs_parts,assay-intake_data.csv,hunger_pre,intake,questionnaire
1988_whole_vs_parts,assay-intake_data.csv,id,intake,other
1988_whole_vs_parts,assay-intake_data.csv,much_eat_post,intake,questionnaire
1988_whole_vs_parts,assay-intake_data.csv,much_eat_pre,intake,questionnaire
1988_whole_vs_parts,assay-intake_data.csv,sandwich_g,intake,intake
1988_whole_vs_parts,assay-intake_data.csv,sandwich_kcal,intake,intake
1988_whole_vs_parts,assay-intake_data.csv,session,intake,other
1988_whole_vs_parts,assay-intake_data.csv,taste_screen,intake,questionnaire
1988_whole_vs_parts,assay-intake_data.csv,thirst_post,intake,questionnaire
1988_whole_vs_parts,assay-intake_data.csv,thirst_pre,intake,questionnaire
1988_whole_vs_parts,assay-intake_data.csv,water_g,intake,intake
1990_eatdis_salad_preload,assay-hunger_data.csv,cond,ratings,questionnaire
1990_eatdis_salad_preload,assay-hunger_data.csv,group,ratings,questionnaire
1990_eatdis_salad_preload,assay-hunger_data.csv,hunger,ratings,questionnaire
1990_eatdis_salad_preload,assay-hunger_data.csv,id,ratings,questionnaire
1990_eatdis_salad_preload,assay-hunger_data.csv,time,ratings,questionnaire
1990_eatdis_salad_preload,assay-intake_cond-highcal_data.csv,appearance_apple,intake,questionnaire
1990_eatdis_salad_preload,assay-intake_cond-highcal_data.csv,appearance_chips,intake,questionnaire
1990_eatdis_salad_preload,assay-intake_cond-highcal_data.csv,appearance_cookie,intake,questionnaire
1990_eatdis_salad_preload,assay-intake_cond-highcal_data.csv,appearance_cottage_cheese,intake,questionnaire
1990_eatdis_salad_preload,assay-intake_cond-highcal_data.csv,appearance_hed_salad,intake,questionnaire
1990_eatdis_salad_preload,assay-intake_cond-highcal_data.csv,appearance_led_salad,intake,questionnaire
1990_eatdis_salad_preload,assay-intake_cond-highcal_data.csv,appearance_snickers,intake,questionnaire
1990_eatdis_salad_preload,assay-intake_cond-highcal_data.csv,appearance_turkey,intake,questionnaire
1990_eatdis_salad_preload,assay-intake_cond-highcal_data.csv,cond,intake,other
1990_eatdis_salad_preload,assay-intake_cond-highcal_data.csv,desire_apple,intake,questionnaire
1990_eatdis_salad_preload,assay-intake_cond-highcal_data.csv,desire_chips,intake,questionnaire
1990_eatdis_salad_preload,assay-intake_cond-highcal_data.csv,desire_cookie,intake,questionnaire
1990_eatdis_salad_preload,assay-intake_cond-highcal_data.csv,desire_cottage_cheese,intake,questionnaire
1990_eatdis_salad_preload,assay-intake_cond-highcal_data.csv,desire_hed_salad,intake,questionnaire
1990_eatdis_salad_preload,assay-intake_cond-highcal_data.csv,desire_led_salad,intake,questionnaire
1990_eatdis_salad_preload,assay-intake_cond-highcal_data.csv,desire_snickers,intake,questionnaire
1990_eatdis_salad_preload,assay-intake_cond-highcal_data.csv,desire_turkey,intake,questionnaire
1990_eatdis_salad_preload,assay-intake_cond-highcal_data.csv,group,intake,other
1990_eatdis_salad_preload,assay-intake_cond-highcal_data.csv,id,intake,other
1990_eatdis_salad_preload,assay-intake_cond-highcal_data.csv,odor_apple,intake,questionnaire
1990_eatdis_salad_preload,assay-intake_cond-highcal_data.csv,odor_chips,intake,questionnaire
1990_eatdis_salad_preload,assay-intake_cond-highcal_data.csv,odor_cookie,intake,questionnaire
1990_eatdis_salad_preload,assay-intake_cond-highcal_data.csv,odor_cottage_cheese,intake,questionnaire
1990_eatdis_salad_preload,assay-intake_cond-highcal_data.csv,odor_hed_salad,intake,questionnaire
1990_eatdis_salad_preload,assay-intake_cond-highcal_data.csv,odor_led_salad,intake,questionnaire
1990_eatdis_salad_preload,assay-intake_cond-highcal_data.csv,odor_snickers,intake,questionnaire
1990_eatdis_salad_preload,assay-intake_cond-highcal_data.csv,odor_turkey,intake,questionnaire
1990_eatdis_salad_preload,assay-intake_cond-highcal_data.csv,taste_apple,intake,questionnaire
1990_eatdis_salad_preload,assay-intake_cond-highcal_data.csv,taste_chips,intake,questionnaire
1990_eatdis_salad_preload,assay-intake_cond-highcal_data.csv,taste_cookie,intake,questionnaire
1990_eatdis_salad_preload,assay-intake_cond-highcal_data.csv,taste_cottage_cheese,intake,questionnaire
1990_eatdis_salad_preload,assay-intake_cond-highcal_data.csv,taste_hed_salad,intake,questionnaire
1990_eatdis_salad_preload,assay-intake_cond-highcal_data.csv,taste_led_salad,intake,questionnaire
1990_eatdis_salad_preload,assay-intake_cond-highcal_data.csv,taste_snickers,intake,questionnaire
1990_eatdis_salad_preload,assay-intake_cond-highcal_data.csv,taste_turkey,intake,questionnaire
1990_eatdis_salad_preload,assay-intake_cond-highcal_data.csv,texture_apple,intake,questionnaire
1990_eatdis_salad_preload,assay-intake_cond-highcal_data.csv,texture_chips,intake,questionnaire
1990_eatdis_salad_preload,assay-intake_cond-highcal_data.csv,texture_cookie,intake,questionnaire
1990_eatdis_salad_preload,assay-intake_cond-highcal_data.csv,texture_cottage_cheese,intake,questionnaire
1990_eatdis_salad_preload,assay-intake_cond-highcal_data.csv,texture_hed_salad,intake,questionnaire
1990_eatdis_salad_preload,assay-intake_cond-highcal_data.csv,texture_led_salad,intake,questionnaire
1990_eatdis_salad_preload,assay-intake_cond-highcal_data.csv,texture_snickers,intake,questionnaire
1990_eatdis_salad_preload,assay-intake_cond-highcal_data.csv,texture_turkey,intake,questionnaire
1990_eatdis_salad_preload,assay-intake_cond-highcal_data.csv,time,intake,other
1990_eatdis_salad_preload,assay-sss_calc-diff_data.csv,cond,sss,questionnaire
1990_eatdis_salad_preload,assay-sss_calc-diff_data.csv,dif_appearance_apple,sss,questionnaire
1990_eatdis_salad_preload,assay-sss_calc-diff_data.csv,dif_appearance_chips,sss,questionnaire
1990_eatdis_salad_preload,assay-sss_calc-diff_data.csv,dif_appearance_cookie,sss,questionnaire
1990_eatdis_salad_preload,assay-sss_calc-diff_data.csv,dif_appearance_cottage_cheese,sss,questionnaire
1990_eatdis_salad_preload,assay-sss_calc-diff_data.csv,dif_appearance_hed_salad,sss,questionnaire
1990_eatdis_salad_preload,assay-sss_calc-diff_data.csv,dif_appearance_led_salad,sss,questionnaire
1990_eatdis_salad_preload,assay-sss_calc-diff_data.csv,dif_appearance_snickers,sss,questionnaire
1990_eatdis_salad_preload,assay-sss_calc-diff_data.csv,dif_appearance_turkey,sss,questionnaire
1990_eatdis_salad_preload,assay-sss_calc-diff_data.csv,dif_desire_apple,sss,questionnaire
1990_eatdis_salad_preload,assay-sss_calc-diff_data.csv,dif_desire_chips,sss,questionnaire
1990_eatdis_salad_preload,assay-sss_calc-diff_data.csv,dif_desire_cookie,sss,questionnaire
1990_eatdis_salad_preload,assay-sss_calc-diff_data.csv,dif_desire_cottage_cheese,sss,questionnaire
1990_eatdis_salad_preload,assay-sss_calc-diff_data.csv,dif_desire_hed_salad,sss,questionnaire
1990_eatdis_salad_preload,assay-sss_calc-diff_data.csv,dif_desire_led_salad,sss,questionnaire
1990_eatdis_salad_preload,assay-sss_calc-diff_data.csv,dif_desire_snickers,sss,questionnaire
1990_eatdis_salad_preload,assay-sss_calc-diff_data.csv,dif_desire_turkey,sss,questionnaire
1990_eatdis_salad_preload,assay-sss_calc-diff_data.csv,dif_odor_apple,sss,questionnaire
1990_eatdis_salad_preload,assay-sss_calc-diff_data.csv,dif_odor_chips,sss,questionnaire
1990_eatdis_salad_preload,assay-sss_calc-diff_data.csv,dif_odor_cookie,sss,questionnaire
1990_eatdis_salad_preload,assay-sss_calc-diff_data.csv,dif_odor_cottage_cheese,sss,questionnaire
1990_eatdis_salad_preload,assay-sss_calc-diff_data.csv,dif_odor_hed_salad,sss,questionnaire
1990_eatdis_salad_preload,assay-sss_calc-diff_data.csv,dif_odor_led_salad,sss,questionnaire
1990_eatdis_salad_preload,assay-sss_calc-diff_data.csv,dif_odor_snickers,sss,questionnaire
1990_eatdis_salad_preload,assay-sss_calc-diff_data.csv,dif_odor_turkey,sss,questionnaire
1990_eatdis_salad_preload,assay-sss_calc-diff_data.csv,dif_taste_apple,sss,questionnaire
1990_eatdis_salad_preload,assay-sss_calc-diff_data.csv,dif_taste_chips,sss,questionnaire
1990_eatdis_salad_preload,assay-sss_calc-diff_data.csv,dif_taste_cookie,sss,questionnaire
1990_eatdis_salad_preload,assay-sss_calc-diff_data.csv,dif_taste_cottage_cheese,sss,questionnaire
1990_eatdis_salad_preload,assay-sss_calc-diff_data.csv,dif_taste_hed_salad,sss,questionnaire
1990_eatdis_salad_preload,assay-sss_calc-diff_data.csv,dif_taste_led_salad,sss,questionnaire
1990_eatdis_salad_preload,assay-sss_calc-diff_data.csv,dif_taste_snickers,sss,questionnaire
1990_eatdis_salad_preload,assay-sss_calc-diff_data.csv,dif_taste_turkey,sss,questionnaire
1990_eatdis_salad_preload,assay-sss_calc-diff_data.csv,dif_texture_apple,sss,questionnaire
1990_eatdis_salad_preload,assay-sss_calc-diff_data.csv,dif_texture_chips,sss,questionnaire
1990_eatdis_salad_preload,assay-sss_calc-diff_data.csv,dif_texture_cookie,sss,questionnaire
1990_eatdis_salad_preload,assay-sss_calc-diff_data.csv,dif_texture_cottage_cheese,sss,questionnaire
1990_eatdis_salad_preload,assay-sss_calc-diff_data.csv,dif_texture_hed_salad,sss,questionnaire
1990_eatdis_salad_preload,assay-sss_calc-diff_data.csv,dif_texture_led_salad,sss,questionnaire
1990_eatdis_salad_preload,assay-sss_calc-diff_data.csv,dif_texture_snickers,sss,questionnaire
1990_eatdis_salad_preload,assay-sss_calc-diff_data.csv,dif_texture_turkey,sss,questionnaire
1990_eatdis_salad_preload,assay-sss_calc-diff_data.csv,group,sss,questionnaire
1990_eatdis_salad_preload,assay-sss_calc-diff_data.csv,id,sss,questionnaire
1990_eatdis_salad_preload,assay-sss_calc-diff_data.csv,uneaten_appearance,sss,questionnaire
1990_eatdis_salad_preload,assay-sss_calc-diff_data.csv,uneaten_desire,sss,questionnaire
1990_eatdis_salad_preload,assay-sss_calc-diff_data.csv,uneaten_odor,sss,questionnaire
1990_eatdis_salad_preload,assay-sss_calc-diff_data.csv,uneaten_taste,sss,questionnaire
1990_eatdis_salad_preload,assay-sss_calc-diff_data.csv,uneaten_texture,sss,questionnaire
1990_sociofeed_dannys_dinner,assay-intake_data.csv,alert_post,intake,questionnaire
1990_sociofeed_dannys_dinner,assay-intake_data.csv,alert_pre,intake,questionnaire
1990_sociofeed_dannys_dinner,assay-intake_data.csv,anxiety_post,intake,questionnaire
1990_sociofeed_dannys_dinner,assay-intake_data.csv,anxiety_pre,intake,questionnaire
1990_sociofeed_dannys_dinner,assay-intake_data.csv,cho_perc_cal,intake,intake
1990_sociofeed_dannys_dinner,assay-intake_data.csv,cond,intake,other
1990_sociofeed_dannys_dinner,assay-intake_data.csv,cookie,intake,other
1990_sociofeed_dannys_dinner,assay-intake_data.csv,cookie_cal,intake,intake
1990_sociofeed_dannys_dinner,assay-intake_data.csv,cookie_cho,intake,intake
1990_sociofeed_dannys_dinner,assay-intake_data.csv,cookie_fat,intake,intake
1990_sociofeed_dannys_dinner,assay-intake_data.csv,cookie_pro,intake,intake
1990_sociofeed_dannys_dinner,assay-intake_data.csv,cucumber,intake,other
1990_sociofeed_dannys_dinner,assay-intake_data.csv,cucumber_cal,intake,intake
1990_sociofeed_dannys_dinner,assay-intake_data.csv,cucumber_cho,intake,intake
1990_sociofeed_dannys_dinner,assay-intake_data.csv,cucumber_fat,intake,intake
1990_sociofeed_dannys_dinner,assay-intake_data.csv,cucumber_pro,intake,intake
1990_sociofeed_dannys_dinner,assay-intake_data.csv,dressing,intake,other
1990_sociofeed_dannys_dinner,assay-intake_data.csv,dressing_cal,intake,intake
1990_sociofeed_dannys_dinner,assay-intake_data.csv,dressing_cho,intake,intake
1990_sociofeed_dannys_dinner,assay-intake_data.csv,dressing_fat,intake,intake
1990_sociofeed_dannys_dinner,assay-intake_data.csv,dressing_pro,intake,intake
1990_sociofeed_dannys_dinner,assay-intake_data.csv,dsrt_cal,intake,intake
1990_sociofeed_dannys_dinner,assay-intake_data.csv,dsrt_cho,intake,intake
1990_sociofeed_dannys_dinner,assay-intake_data.csv,dsrt_fat,intake,intake
1990_sociofeed_dannys_dinner,assay-intake_data.csv,dsrt_perc_din,intake,other
1990_sociofeed_dannys_dinner,assay-intake_data.csv,dsrt_pro,intake,intake
1990_sociofeed_dannys_dinner,assay-intake_data.csv,fat_perc_cal,intake,intake
1990_sociofeed_dannys_dinner,assay-intake_data.csv,friend,intake,other
1990_sociofeed_dannys_dinner,assay-intake_data.csv,fullness_post,intake,questionnaire
1990_sociofeed_dannys_dinner,assay-intake_data.csv,fullness_pre,intake,questionnaire
1990_sociofeed_dannys_dinner,assay-intake_data.csv,hunger_post,intake,questionnaire
1990_sociofeed_dannys_dinner,assay-intake_data.csv,hunger_pre,intake,questionnaire
1990_sociofeed_dannys_dinner,assay-intake_data.csv,icecream,intake,other
1990_sociofeed_dannys_dinner,assay-intake_data.csv,icecream_cal,intake,intake
1990_sociofeed_dannys_dinner,assay-intake_data.csv,icecream_cho,intake,intake
1990_sociofeed_dannys_dinner,assay-intake_data.csv,icecream_fat,intake,intake
1990_sociofeed_dannys_dinner,assay-intake_data.csv,icecream_pro,intake,intake
1990_sociofeed_dannys_dinner,assay-intake_data.csv,id,intake,other
1990_sociofeed_dannys_dinner,assay-intake_data.csv,lettuce,intake,other
1990_sociofeed_dannys_dinner,assay-intake_data.csv,lettuce_cal,intake,intake
1990_sociofeed_dannys_dinner,assay-intake_data.csv,lettuce_cho,intake,intake
1990_sociofeed_dannys_dinner,assay-intake_data.csv,lettuce_fat,intake,intake
1990_sociofeed_dannys_dinner,assay-intake_data.csv,lettuce_pro,intake,intake
1990_sociofeed_dannys_dinner,assay-intake_data.csv,lowcal_dressing,intake,other
1990_sociofeed_dannys_dinner,assay-intake_data.csv,lowcal_dressing_cal,intake,intake
1990_sociofeed_dannys_dinner,assay-intake_data.csv,lowcal_dressing_cho,intake,intake
1990_sociofeed_dannys_dinner,assay-intake_data.csv,lowcal_dressing_fat,intake,intake
1990_sociofeed_dannys_dinner,assay-intake_data.csv,lowcal_dressing_pro,intake,intake
1990_sociofeed_dannys_dinner,assay-intake_data.csv,margarine,intake,other
1990_sociofeed_dannys_dinner,assay-intake_data.csv,margarine_cal,intake,intake
1990_sociofeed_dannys_dinner,assay-intake_data.csv,margarine_cho,intake,intake
1990_sociofeed_dannys_dinner,assay-intake_data.csv,margarine_fat,intake,intake
1990_sociofeed_dannys_dinner,assay-intake_data.csv,margarine_pro,intake,intake
1990_sociofeed_dannys_dinner,assay-intake_data.csv,meat_sauce,intake,other
1990_sociofeed_dannys_dinner,assay-intake_data.csv,meat_sauce_cal,intake,intake
1990_sociofeed_dannys_dinner,assay-intake_data.csv,meat_sauce_cho,intake,intake
1990_sociofeed_dannys_dinner,assay-intake_data.csv,meat_sauce_fat,intake,intake
1990_sociofeed_dannys_dinner,assay-intake_data.csv,meat_sauce_pro,intake,intake
1990_sociofeed_dannys_dinner,assay-intake_data.csv,nauseous_post,intake,other
1990_sociofeed_dannys_dinner,assay-intake_data.csv,nauseous_pre,intake,other
1990_sociofeed_dannys_dinner,assay-intake_data.csv,pro_perc_cal,intake,intake
1990_sociofeed_dannys_dinner,assay-intake_data.csv,prosp_cons_post,intake,other
1990_sociofeed_dannys_dinner,assay-intake_data.csv,prosp_cons_pre,intake,other
1990_sociofeed_dannys_dinner,assay-intake_data.csv,relaxed_post,intake,questionnaire
1990_sociofeed_dannys_dinner,assay-intake_data.csv,relaxed_pre,intake,questionnaire
1990_sociofeed_dannys_dinner,assay-intake_data.csv,rest,intake,other
1990_sociofeed_dannys_dinner,assay-intake_data.csv,roll,intake,other
1990_sociofeed_dannys_dinner,assay-intake_data.csv,roll_cal,intake,intake
1990_sociofeed_dannys_dinner,assay-intake_data.csv,roll_cho,intake,intake
1990_sociofeed_dannys_dinner,assay-intake_data.csv,roll_fat,intake,intake
1990_sociofeed_dannys_dinner,assay-intake_data.csv,roll_pro,intake,intake
1990_sociofeed_dannys_dinner,assay-intake_data.csv,sesnum,intake,other
1990_sociofeed_dannys_dinner,assay-intake_data.csv,sex,intake,other
1990_sociofeed_dannys_dinner,assay-intake_data.csv,sleepy_post,intake,questionnaire
1990_sociofeed_dannys_dinner,assay-intake_data.csv,sleepy_pre,intake,questionnaire
1990_sociofeed_dannys_dinner,assay-intake_data.csv,sorbet,intake,other
1990_sociofeed_dannys_dinner,assay-intake_data.csv,sorbet_cal,intake,intake
1990_sociofeed_dannys_dinner,assay-intake_data.csv,sorbet_cho,intake,intake
1990_sociofeed_dannys_dinner,assay-intake_data.csv,sorbet_fat,intake,intake
1990_sociofeed_dannys_dinner,assay-intake_data.csv,sorbet_pro,intake,intake
1990_sociofeed_dannys_dinner,assay-intake_data.csv,spaghetti,intake,other
1990_sociofeed_dannys_dinner,assay-intake_data.csv,spaghetti_cal,intake,intake
1990_sociofeed_dannys_dinner,assay-intake_data.csv,spaghetti_cho,intake,intake
1990_sociofeed_dannys_dinner,assay-intake_data.csv,spaghetti_fat,intake,intake
1990_sociofeed_dannys_dinner,assay-intake_data.csv,spaghetti_pro,intake,intake
1990_sociofeed_dannys_dinner,assay-intake_data.csv,tense_post,intake,questionnaire
1990_sociofeed_dannys_dinner,assay-intake_data.csv,tense_pre,intake,questionnaire
1990_sociofeed_dannys_dinner,assay-intake_data.csv,thirst_post,intake,questionnaire
1990_sociofeed_dannys_dinner,assay-intake_data.csv,thirst_pre,intake,questionnaire
1990_sociofeed_dannys_dinner,assay-intake_data.csv,time,intake,other
1990_sociofeed_dannys_dinner,assay-intake_data.csv,tomato,intake,other
1990_sociofeed_dannys_dinner,assay-intake_data.csv,tomato_cal,intake,intake
1990_sociofeed_dannys_dinner,assay-intake_data.csv,tomato_cho,intake,intake
1990_sociofeed_dannys_dinner,assay-intake_data.csv,tomato_fat,intake,intake
1990_sociofeed_dannys_dinner,assay-intake_data.csv,tomato_pro,intake,intake
1990_sociofeed_dannys_dinner,assay-intake_data.csv,total_cal,intake,total_intake
1990_sociofeed_dannys_dinner,assay-intake_data.csv,total_cho,intake,total_intake
1990_sociofeed_dannys_dinner,assay-intake_data.csv,total_cho_cal,intake,intake
1990_sociofeed_dannys_dinner,assay-intake_data.csv,total_fat,intake,total_intake
1990_sociofeed_dannys_dinner,assay-intake_data.csv,total_fat_cal,intake,intake
1990_sociofeed_dannys_dinner,assay-intake_data.csv,total_pro,intake,total_intake
1990_sociofeed_dannys_dinner,assay-intake_data.csv,total_pro_cal,intake,intake
1990_sociofeed_dannys_dinner,assay-intake_data.csv,veg_sauce,intake,other
1990_sociofeed_dannys_dinner,assay-intake_data.csv,veg_sauce_cal,intake,intake
1990_sociofeed_dannys_dinner,assay-intake_data.csv,veg_sauce_cho,intake,intake
1990_sociofeed_dannys_dinner,assay-intake_data.csv,veg_sauce_fat,intake,intake
1990_sociofeed_dannys_dinner,assay-intake_data.csv,veg_sauce_pro,intake,intake
1990_sociofeed_dannys_dinner,assay-intake_data.csv,water,intake,other
1990_sss_age_yogurt,assay-demo_data.csv,agegroup,demographics,other
1990_sss_age_yogurt,assay-demo_data.csv,bmi,demographics,other
1990_sss_age_yogurt,assay-demo_data.csv,cvd_risk,demographics,other
1990_sss_age_yogurt,assay-demo_data.csv,dentures,demographics,other
1990_sss_age_yogurt,assay-demo_data.csv,eat,demographics,questionnaire
1990_sss_age_yogurt,assay-demo_data.csv,ei,demographics,questionnaire
1990_sss_age_yogurt,assay-demo_data.csv,eisc,demographics,questionnaire
1990_sss_age_yogurt,assay-demo_data.csv,id,demographics,other
1990_sss_age_yogurt,assay-demo_data.csv,lsi,demographics,questionnaire
1990_sss_age_yogurt,assay-demo_data.csv,meds,demographics,other
1990_sss_age_yogurt,assay-demo_data.csv,session,demographics,other
1990_sss_age_yogurt,assay-demo_data.csv,sex,demographics,other
1990_sss_age_yogurt,assay-demo_data.csv,upsitsc,demographics,other
1990_sss_age_yogurt,assay-demo_data.csv,zung,demographics,questionnaire
1990_sss_age_yogurt,assay-foodpref_data.csv,agegroup,food_preference,questionnaire
1990_sss_age_yogurt,assay-foodpref_data.csv,banana_freq_eat,food_preference,questionnaire
1990_sss_age_yogurt,assay-foodpref_data.csv,banana_like_change,food_preference,questionnaire
1990_sss_age_yogurt,assay-foodpref_data.csv,banana_perc_cal,food_preference,questionnaire
1990_sss_age_yogurt,assay-foodpref_data.csv,banana_taste,food_preference,questionnaire
1990_sss_age_yogurt,assay-foodpref_data.csv,bologna_freq_eat,food_preference,questionnaire
1990_sss_age_yogurt,assay-foodpref_data.csv,bologna_like_change,food_preference,questionnaire
1990_sss_age_yogurt,assay-foodpref_data.csv,bologna_perc_cal,food_preference,questionnaire
1990_sss_age_yogurt,assay-foodpref_data.csv,bologna_taste,food_preference,questionnaire
1990_sss_age_yogurt,assay-foodpref_data.csv,broccoli_freq_eat,food_preference,questionnaire
1990_sss_age_yogurt,assay-foodpref_data.csv,broccoli_like_change,food_preference,questionnaire
1990_sss_age_yogurt,assay-foodpref_data.csv,broccoli_perc_cal,food_preference,questionnaire
1990_sss_age_yogurt,assay-foodpref_data.csv,broccoli_taste,food_preference,questionnaire
1990_sss_age_yogurt,assay-foodpref_data.csv,celery_freq_eat,food_preference,questionnaire
1990_sss_age_yogurt,assay-foodpref_data.csv,celery_like_change,food_preference,questionnaire
1990_sss_age_yogurt,assay-foodpref_data.csv,celery_perc_cal,food_preference,questionnaire
1990_sss_age_yogurt,assay-foodpref_data.csv,celery_taste,food_preference,questionnaire
1990_sss_age_yogurt,assay-foodpref_data.csv,cheddar_freq_eat,food_preference,questionnaire
1990_sss_age_yogurt,assay-foodpref_data.csv,cheddar_like_change,food_preference,questionnaire
1990_sss_age_yogurt,assay-foodpref_data.csv,cheddar_perc_cal,food_preference,questionnaire
1990_sss_age_yogurt,assay-foodpref_data.csv,cheddar_taste,food_preference,questionnaire
1990_sss_age_yogurt,assay-foodpref_data.csv,cheeseburger_freq_eat,food_preference,questionnaire
1990_sss_age_yogurt,assay-foodpref_data.csv,cheeseburger_like_change,food_preference,questionnaire
1990_sss_age_yogurt,assay-foodpref_data.csv,cheeseburger_perc_cal,food_preference,questionnaire
1990_sss_age_yogurt,assay-foodpref_data.csv,cheeseburger_taste,food_preference,questionnaire
1990_sss_age_yogurt,assay-foodpref_data.csv,cherry_pie_freq_eat,food_preference,questionnaire
1990_sss_age_yogurt,assay-foodpref_data.csv,cherry_pie_like_change,food_preference,questionnaire
1990_sss_age_yogurt,assay-foodpref_data.csv,cherry_pie_perc_cal,food_preference,questionnaire
1990_sss_age_yogurt,assay-foodpref_data.csv,cherry_pie_taste,food_preference,questionnaire
1990_sss_age_yogurt,assay-foodpref_data.csv,choc_icecream_freq_eat,food_preference,questionnaire
1990_sss_age_yogurt,assay-foodpref_data.csv,choc_icecream_like_change,food_preference,questionnaire
1990_sss_age_yogurt,assay-foodpref_data.csv,choc_icecream_perc_cal,food_preference,questionnaire
1990_sss_age_yogurt,assay-foodpref_data.csv,choc_icecream_taste,food_preference,questionnaire
1990_sss_age_yogurt,assay-foodpref_data.csv,cinn_roll_freq_eat,food_preference,questionnaire
1990_sss_age_yogurt,assay-foodpref_data.csv,cinn_roll_like_change,food_preference,questionnaire
1990_sss_age_yogurt,assay-foodpref_data.csv,cinn_roll_perc_cal,food_preference,questionnaire
1990_sss_age_yogurt,assay-foodpref_data.csv,cinn_roll_taste,food_preference,questionnaire
1990_sss_age_yogurt,assay-foodpref_data.csv,cucumber_freq_eat,food_preference,questionnaire
1990_sss_age_yogurt,assay-foodpref_data.csv,cucumber_like_change,food_preference,questionnaire
1990_sss_age_yogurt,assay-foodpref_data.csv,cucumber_perc_cal,food_preference,questionnaire
1990_sss_age_yogurt,assay-foodpref_data.csv,cucumber_taste,food_preference,questionnaire
1990_sss_age_yogurt,assay-foodpref_data.csv,diet_cola_freq_eat,food_preference,questionnaire
1990_sss_age_yogurt,assay-foodpref_data.csv,diet_cola_like_change,food_preference,questionnaire
1990_sss_age_yogurt,assay-foodpref_data.csv,diet_cola_perc_cal,food_preference,questionnaire
1990_sss_age_yogurt,assay-foodpref_data.csv,diet_cola_taste,food_preference,questionnaire
1990_sss_age_yogurt,assay-foodpref_data.csv,fries_freq_eat,food_preference,questionnaire
1990_sss_age_yogurt,assay-foodpref_data.csv,fries_like_change,food_preference,questionnaire
1990_sss_age_yogurt,assay-foodpref_data.csv,fries_perc_cal,food_preference,questionnaire
1990_sss_age_yogurt,assay-foodpref_data.csv,fries_taste,food_preference,questionnaire
1990_sss_age_yogurt,assay-foodpref_data.csv,gingerbread_freq_eat,food_preference,questionnaire
1990_sss_age_yogurt,assay-foodpref_data.csv,gingerbread_like_change,food_preference,questionnaire
1990_sss_age_yogurt,assay-foodpref_data.csv,gingerbread_perc_cal,food_preference,questionnaire
1990_sss_age_yogurt,assay-foodpref_data.csv,gingerbread_taste,food_preference,questionnaire
1990_sss_age_yogurt,assay-foodpref_data.csv,grape_freq_eat,food_preference,questionnaire
1990_sss_age_yogurt,assay-foodpref_data.csv,grape_like_change,food_preference,questionnaire
1990_sss_age_yogurt,assay-foodpref_data.csv,grape_perc_cal,food_preference,questionnaire
1990_sss_age_yogurt,assay-foodpref_data.csv,grape_taste,food_preference,questionnaire
1990_sss_age_yogurt,assay-foodpref_data.csv,grapefruit_juice_freq_eat,food_preference,questionnaire
1990_sss_age_yogurt,assay-foodpref_data.csv,grapefruit_juice_like_change,food_preference,questionnaire
1990_sss_age_yogurt,assay-foodpref_data.csv,grapefruit_juice_perc_cal,food_preference,questionnaire
1990_sss_age_yogurt,assay-foodpref_data.csv,grapefruit_juice_taste,food_preference,questionnaire
1990_sss_age_yogurt,assay-foodpref_data.csv,id,food_preference,questionnaire
1990_sss_age_yogurt,assay-foodpref_data.csv,jello_freq_eat,food_preference,questionnaire
1990_sss_age_yogurt,assay-foodpref_data.csv,jello_like_change,food_preference,questionnaire
1990_sss_age_yogurt,assay-foodpref_data.csv,jello_perc_cal,food_preference,questionnaire
1990_sss_age_yogurt,assay-foodpref_data.csv,jello_taste,food_preference,questionnaire
1990_sss_age_yogurt,assay-foodpref_data.csv,lemon_pie_freq_eat,food_preference,questionnaire
1990_sss_age_yogurt,assay-foodpref_data.csv,lemon_pie_like_change,food_preference,questionnaire
1990_sss_age_yogurt,assay-foodpref_data.csv,lemon_pie_perc_cal,food_preference,questionnaire
1990_sss_age_yogurt,assay-foodpref_data.csv,lemon_pie_taste,food_preference,questionnaire
1990_sss_age_yogurt,assay-foodpref_data.csv,lowf_cotcheese_freq_eat,food_preference,questionnaire
1990_sss_age_yogurt,assay-foodpref_data.csv,lowf_cotcheese_like_change,food_preference,questionnaire
1990_sss_age_yogurt,assay-foodpref_data.csv,lowf_cotcheese_perc_cal,food_preference,questionnaire
1990_sss_age_yogurt,assay-foodpref_data.csv,lowf_cotcheese_taste,food_preference,questionnaire
1990_sss_age_yogurt,assay-foodpref_data.csv,onion_ring_freq_eat,food_preference,questionnaire
1990_sss_age_yogurt,assay-foodpref_data.csv,onion_ring_like_change,food_preference,questionnaire
1990_sss_age_yogurt,assay-foodpref_data.csv,onion_ring_perc_cal,food_preference,questionnaire
1990_sss_age_yogurt,assay-foodpref_data.csv,onion_ring_taste,food_preference,questionnaire
1990_sss_age_yogurt,assay-foodpref_data.csv,orange_freq_eat,food_preference,questionnaire
1990_sss_age_yogurt,assay-foodpref_data.csv,orange_like_change,food_preference,questionnaire
1990_sss_age_yogurt,assay-foodpref_data.csv,orange_perc_cal,food_preference,questionnaire
1990_sss_age_yogurt,assay-foodpref_data.csv,orange_taste,food_preference,questionnaire
1990_sss_age_yogurt,assay-foodpref_data.csv,peach_freq_eat,food_preference,questionnaire
1990_sss_age_yogurt,assay-foodpref_data.csv,peach_like_change,food_preference,questionnaire
1990_sss_age_yogurt,assay-foodpref_data.csv,peach_perc_cal,food_preference,questionnaire
1990_sss_age_yogurt,assay-foodpref_data.csv,peach_taste,food_preference,questionnaire
1990_sss_age_yogurt,assay-foodpref_data.csv,peanut_freq_eat,food_preference,questionnaire
1990_sss_age_yogurt,assay-foodpref_data.csv,peanut_like_change,food_preference,questionnaire
1990_sss_age_yogurt,assay-foodpref_data.csv,peanut_perc_cal,food_preference,questionnaire
1990_sss_age_yogurt,assay-foodpref_data.csv,peanut_taste,food_preference,questionnaire
1990_sss_age_yogurt,assay-foodpref_data.csv,pickle_freq_eat,food_preference,questionnaire
1990_sss_age_yogurt,assay-foodpref_data.csv,pickle_like_change,food_preference,questionnaire
1990_sss_age_yogurt,assay-foodpref_data.csv,pickle_perc_cal,food_preference,questionnaire
1990_sss_age_yogurt,assay-foodpref_data.csv,pickle_taste,food_preference,questionnaire
1990_sss_age_yogurt,assay-foodpref_data.csv,pineapple_freq_eat,food_preference,questionnaire
1990_sss_age_yogurt,assay-foodpref_data.csv,pineapple_like_change,food_preference,questionnaire
1990_sss_age_yogurt,assay-foodpref_data.csv,pineapple_perc_cal,food_preference,questionnaire
1990_sss_age_yogurt,assay-foodpref_data.csv,pineapple_taste,food_preference,questionnaire
1990_sss_age_yogurt,assay-foodpref_data.csv,pizza_freq_eat,food_preference,questionnaire
1990_sss_age_yogurt,assay-foodpref_data.csv,pizza_like_change,food_preference,questionnaire
1990_sss_age_yogurt,assay-foodpref_data.csv,pizza_perc_cal,food_preference,questionnaire
1990_sss_age_yogurt,assay-foodpref_data.csv,pizza_taste,food_preference,questionnaire
1990_sss_age_yogurt,assay-foodpref_data.csv,potato_chip_freq_eat,food_preference,questionnaire
1990_sss_age_yogurt,assay-foodpref_data.csv,potato_chip_like_change,food_preference,questionnaire
1990_sss_age_yogurt,assay-foodpref_data.csv,potato_chip_perc_cal,food_preference,questionnaire
1990_sss_age_yogurt,assay-foodpref_data.csv,potato_chip_taste,food_preference,questionnaire
1990_sss_age_yogurt,assay-foodpref_data.csv,salad_freq_eat,food_preference,questionnaire
1990_sss_age_yogurt,assay-foodpref_data.csv,salad_like_change,food_preference,questionnaire
1990_sss_age_yogurt,assay-foodpref_data.csv,salad_perc_cal,food_preference,questionnaire
1990_sss_age_yogurt,assay-foodpref_data.csv,salad_taste,food_preference,questionnaire
1990_sss_age_yogurt,assay-foodpref_data.csv,session,food_preference,questionnaire
1990_sss_age_yogurt,assay-foodpref_data.csv,sex,food_preference,questionnaire
1990_sss_age_yogurt,assay-foodpref_data.csv,skim_milk_freq_eat,food_preference,questionnaire
1990_sss_age_yogurt,assay-foodpref_data.csv,skim_milk_like_change,food_preference,questionnaire
1990_sss_age_yogurt,assay-foodpref_data.csv,skim_milk_perc_cal,food_preference,questionnaire
1990_sss_age_yogurt,assay-foodpref_data.csv,skim_milk_taste,food_preference,questionnaire
1990_sss_age_yogurt,assay-foodpref_data.csv,strawberry_freq_eat,food_preference,questionnaire
1990_sss_age_yogurt,assay-foodpref_data.csv,strawberry_like_change,food_preference,questionnaire
1990_sss_age_yogurt,assay-foodpref_data.csv,strawberry_perc_cal,food_preference,questionnaire
1990_sss_age_yogurt,assay-foodpref_data.csv,strawberry_taste,food_preference,questionnaire
1990_sss_age_yogurt,assay-foodpref_data.csv,tbone_steak_freq_eat,food_preference,questionnaire
1990_sss_age_yogurt,assay-foodpref_data.csv,tbone_steak_like_change,food_preference,questionnaire
1990_sss_age_yogurt,assay-foodpref_data.csv,tbone_steak_perc_cal,food_preference,questionnaire
1990_sss_age_yogurt,assay-foodpref_data.csv,tbone_steak_taste,food_preference,questionnaire
1990_sss_age_yogurt,assay-foodpref_data.csv,watermelon_freq_eat,food_preference,questionnaire
1990_sss_age_yogurt,assay-foodpref_data.csv,watermelon_like_change,food_preference,questionnaire
1990_sss_age_yogurt,assay-foodpref_data.csv,watermelon_perc_cal,food_preference,questionnaire
1990_sss_age_yogurt,assay-foodpref_data.csv,watermelon_taste,food_preference,questionnaire
1990_sss_age_yogurt,assay-foodpref_data.csv,wheat_bread_freq_eat,food_preference,questionnaire
1990_sss_age_yogurt,assay-foodpref_data.csv,wheat_bread_like_change,food_preference,questionnaire
1990_sss_age_yogurt,assay-foodpref_data.csv,wheat_bread_perc_cal,food_preference,questionnaire
1990_sss_age_yogurt,assay-foodpref_data.csv,wheat_bread_taste,food_preference,questionnaire
1990_sss_age_yogurt,assay-sss_data.csv,agegroup,sss,questionnaire
1990_sss_age_yogurt,assay-sss_data.csv,amtyogurt,sss,questionnaire
1990_sss_age_yogurt,assay-sss_data.csv,appearance_carrot_post,sss,questionnaire
1990_sss_age_yogurt,assay-sss_data.csv,appearance_carrot_pre,sss,questionnaire
1990_sss_age_yogurt,assay-sss_data.csv,appearance_cracker_post,sss,questionnaire
1990_sss_age_yogurt,assay-sss_data.csv,appearance_cracker_pre,sss,questionnaire
1990_sss_age_yogurt,assay-sss_data.csv,appearance_pretzel_post,sss,questionnaire
1990_sss_age_yogurt,assay-sss_data.csv,appearance_pretzel_pre,sss,questionnaire
1990_sss_age_yogurt,assay-sss_data.csv,appearance_tuna_post,sss,questionnaire
1990_sss_age_yogurt,assay-sss_data.csv,appearance_tuna_pre,sss,questionnaire
1990_sss_age_yogurt,assay-sss_data.csv,appearance_yogurt_post,sss,questionnaire
1990_sss_age_yogurt,assay-sss_data.csv,appearance_yogurt_pre,sss,questionnaire
1990_sss_age_yogurt,assay-sss_data.csv,desire_carrot_post,sss,questionnaire
1990_sss_age_yogurt,assay-sss_data.csv,desire_carrot_pre,sss,questionnaire
1990_sss_age_yogurt,assay-sss_data.csv,desire_cracker_post,sss,questionnaire
1990_sss_age_yogurt,assay-sss_data.csv,desire_cracker_pre,sss,questionnaire
1990_sss_age_yogurt,assay-sss_data.csv,desire_eat_post,sss,questionnaire
1990_sss_age_yogurt,assay-sss_data.csv,desire_eat_pre,sss,questionnaire
1990_sss_age_yogurt,assay-sss_data.csv,desire_pretzel_post,sss,questionnaire
1990_sss_age_yogurt,assay-sss_data.csv,desire_pretzel_pre,sss,questionnaire
1990_sss_age_yogurt,assay-sss_data.csv,desire_tuna_post,sss,questionnaire
1990_sss_age_yogurt,assay-sss_data.csv,desire_tuna_pre,sss,questionnaire
1990_sss_age_yogurt,assay-sss_data.csv,desire_yogurt_post,sss,questionnaire
1990_sss_age_yogurt,assay-sss_data.csv,desire_yogurt_pre,sss,questionnaire
1990_sss_age_yogurt,assay-sss_data.csv,dif_appearance,sss,questionnaire
1990_sss_age_yogurt,assay-sss_data.csv,dif_appearance_carrot,sss,questionnaire
1990_sss_age_yogurt,assay-sss_data.csv,dif_appearance_cracker,sss,questionnaire
1990_sss_age_yogurt,assay-sss_data.csv,dif_appearance_pretzel,sss,questionnaire
1990_sss_age_yogurt,assay-sss_data.csv,dif_appearance_tuna,sss,questionnaire
1990_sss_age_yogurt,assay-sss_data.csv,dif_appearance_yogurt,sss,questionnaire
1990_sss_age_yogurt,assay-sss_data.csv,dif_desire,sss,questionnaire
1990_sss_age_yogurt,assay-sss_data.csv,dif_desire_carrot,sss,questionnaire
1990_sss_age_yogurt,assay-sss_data.csv,dif_desire_cracker,sss,questionnaire
1990_sss_age_yogurt,assay-sss_data.csv,dif_desire_eat,sss,questionnaire
1990_sss_age_yogurt,assay-sss_data.csv,dif_desire_pretzel,sss,questionnaire
1990_sss_age_yogurt,assay-sss_data.csv,dif_desire_tuna,sss,questionnaire
1990_sss_age_yogurt,assay-sss_data.csv,dif_desire_yogurt,sss,questionnaire
1990_sss_age_yogurt,assay-sss_data.csv,dif_fullness,sss,questionnaire
1990_sss_age_yogurt,assay-sss_data.csv,dif_hunger,sss,questionnaire
1990_sss_age_yogurt,assay-sss_data.csv,dif_mouthdry,sss,questionnaire
1990_sss_age_yogurt,assay-sss_data.csv,dif_nauseous,sss,questionnaire
1990_sss_age_yogurt,assay-sss_data.csv,dif_odor,sss,questionnaire
1990_sss_age_yogurt,assay-sss_data.csv,dif_odor_carrot,sss,questionnaire
1990_sss_age_yogurt,assay-sss_data.csv,dif_odor_cracker,sss,questionnaire
1990_sss_age_yogurt,assay-sss_data.csv,dif_odor_pretzel,sss,questionnaire
1990_sss_age_yogurt,assay-sss_data.csv,dif_odor_tuna,sss,questionnaire
1990_sss_age_yogurt,assay-sss_data.csv,dif_odor_yogurt,sss,questionnaire
1990_sss_age_yogurt,assay-sss_data.csv,dif_taste,sss,questionnaire
1990_sss_age_yogurt,assay-sss_data.csv,dif_taste_carrot,sss,questionnaire
1990_sss_age_yogurt,assay-sss_data.csv,dif_taste_cracker,sss,questionnaire
1990_sss_age_yogurt,assay-sss_data.csv,dif_taste_pretzel,sss,questionnaire
1990_sss_age_yogurt,assay-sss_data.csv,dif_taste_tuna,sss,questionnaire
1990_sss_age_yogurt,assay-sss_data.csv,dif_taste_yogurt,sss,questionnaire
1990_sss_age_yogurt,assay-sss_data.csv,dif_texture,sss,questionnaire
1990_sss_age_yogurt,assay-sss_data.csv,dif_texture_carrot,sss,questionnaire
1990_sss_age_yogurt,assay-sss_data.csv,dif_texture_cracker,sss,questionnaire
1990_sss_age_yogurt,assay-sss_data.csv,dif_texture_pretzel,sss,questionnaire
1990_sss_age_yogurt,assay-sss_data.csv,dif_texture_tuna,sss,questionnaire
1990_sss_age_yogurt,assay-sss_data.csv,dif_texture_yogurt,sss,questionnaire
1990_sss_age_yogurt,assay-sss_data.csv,dif_thirst,sss,questionnaire
1990_sss_age_yogurt,assay-sss_data.csv,expt,sss,questionnaire
1990_sss_age_yogurt,assay-sss_data.csv,fullness_post,sss,questionnaire
1990_sss_age_yogurt,assay-sss_data.csv,fullness_pre,sss,questionnaire
1990_sss_age_yogurt,assay-sss_data.csv,hunger_post,sss,questionnaire
1990_sss_age_yogurt,assay-sss_data.csv,hunger_pre,sss,questionnaire
1990_sss_age_yogurt,assay-sss_data.csv,id,sss,questionnaire
1990_sss_age_yogurt,assay-sss_data.csv,mouthdry_post,sss,questionnaire
1990_sss_age_yogurt,assay-sss_data.csv,mouthdry_pre,sss,questionnaire
1990_sss_age_yogurt,assay-sss_data.csv,nauseous_post,sss,questionnaire
1990_sss_age_yogurt,assay-sss_data.csv,nauseous_pre,sss,questionnaire
1990_sss_age_yogurt,assay-sss_data.csv,odor_carrot_post,sss,questionnaire
1990_sss_age_yogurt,assay-sss_data.csv,odor_carrot_pre,sss,questionnaire
1990_sss_age_yogurt,assay-sss_data.csv,odor_cracker_post,sss,questionnaire
1990_sss_age_yogurt,assay-sss_data.csv,odor_cracker_pre,sss,questionnaire
1990_sss_age_yogurt,assay-sss_data.csv,odor_pretzel_post,sss,questionnaire
1990_sss_age_yogurt,assay-sss_data.csv,odor_pretzel_pre,sss,questionnaire
1990_sss_age_yogurt,assay-sss_data.csv,odor_tuna_post,sss,questionnaire
1990_sss_age_yogurt,assay-sss_data.csv,odor_tuna_pre,sss,questionnaire
1990_sss_age_yogurt,assay-sss_data.csv,odor_yogurt_post,sss,questionnaire
1990_sss_age_yogurt,assay-sss_data.csv,odor_yogurt_pre,sss,questionnaire
1990_sss_age_yogurt,assay-sss_data.csv,session,sss,questionnaire
1990_sss_age_yogurt,assay-sss_data.csv,sex,sss,questionnaire
1990_sss_age_yogurt,assay-sss_data.csv,taste_carrot_post,sss,questionnaire
1990_sss_age_yogurt,assay-sss_data.csv,taste_carrot_pre,sss,questionnaire
1990_sss_age_yogurt,assay-sss_data.csv,taste_cracker_post,sss,questionnaire
1990_sss_age_yogurt,assay-sss_data.csv,taste_cracker_pre,sss,questionnaire
1990_sss_age_yogurt,assay-sss_data.csv,taste_pretzel_post,sss,questionnaire
1990_sss_age_yogurt,assay-sss_data.csv,taste_pretzel_pre,sss,questionnaire
1990_sss_age_yogurt,assay-sss_data.csv,taste_tuna_post,sss,questionnaire
1990_sss_age_yogurt,assay-sss_data.csv,taste_tuna_pre,sss,questionnaire
1990_sss_age_yogurt,assay-sss_data.csv,taste_yogurt_post,sss,questionnaire
1990_sss_age_yogurt,assay-sss_data.csv,taste_yogurt_pre,sss,questionnaire
1990_sss_age_yogurt,assay-sss_data.csv,texture_carrot_post,sss,questionnaire
1990_sss_age_yogurt,assay-sss_data.csv,texture_carrot_pre,sss,questionnaire
1990_sss_age_yogurt,assay-sss_data.csv,texture_cracker_post,sss,questionnaire
1990_sss_age_yogurt,assay-sss_data.csv,texture_cracker_pre,sss,questionnaire
1990_sss_age_yogurt,assay-sss_data.csv,texture_pretzel_post,sss,questionnaire
1990_sss_age_yogurt,assay-sss_data.csv,texture_pretzel_pre,sss,questionnaire
1990_sss_age_yogurt,assay-sss_data.csv,texture_tuna_post,sss,questionnaire
1990_sss_age_yogurt,assay-sss_data.csv,texture_tuna_pre,sss,questionnaire
1990_sss_age_yogurt,assay-sss_data.csv,texture_yogurt_post,sss,questionnaire
1990_sss_age_yogurt,assay-sss_data.csv,texture_yogurt_pre,sss,questionnaire
1990_sss_age_yogurt,assay-sss_data.csv,thirst_post,sss,questionnaire
1990_sss_age_yogurt,assay-sss_data.csv,thirst_pre,sss,questionnaire
1990_sss_age_yogurt,assay-sss_data.csv,time,sss,questionnaire
1990_sss_age_yogurt,assay-sss_data.csv,uneat_appearance,sss,questionnaire
1990_sss_age_yogurt,assay-sss_data.csv,uneat_desire,sss,questionnaire
1990_sss_age_yogurt,assay-sss_data.csv,uneat_odor,sss,questionnaire
1990_sss_age_yogurt,assay-sss_data.csv,uneat_taste,sss,questionnaire
1990_sss_age_yogurt,assay-sss_data.csv,uneat_texture,sss,questionnaire
1990_sss_age_yogurt,assay-upsit_data.csv,agegroup,smell,other
1990_sss_age_yogurt,assay-upsit_data.csv,id,smell,other
1990_sss_age_yogurt,assay-upsit_data.csv,sex,smell,other
1990_sss_age_yogurt,assay-upsit_data.csv,smell_1,smell,other
1990_sss_age_yogurt,assay-upsit_data.csv,smell_10,smell,other
1990_sss_age_yogurt,assay-upsit_data.csv,smell_11,smell,other
1990_sss_age_yogurt,assay-upsit_data.csv,smell_12,smell,other
1990_sss_age_yogurt,assay-upsit_data.csv,smell_13,smell,other
1990_sss_age_yogurt,assay-upsit_data.csv,smell_14,smell,other
1990_sss_age_yogurt,assay-upsit_data.csv,smell_15,smell,other
1990_sss_age_yogurt,assay-upsit_data.csv,smell_16,smell,other
1990_sss_age_yogurt,assay-upsit_data.csv,smell_17,smell,other
1990_sss_age_yogurt,assay-upsit_data.csv,smell_18,smell,other
1990_sss_age_yogurt,assay-upsit_data.csv,smell_19,smell,other
1990_sss_age_yogurt,assay-upsit_data.csv,smell_2,smell,other
1990_sss_age_yogurt,assay-upsit_data.csv,smell_20,smell,other
1990_sss_age_yogurt,assay-upsit_data.csv,smell_21,smell,other
1990_sss_age_yogurt,assay-upsit_data.csv,smell_22,smell,other
1990_sss_age_yogurt,assay-upsit_data.csv,smell_23,smell,other
1990_sss_age_yogurt,assay-upsit_data.csv,smell_24,smell,other
1990_sss_age_yogurt,assay-upsit_data.csv,smell_25,smell,other
1990_sss_age_yogurt,assay-upsit_data.csv,smell_26,smell,other
1990_sss_age_yogurt,assay-upsit_data.csv,smell_27,smell,other
1990_sss_age_yogurt,assay-upsit_data.csv,smell_28,smell,other
1990_sss_age_yogurt,assay-upsit_data.csv,smell_29,smell,other
1990_sss_age_yogurt,assay-upsit_data.csv,smell_3,smell,other
1990_sss_age_yogurt,assay-upsit_data.csv,smell_30,smell,other
1990_sss_age_yogurt,assay-upsit_data.csv,smell_31,smell,other
1990_sss_age_yogurt,assay-upsit_data.csv,smell_32,smell,other
1990_sss_age_yogurt,assay-upsit_data.csv,smell_33,smell,other
1990_sss_age_yogurt,assay-upsit_data.csv,smell_34,smell,other
1990_sss_age_yogurt,assay-upsit_data.csv,smell_35,smell,other
1990_sss_age_yogurt,assay-upsit_data.csv,smell_36,smell,other
1990_sss_age_yogurt,assay-upsit_data.csv,smell_37,smell,other
1990_sss_age_yogurt,assay-upsit_data.csv,smell_38,smell,other
1990_sss_age_yogurt,assay-upsit_data.csv,smell_39,smell,other
1990_sss_age_yogurt,assay-upsit_data.csv,smell_4,smell,other
1990_sss_age_yogurt,assay-upsit_data.csv,smell_40,smell,other
1990_sss_age_yogurt,assay-upsit_data.csv,smell_5,smell,other
1990_sss_age_yogurt,assay-upsit_data.csv,smell_6,smell,other
1990_sss_age_yogurt,assay-upsit_data.csv,smell_7,smell,other
1990_sss_age_yogurt,assay-upsit_data.csv,smell_8,smell,other
1990_sss_age_yogurt,assay-upsit_data.csv,smell_9,smell,other
1990_sss_age_yogurt,assay-upsit_data.csv,upsitsc,smell,other
1991_eatdis,assay-demo_data.csv,age,demographics,other
1991_eatdis,assay-demo_data.csv,bmi,demographics,other
1991_eatdis,assay-demo_data.csv,cafeteria_study,demographics,other
1991_eatdis,assay-demo_data.csv,foodpref_study,demographics,other
1991_eatdis,assay-demo_data.csv,group,demographics,other
1991_eatdis,assay-demo_data.csv,group_anr_split,demographics,other
1991_eatdis,assay-demo_data.csv,hospital_stay_wks,demographics,other
1991_eatdis,assay-demo_data.csv,id,demographics,other
1991_eatdis,assay-demo_data.csv,illness_dur,demographics,other
1991_eatdis,assay-demo_data.csv,perc_ideal_bw,demographics,other
1991_eatdis,assay-demo_data.csv,race,demographics,other
1991_eatdis,assay-demo_data.csv,smell_study,demographics,other
1991_eatdis,assay-demo_data.csv,timepoint,demographics,other
1991_eatdis,assay-questionnaire_data.csv,eat,questionnaire,questionnaire
1991_eatdis,assay-questionnaire_data.csv,edi,questionnaire,questionnaire
1991_eatdis,assay-questionnaire_data.csv,edi_body_dissat,questionnaire,questionnaire
1991_eatdis,assay-questionnaire_data.csv,edi_bulimia,questionnaire,questionnaire
1991_eatdis,assay-questionnaire_data.csv,edi_distrust,questionnaire,questionnaire
1991_eatdis,assay-questionnaire_data.csv,edi_ineffectiveness,questionnaire,questionnaire
1991_eatdis,assay-questionnaire_data.csv,edi_intero_aware,questionnaire,questionnaire
1991_eatdis,assay-questionnaire_data.csv,edi_mature_fears,questionnaire,questionnaire
1991_eatdis,assay-questionnaire_data.csv,edi_perfectionism,questionnaire,questionnaire
1991_eatdis,assay-questionnaire_data.csv,edi_thinness,questionnaire,questionnaire
1991_eatdis,assay-questionnaire_data.csv,ei_cog_restraint,questionnaire,questionnaire
1991_eatdis,assay-questionnaire_data.csv,ei_disinhibit,questionnaire,questionnaire
1991_eatdis,assay-questionnaire_data.csv,ei_hunger,questionnaire,questionnaire
1991_eatdis,assay-questionnaire_data.csv,group,questionnaire,questionnaire
1991_eatdis,assay-questionnaire_data.csv,id,questionnaire,questionnaire
1991_eatdis,assay-questionnaire_data.csv,timepoint,questionnaire,questionnaire
1991_eatdis,study-cafeteria_assay-intake_data.csv,alert_dif,intake,questionnaire
1991_eatdis,study-cafeteria_assay-intake_data.csv,alert_post,intake,questionnaire
1991_eatdis,study-cafeteria_assay-intake_data.csv,alert_pre,intake,questionnaire
1991_eatdis,study-cafeteria_assay-intake_data.csv,anxious_dif,intake,questionnaire
1991_eatdis,study-cafeteria_assay-intake_data.csv,anxious_post,intake,questionnaire
1991_eatdis,study-cafeteria_assay-intake_data.csv,anxious_pre,intake,questionnaire
1991_eatdis,study-cafeteria_assay-intake_data.csv,binge_desire_dif,intake,questionnaire
1991_eatdis,study-cafeteria_assay-intake_data.csv,binge_desire_post,intake,questionnaire
1991_eatdis,study-cafeteria_assay-intake_data.csv,binge_desire_pre,intake,questionnaire
1991_eatdis,study-cafeteria_assay-intake_data.csv,bloated_dif,intake,questionnaire
1991_eatdis,study-cafeteria_assay-intake_data.csv,bloated_post,intake,questionnaire
1991_eatdis,study-cafeteria_assay-intake_data.csv,bloated_pre,intake,questionnaire
1991_eatdis,study-cafeteria_assay-intake_data.csv,calm_dif,intake,questionnaire
1991_eatdis,study-cafeteria_assay-intake_data.csv,calm_post,intake,questionnaire
1991_eatdis,study-cafeteria_assay-intake_data.csv,calm_pre,intake,questionnaire
1991_eatdis,study-cafeteria_assay-intake_data.csv,content_dif,intake,other
1991_eatdis,study-cafeteria_assay-intake_data.csv,content_post,intake,other
1991_eatdis,study-cafeteria_assay-intake_data.csv,content_pre,intake,other
1991_eatdis,study-cafeteria_assay-intake_data.csv,depressed_dif,intake,questionnaire
1991_eatdis,study-cafeteria_assay-intake_data.csv,depressed_post,intake,questionnaire
1991_eatdis,study-cafeteria_assay-intake_data.csv,depressed_pre,intake,questionnaire
1991_eatdis,study-cafeteria_assay-intake_data.csv,desire_dif,intake,questionnaire
1991_eatdis,study-cafeteria_assay-intake_data.csv,desire_post,intake,questionnaire
1991_eatdis,study-cafeteria_assay-intake_data.csv,desire_pre,intake,questionnaire
1991_eatdis,study-cafeteria_assay-intake_data.csv,drowsy_dif,intake,questionnaire
1991_eatdis,study-cafeteria_assay-intake_data.csv,drowsy_post,intake,questionnaire
1991_eatdis,study-cafeteria_assay-intake_data.csv,drowsy_pre,intake,questionnaire
1991_eatdis,study-cafeteria_assay-intake_data.csv,fear_fat_dif,intake,other
1991_eatdis,study-cafeteria_assay-intake_data.csv,fear_fat_post,intake,other
1991_eatdis,study-cafeteria_assay-intake_data.csv,fear_fat_pre,intake,other
1991_eatdis,study-cafeteria_assay-intake_data.csv,fullness_dif,intake,questionnaire
1991_eatdis,study-cafeteria_assay-intake_data.csv,fullness_post,intake,questionnaire
1991_eatdis,study-cafeteria_assay-intake_data.csv,fullness_pre,intake,questionnaire
1991_eatdis,study-cafeteria_assay-intake_data.csv,g_cho,intake,intake
1991_eatdis,study-cafeteria_assay-intake_data.csv,g_fat,intake,intake
1991_eatdis,study-cafeteria_assay-intake_data.csv,g_pro,intake,intake
1991_eatdis,study-cafeteria_assay-intake_data.csv,group,intake,other
1991_eatdis,study-cafeteria_assay-intake_data.csv,guilt_dif,intake,questionnaire
1991_eatdis,study-cafeteria_assay-intake_data.csv,guilt_post,intake,questionnaire
1991_eatdis,study-cafeteria_assay-intake_data.csv,guilt_pre,intake,questionnaire
1991_eatdis,study-cafeteria_assay-intake_data.csv,hunger_dif,intake,questionnaire
1991_eatdis,study-cafeteria_assay-intake_data.csv,hunger_post,intake,questionnaire
1991_eatdis,study-cafeteria_assay-intake_data.csv,hunger_pre,intake,questionnaire
1991_eatdis,study-cafeteria_assay-intake_data.csv,id,intake,other
1991_eatdis,study-cafeteria_assay-intake_data.csv,mgca,intake,other
1991_eatdis,study-cafeteria_assay-intake_data.csv,much_eat_dif,intake,questionnaire
1991_eatdis,study-cafeteria_assay-intake_data.csv,much_eat_post,intake,questionnaire
1991_eatdis,study-cafeteria_assay-intake_data.csv,much_eat_pre,intake,questionnaire
1991_eatdis,study-cafeteria_assay-intake_data.csv,perc_cal_cho,intake,intake
1991_eatdis,study-cafeteria_assay-intake_data.csv,perc_cal_fat,intake,intake
1991_eatdis,study-cafeteria_assay-intake_data.csv,perc_cal_pro,intake,intake
1991_eatdis,study-cafeteria_assay-intake_data.csv,purge_desire_dif,intake,questionnaire
1991_eatdis,study-cafeteria_assay-intake_data.csv,purge_desire_post,intake,questionnaire
1991_eatdis,study-cafeteria_assay-intake_data.csv,purge_desire_pre,intake,questionnaire
1991_eatdis,study-cafeteria_assay-intake_data.csv,relaxed_dif,intake,questionnaire
1991_eatdis,study-cafeteria_assay-intake_data.csv,relaxed_post,intake,questionnaire
1991_eatdis,study-cafeteria_assay-intake_data.csv,relaxed_pre,intake,questionnaire
1991_eatdis,study-cafeteria_assay-intake_data.csv,tense_dif,intake,questionnaire
1991_eatdis,study-cafeteria_assay-intake_data.csv,tense_post,intake,questionnaire
1991_eatdis,study-cafeteria_assay-intake_data.csv,tense_pre,intake,questionnaire
1991_eatdis,study-cafeteria_assay-intake_data.csv,thirst_dif,intake,questionnaire
1991_eatdis,study-cafeteria_assay-intake_data.csv,thirst_post,intake,questionnaire
1991_eatdis,study-cafeteria_assay-intake_data.csv,thirst_pre,intake,questionnaire
1991_eatdis,study-cafeteria_assay-intake_data.csv,time,intake,other
1991_eatdis,study-cafeteria_assay-intake_data.csv,timepoint,intake,other
1991_eatdis,study-cafeteria_assay-intake_data.csv,total_g,intake,total_intake
1991_eatdis,study-cafeteria_assay-intake_data.csv,total_kcal,intake,total_intake
1991_eatdis,study-cafeteria_calc-timedif_data.csv,eat_tdif,timing,questionnaire
1991_eatdis,study-cafeteria_calc-timedif_data.csv,g_cho_tdif,timing,other
1991_eatdis,study-cafeteria_calc-timedif_data.csv,g_fat_tdif,timing,other
1991_eatdis,study-cafeteria_calc-timedif_data.csv,g_pro_tdif,timing,other
1991_eatdis,study-cafeteria_calc-timedif_data.csv,group,timing,other
1991_eatdis,study-cafeteria_calc-timedif_data.csv,id,timing,other
1991_eatdis,study-cafeteria_calc-timedif_data.csv,more_g_cho,timing,other
1991_eatdis,study-cafeteria_calc-timedif_data.csv,more_g_fat,timing,other
1991_eatdis,study-cafeteria_calc-timedif_data.csv,more_g_pro,timing,other
1991_eatdis,study-cafeteria_calc-timedif_data.csv,more_p_cho,timing,other
1991_eatdis,study-cafeteria_calc-timedif_data.csv,more_p_fat,timing,other
1991_eatdis,study-cafeteria_calc-timedif_data.csv,more_p_pro,timing,other
1991_eatdis,study-cafeteria_calc-timedif_data.csv,p_cho_tdif,timing,other
1991_eatdis,study-cafeteria_calc-timedif_data.csv,p_fat_tdif,timing,other
1991_eatdis,study-cafeteria_calc-timedif_data.csv,p_pro_tdif,timing,other
1991_eatdis,study-cafeteria_calc-timedif_data.csv,perc_ideal_bw_tdif,timing,other
1991_eatdis,study-foodpref_assay-foodq_data.csv,baked_potato_eat,questionnaire,questionnaire
1991_eatdis,study-foodpref_assay-foodq_data.csv,baked_potato_like,questionnaire,questionnaire
1991_eatdis,study-foodpref_assay-foodq_data.csv,banana_eat,questionnaire,questionnaire
1991_eatdis,study-foodpref_assay-foodq_data.csv,banana_like,questionnaire,questionnaire
1991_eatdis,study-foodpref_assay-foodq_data.csv,berry_yogurt_eat,questionnaire,questionnaire
1991_eatdis,study-foodpref_assay-foodq_data.csv,berry_yogurt_like,questionnaire,questionnaire
1991_eatdis,study-foodpref_assay-foodq_data.csv,boiled_egg_eat,questionnaire,questionnaire
1991_eatdis,study-foodpref_assay-foodq_data.csv,boiled_egg_like,questionnaire,questionnaire
1991_eatdis,study-foodpref_assay-foodq_data.csv,bologna_eat,questionnaire,questionnaire
1991_eatdis,study-foodpref_assay-foodq_data.csv,bologna_like,questionnaire,questionnaire
1991_eatdis,study-foodpref_assay-foodq_data.csv,broccoli_eat,questionnaire,questionnaire
1991_eatdis,study-foodpref_assay-foodq_data.csv,broccoli_like,questionnaire,questionnaire
1991_eatdis,study-foodpref_assay-foodq_data.csv,celery_eat,questionnaire,questionnaire
1991_eatdis,study-foodpref_assay-foodq_data.csv,celery_like,questionnaire,questionnaire
1991_eatdis,study-foodpref_assay-foodq_data.csv,cheddar_cheese_eat,questionnaire,questionnaire
1991_eatdis,study-foodpref_assay-foodq_data.csv,cheddar_cheese_like,questionnaire,questionnaire
1991_eatdis,study-foodpref_assay-foodq_data.csv,cheese_burger_eat,questionnaire,questionnaire
1991_eatdis,study-foodpref_assay-foodq_data.csv,cheese_burger_like,questionnaire,questionnaire
1991_eatdis,study-foodpref_assay-foodq_data.csv,cherry_pie_eat,questionnaire,questionnaire
1991_eatdis,study-foodpref_assay-foodq_data.csv,cherry_pie_like,questionnaire,questionnaire
1991_eatdis,study-foodpref_assay-foodq_data.csv,choc_icecream_eat,questionnaire,questionnaire
1991_eatdis,study-foodpref_assay-foodq_data.csv,choc_icecream_like,questionnaire,questionnaire
1991_eatdis,study-foodpref_assay-foodq_data.csv,cinnamon_roll_eat,questionnaire,questionnaire
1991_eatdis,study-foodpref_assay-foodq_data.csv,cinnamon_roll_like,questionnaire,questionnaire
1991_eatdis,study-foodpref_assay-foodq_data.csv,coconut_eat,questionnaire,questionnaire
1991_eatdis,study-foodpref_assay-foodq_data.csv,coconut_like,questionnaire,questionnaire
1991_eatdis,study-foodpref_assay-foodq_data.csv,coleslaw_eat,questionnaire,questionnaire
1991_eatdis,study-foodpref_assay-foodq_data.csv,coleslaw_like,questionnaire,questionnaire
1991_eatdis,study-foodpref_assay-foodq_data.csv,cottage_cheese_eat,questionnaire,questionnaire
1991_eatdis,study-foodpref_assay-foodq_data.csv,cottage_cheese_like,questionnaire,questionnaire
1991_eatdis,study-foodpref_assay-foodq_data.csv,cucumber_eat,questionnaire,questionnaire
1991_eatdis,study-foodpref_assay-foodq_data.csv,cucumber_like,questionnaire,questionnaire
1991_eatdis,study-foodpref_assay-foodq_data.csv,diet_cola_eat,questionnaire,questionnaire
1991_eatdis,study-foodpref_assay-foodq_data.csv,diet_cola_like,questionnaire,questionnaire
1991_eatdis,study-foodpref_assay-foodq_data.csv,dill_pickle_eat,questionnaire,questionnaire
1991_eatdis,study-foodpref_assay-foodq_data.csv,dill_pickle_like,questionnaire,questionnaire
1991_eatdis,study-foodpref_assay-foodq_data.csv,french_fries_eat,questionnaire,questionnaire
1991_eatdis,study-foodpref_assay-foodq_data.csv,french_fries_like,questionnaire,questionnaire
1991_eatdis,study-foodpref_assay-foodq_data.csv,fried_egg_eat,questionnaire,questionnaire
1991_eatdis,study-foodpref_assay-foodq_data.csv,fried_egg_like,questionnaire,questionnaire
1991_eatdis,study-foodpref_assay-foodq_data.csv,fruit_punch_eat,questionnaire,questionnaire
1991_eatdis,study-foodpref_assay-foodq_data.csv,fruit_punch_like,questionnaire,questionnaire
1991_eatdis,study-foodpref_assay-foodq_data.csv,gingerbread_eat,questionnaire,questionnaire
1991_eatdis,study-foodpref_assay-foodq_data.csv,gingerbread_like,questionnaire,questionnaire
1991_eatdis,study-foodpref_assay-foodq_data.csv,grape_eat,questionnaire,questionnaire
1991_eatdis,study-foodpref_assay-foodq_data.csv,grape_like,questionnaire,questionnaire
1991_eatdis,study-foodpref_assay-foodq_data.csv,grapefruit_juice_eat,questionnaire,questionnaire
1991_eatdis,study-foodpref_assay-foodq_data.csv,grapefruit_juice_like,questionnaire,questionnaire
1991_eatdis,study-foodpref_assay-foodq_data.csv,group,questionnaire,questionnaire
1991_eatdis,study-foodpref_assay-foodq_data.csv,id,questionnaire,questionnaire
1991_eatdis,study-foodpref_assay-foodq_data.csv,jello_eat,questionnaire,questionnaire
1991_eatdis,study-foodpref_assay-foodq_data.csv,jello_like,questionnaire,questionnaire
1991_eatdis,study-foodpref_assay-foodq_data.csv,lemon_pie_eat,questionnaire,questionnaire
1991_eatdis,study-foodpref_assay-foodq_data.csv,lemon_pie_like,questionnaire,questionnaire
1991_eatdis,study-foodpref_assay-foodq_data.csv,licorice_eat,questionnaire,questionnaire
1991_eatdis,study-foodpref_assay-foodq_data.csv,licorice_like,questionnaire,questionnaire
1991_eatdis,study-foodpref_assay-foodq_data.csv,lime_sherbet_eat,questionnaire,questionnaire
1991_eatdis,study-foodpref_assay-foodq_data.csv,lime_sherbet_like,questionnaire,questionnaire
1991_eatdis,study-foodpref_assay-foodq_data.csv,melba_toast_eat,questionnaire,questionnaire
1991_eatdis,study-foodpref_assay-foodq_data.csv,melba_toast_like,questionnaire,questionnaire
1991_eatdis,study-foodpref_assay-foodq_data.csv,onion_rings_eat,questionnaire,questionnaire
1991_eatdis,study-foodpref_assay-foodq_data.csv,onion_rings_like,questionnaire,questionnaire
1991_eatdis,study-foodpref_assay-foodq_data.csv,oranges_eat,questionnaire,questionnaire
1991_eatdis,study-foodpref_assay-foodq_data.csv,oranges_like,questionnaire,questionnaire
1991_eatdis,study-foodpref_assay-foodq_data.csv,peaches_eat,questionnaire,questionnaire
1991_eatdis,study-foodpref_assay-foodq_data.csv,peaches_like,questionnaire,questionnaire
1991_eatdis,study-foodpref_assay-foodq_data.csv,peanuts_eat,questionnaire,questionnaire
1991_eatdis,study-foodpref_assay-foodq_data.csv,peanuts_like,questionnaire,questionnaire
1991_eatdis,study-foodpref_assay-foodq_data.csv,pineapple_eat,questionnaire,questionnaire
1991_eatdis,study-foodpref_assay-foodq_data.csv,pineapple_like,questionnaire,questionnaire
1991_eatdis,study-foodpref_assay-foodq_data.csv,pizza_eat,questionnaire,questionnaire
1991_eatdis,study-foodpref_assay-foodq_data.csv,pizza_like,questionnaire,questionnaire
1991_eatdis,study-foodpref_assay-foodq_data.csv,popcorn_eat,questionnaire,questionnaire
1991_eatdis,study-foodpref_assay-foodq_data.csv,popcorn_like,questionnaire,questionnaire
1991_eatdis,study-foodpref_assay-foodq_data.csv,potato_chip_eat,questionnaire,questionnaire
1991_eatdis,study-foodpref_assay-foodq_data.csv,potato_chip_like,questionnaire,questionnaire
1991_eatdis,study-foodpref_assay-foodq_data.csv,rice_eat,questionnaire,questionnaire
1991_eatdis,study-foodpref_assay-foodq_data.csv,rice_like,questionnaire,questionnaire
1991_eatdis,study-foodpref_assay-foodq_data.csv,root_beer_eat,questionnaire,questionnaire
1991_eatdis,study-foodpref_assay-foodq_data.csv,root_beer_like,questionnaire,questionnaire
1991_eatdis,study-foodpref_assay-foodq_data.csv,salad_eat,questionnaire,questionnaire
1991_eatdis,study-foodpref_assay-foodq_data.csv,salad_like,questionnaire,questionnaire
1991_eatdis,study-foodpref_assay-foodq_data.csv,salmon_eat,questionnaire,questionnaire
1991_eatdis,study-foodpref_assay-foodq_data.csv,salmon_like,questionnaire,questionnaire
1991_eatdis,study-foodpref_assay-foodq_data.csv,skim_milk_eat,questionnaire,questionnaire
1991_eatdis,study-foodpref_assay-foodq_data.csv,skim_milk_like,questionnaire,questionnaire
1991_eatdis,study-foodpref_assay-foodq_data.csv,steak_eat,questionnaire,questionnaire
1991_eatdis,study-foodpref_assay-foodq_data.csv,steak_like,questionnaire,questionnaire
1991_eatdis,study-foodpref_assay-foodq_data.csv,strawberry_eat,questionnaire,questionnaire
1991_eatdis,study-foodpref_assay-foodq_data.csv,strawberry_like,questionnaire,questionnaire
1991_eatdis,study-foodpref_assay-foodq_data.csv,timepoint,questionnaire,questionnaire
1991_eatdis,study-foodpref_assay-foodq_data.csv,tuna_salad_eat,questionnaire,questionnaire
1991_eatdis,study-foodpref_assay-foodq_data.csv,tuna_salad_like,questionnaire,questionnaire
1991_eatdis,study-foodpref_assay-foodq_data.csv,turkey_eat,questionnaire,questionnaire
1991_eatdis,study-foodpref_assay-foodq_data.csv,turkey_like,questionnaire,questionnaire
1991_eatdis,study-foodpref_assay-foodq_data.csv,watermelon_eat,questionnaire,questionnaire
1991_eatdis,study-foodpref_assay-foodq_data.csv,watermelon_like,questionnaire,questionnaire
1991_eatdis,study-foodpref_assay-foodq_data.csv,wheat_bread_eat,questionnaire,questionnaire
1991_eatdis,study-foodpref_assay-foodq_data.csv,wheat_bread_like,questionnaire,questionnaire
1991_eatdis,study-foodpref_assay-foodq_data.csv,whole_milk_eat,questionnaire,questionnaire
1991_eatdis,study-foodpref_assay-foodq_data.csv,whole_milk_like,questionnaire,questionnaire
1991_eatdis,study-foodpref_assay-foodq_data.csv,wintergreen_candy_eat,questionnaire,questionnaire
1991_eatdis,study-foodpref_assay-foodq_data.csv,wintergreen_candy_like,questionnaire,questionnaire
1991_eatdis,study-foodpref_calc-foodinfo_data.csv,energy_density,food_preference,questionnaire
1991_eatdis,study-foodpref_calc-foodinfo_data.csv,food,food_preference,questionnaire
1991_eatdis,study-foodpref_calc-foodinfo_data.csv,high_cho,food_preference,questionnaire
1991_eatdis,study-foodpref_calc-foodinfo_data.csv,high_fat,food_preference,questionnaire
1991_eatdis,study-foodpref_calc-foodinfo_data.csv,low_cho,food_preference,questionnaire
1991_eatdis,study-foodpref_calc-foodinfo_data.csv,low_fat,food_preference,questionnaire
1991_eatdis,study-foodpref_calc-preference_data.csv,group,food_preference,questionnaire
1991_eatdis,study-foodpref_calc-preference_data.csv,high_cal_eat,food_preference,questionnaire
1991_eatdis,study-foodpref_calc-preference_data.csv,high_cal_like,food_preference,questionnaire
1991_eatdis,study-foodpref_calc-preference_data.csv,high_cho_eat,food_preference,questionnaire
1991_eatdis,study-foodpref_calc-preference_data.csv,high_cho_like,food_preference,questionnaire
1991_eatdis,study-foodpref_calc-preference_data.csv,high_fat_eat,food_preference,questionnaire
1991_eatdis,study-foodpref_calc-preference_data.csv,high_fat_like,food_preference,questionnaire
1991_eatdis,study-foodpref_calc-preference_data.csv,id,food_preference,questionnaire
1991_eatdis,study-foodpref_calc-preference_data.csv,low_cal_eat,food_preference,questionnaire
1991_eatdis,study-foodpref_calc-preference_data.csv,low_cal_like,food_preference,questionnaire
1991_eatdis,study-foodpref_calc-preference_data.csv,low_cho_eat,food_preference,questionnaire
1991_eatdis,study-foodpref_calc-preference_data.csv,low_cho_like,food_preference,questionnaire
1991_eatdis,study-foodpref_calc-preference_data.csv,low_fat_eat,food_preference,questionnaire
1991_eatdis,study-foodpref_calc-preference_data.csv,low_fat_like,food_preference,questionnaire
1991_eatdis,study-foodpref_calc-preference_data.csv,timepoint,food_preference,questionnaire
1991_eatdis,study-smell_data.csv,age,smell,other
1991_eatdis,study-smell_data.csv,cigs_day,smell,other
1991_eatdis,study-smell_data.csv,group_anr_split,smell,other
1991_eatdis,study-smell_data.csv,id,smell,other
1991_eatdis,study-smell_data.csv,illness_dur,smell,other
1991_eatdis,study-smell_data.csv,odor_threshold,smell,questionnaire
1991_eatdis,study-smell_data.csv,perc_ideal_bw,smell,other
1991_eatdis,study-smell_data.csv,smoke,smell,other
1991_eatdis,study-smell_data.csv,timepoint,smell,other
1991_eatdis,study-smell_data.csv,upsit,smell,other
1991_eatdis,study-smell_data.csv,years_smoked,smell,other
1991_eatdis_hourly,assay-vas_data.csv,anxious_10am,ratings,questionnaire
1991_eatdis_hourly,assay-vas_data.csv,anxious_10pm,ratings,questionnaire
1991_eatdis_hourly,assay-vas_data.csv,anxious_11am,ratings,questionnaire
1991_eatdis_hourly,assay-vas_data.csv,anxious_1pm,ratings,questionnaire
1991_eatdis_hourly,assay-vas_data.csv,anxious_2pm,ratings,questionnaire
1991_eatdis_hourly,assay-vas_data.csv,anxious_3pm,ratings,questionnaire
1991_eatdis_hourly,assay-vas_data.csv,anxious_4pm,ratings,questionnaire
1991_eatdis_hourly,assay-vas_data.csv,anxious_6pm,ratings,questionnaire
1991_eatdis_hourly,assay-vas_data.csv,anxious_7pm,ratings,questionnaire
1991_eatdis_hourly,assay-vas_data.csv,anxious_8pm,ratings,questionnaire
1991_eatdis_hourly,assay-vas_data.csv,anxious_9am,ratings,questionnaire
1991_eatdis_hourly,assay-vas_data.csv,anxious_9pm,ratings,questionnaire
1991_eatdis_hourly,assay-vas_data.csv,anxious_breakfast_post,ratings,questionnaire
1991_eatdis_hourly,assay-vas_data.csv,anxious_breakfast_pre,ratings,questionnaire
1991_eatdis_hourly,assay-vas_data.csv,anxious_dinner_post,ratings,questionnaire
1991_eatdis_hourly,assay-vas_data.csv,anxious_dinner_pre,ratings,questionnaire
1991_eatdis_hourly,assay-vas_data.csv,anxious_lunch_post,ratings,questionnaire
1991_eatdis_hourly,assay-vas_data.csv,anxious_lunch_pre,ratings,questionnaire
1991_eatdis_hourly,assay-vas_data.csv,binge_desire_10am,ratings,questionnaire
1991_eatdis_hourly,assay-vas_data.csv,binge_desire_10pm,ratings,questionnaire
1991_eatdis_hourly,assay-vas_data.csv,binge_desire_11am,ratings,questionnaire
1991_eatdis_hourly,assay-vas_data.csv,binge_desire_1pm,ratings,questionnaire
1991_eatdis_hourly,assay-vas_data.csv,binge_desire_2pm,ratings,questionnaire
1991_eatdis_hourly,assay-vas_data.csv,binge_desire_3pm,ratings,questionnaire
1991_eatdis_hourly,assay-vas_data.csv,binge_desire_4pm,ratings,questionnaire
1991_eatdis_hourly,assay-vas_data.csv,binge_desire_6pm,ratings,questionnaire
1991_eatdis_hourly,assay-vas_data.csv,binge_desire_7pm,ratings,questionnaire
1991_eatdis_hourly,assay-vas_data.csv,binge_desire_8pm,ratings,questionnaire
1991_eatdis_hourly,assay-vas_data.csv,binge_desire_9am,ratings,questionnaire
1991_eatdis_hourly,assay-vas_data.csv,binge_desire_9pm,ratings,questionnaire
1991_eatdis_hourly,assay-vas_data.csv,binge_desire_breakfast_post,ratings,questionnaire
1991_eatdis_hourly,assay-vas_data.csv,binge_desire_breakfast_pre,ratings,questionnaire
1991_eatdis_hourly,assay-vas_data.csv,binge_desire_dinner_post,ratings,questionnaire
1991_eatdis_hourly,assay-vas_data.csv,binge_desire_dinner_pre,ratings,questionnaire
1991_eatdis_hourly,assay-vas_data.csv,binge_desire_lunch_post,ratings,questionnaire
1991_eatdis_hourly,assay-vas_data.csv,binge_desire_lunch_pre,ratings,questionnaire
1991_eatdis_hourly,assay-vas_data.csv,depressed_10am,ratings,questionnaire
1991_eatdis_hourly,assay-vas_data.csv,depressed_10pm,ratings,questionnaire
1991_eatdis_hourly,assay-vas_data.csv,depressed_11am,ratings,questionnaire
1991_eatdis_hourly,assay-vas_data.csv,depressed_1pm,ratings,questionnaire
1991_eatdis_hourly,assay-vas_data.csv,depressed_2pm,ratings,questionnaire
1991_eatdis_hourly,assay-vas_data.csv,depressed_3pm,ratings,questionnaire
1991_eatdis_hourly,assay-vas_data.csv,depressed_4pm,ratings,questionnaire
1991_eatdis_hourly,assay-vas_data.csv,depressed_6pm,ratings,questionnaire
1991_eatdis_hourly,assay-vas_data.csv,depressed_7pm,ratings,questionnaire
1991_eatdis_hourly,assay-vas_data.csv,depressed_8pm,ratings,questionnaire
1991_eatdis_hourly,assay-vas_data.csv,depressed_9am,ratings,questionnaire
1991_eatdis_hourly,assay-vas_data.csv,depressed_9pm,ratings,questionnaire
1991_eatdis_hourly,assay-vas_data.csv,depressed_breakfast_post,ratings,questionnaire
1991_eatdis_hourly,assay-vas_data.csv,depressed_breakfast_pre,ratings,questionnaire
1991_eatdis_hourly,assay-vas_data.csv,depressed_dinner_post,ratings,questionnaire
1991_eatdis_hourly,assay-vas_data.csv,depressed_dinner_pre,ratings,questionnaire
1991_eatdis_hourly,assay-vas_data.csv,depressed_lunch_post,ratings,questionnaire
1991_eatdis_hourly,assay-vas_data.csv,depressed_lunch_pre,ratings,questionnaire
1991_eatdis_hourly,assay-vas_data.csv,fear_fat_10am,ratings,questionnaire
1991_eatdis_hourly,assay-vas_data.csv,fear_fat_10pm,ratings,questionnaire
1991_eatdis_hourly,assay-vas_data.csv,fear_fat_11am,ratings,questionnaire
1991_eatdis_hourly,assay-vas_data.csv,fear_fat_1pm,ratings,questionnaire
1991_eatdis_hourly,assay-vas_data.csv,fear_fat_2pm,ratings,questionnaire
1991_eatdis_hourly,assay-vas_data.csv,fear_fat_3pm,ratings,questionnaire
1991_eatdis_hourly,assay-vas_data.csv,fear_fat_4pm,ratings,questionnaire
1991_eatdis_hourly,assay-vas_data.csv,fear_fat_6pm,ratings,questionnaire
1991_eatdis_hourly,assay-vas_data.csv,fear_fat_7pm,ratings,questionnaire
1991_eatdis_hourly,assay-vas_data.csv,fear_fat_8pm,ratings,questionnaire
1991_eatdis_hourly,assay-vas_data.csv,fear_fat_9am,ratings,questionnaire
1991_eatdis_hourly,assay-vas_data.csv,fear_fat_9pm,ratings,questionnaire
1991_eatdis_hourly,assay-vas_data.csv,fear_fat_breakfast_post,ratings,questionnaire
1991_eatdis_hourly,assay-vas_data.csv,fear_fat_breakfast_pre,ratings,questionnaire
1991_eatdis_hourly,assay-vas_data.csv,fear_fat_dinner_post,ratings,questionnaire
1991_eatdis_hourly,assay-vas_data.csv,fear_fat_dinner_pre,ratings,questionnaire
1991_eatdis_hourly,assay-vas_data.csv,fear_fat_lunch_post,ratings,questionnaire
1991_eatdis_hourly,assay-vas_data.csv,fear_fat_lunch_pre,ratings,questionnaire
1991_eatdis_hourly,assay-vas_data.csv,fullness_10am,ratings,questionnaire
1991_eatdis_hourly,assay-vas_data.csv,fullness_10pm,ratings,questionnaire
1991_eatdis_hourly,assay-vas_data.csv,fullness_11am,ratings,questionnaire
1991_eatdis_hourly,assay-vas_data.csv,fullness_1pm,ratings,questionnaire
1991_eatdis_hourly,assay-vas_data.csv,fullness_2pm,ratings,questionnaire
1991_eatdis_hourly,assay-vas_data.csv,fullness_3pm,ratings,questionnaire
1991_eatdis_hourly,assay-vas_data.csv,fullness_4pm,ratings,questionnaire
1991_eatdis_hourly,assay-vas_data.csv,fullness_6pm,ratings,questionnaire
1991_eatdis_hourly,assay-vas_data.csv,fullness_7pm,ratings,questionnaire
1991_eatdis_hourly,assay-vas_data.csv,fullness_8pm,ratings,questionnaire
1991_eatdis_hourly,assay-vas_data.csv,fullness_9am,ratings,questionnaire
1991_eatdis_hourly,assay-vas_data.csv,fullness_9pm,ratings,questionnaire
1991_eatdis_hourly,assay-vas_data.csv,fullness_breakfast_post,ratings,questionnaire
1991_eatdis_hourly,assay-vas_data.csv,fullness_breakfast_pre,ratings,questionnaire
1991_eatdis_hourly,assay-vas_data.csv,fullness_dinner_post,ratings,questionnaire
1991_eatdis_hourly,assay-vas_data.csv,fullness_dinner_pre,ratings,questionnaire
1991_eatdis_hourly,assay-vas_data.csv,fullness_lunch_post,ratings,questionnaire
1991_eatdis_hourly,assay-vas_data.csv,fullness_lunch_pre,ratings,questionnaire
1991_eatdis_hourly,assay-vas_data.csv,group,ratings,questionnaire
1991_eatdis_hourly,assay-vas_data.csv,hunger_10am,ratings,questionnaire
1991_eatdis_hourly,assay-vas_data.csv,hunger_10pm,ratings,questionnaire
1991_eatdis_hourly,assay-vas_data.csv,hunger_11am,ratings,questionnaire
1991_eatdis_hourly,assay-vas_data.csv,hunger_1pm,ratings,questionnaire
1991_eatdis_hourly,assay-vas_data.csv,hunger_2pm,ratings,questionnaire
1991_eatdis_hourly,assay-vas_data.csv,hunger_3pm,ratings,questionnaire
1991_eatdis_hourly,assay-vas_data.csv,hunger_4pm,ratings,questionnaire
1991_eatdis_hourly,assay-vas_data.csv,hunger_6pm,ratings,questionnaire
1991_eatdis_hourly,assay-vas_data.csv,hunger_7pm,ratings,questionnaire
1991_eatdis_hourly,assay-vas_data.csv,hunger_8pm,ratings,questionnaire
1991_eatdis_hourly,assay-vas_data.csv,hunger_9am,ratings,questionnaire
1991_eatdis_hourly,assay-vas_data.csv,hunger_9pm,ratings,questionnaire
1991_eatdis_hourly,assay-vas_data.csv,hunger_breakfast_post,ratings,questionnaire
1991_eatdis_hourly,assay-vas_data.csv,hunger_breakfast_pre,ratings,questionnaire
1991_eatdis_hourly,assay-vas_data.csv,hunger_dinner_post,ratings,questionnaire
1991_eatdis_hourly,assay-vas_data.csv,hunger_dinner_pre,ratings,questionnaire
1991_eatdis_hourly,assay-vas_data.csv,hunger_lunch_post,ratings,questionnaire
1991_eatdis_hourly,assay-vas_data.csv,hunger_lunch_pre,ratings,questionnaire
1991_eatdis_hourly,assay-vas_data.csv,id,ratings,questionnaire
1991_eatdis_hourly,assay-vas_data.csv,purge_desire_10am,ratings,questionnaire
1991_eatdis_hourly,assay-vas_data.csv,purge_desire_10pm,ratings,questionnaire
1991_eatdis_hourly,assay-vas_data.csv,purge_desire_11am,ratings,questionnaire
1991_eatdis_hourly,assay-vas_data.csv,purge_desire_1pm,ratings,questionnaire
1991_eatdis_hourly,assay-vas_data.csv,purge_desire_2pm,ratings,questionnaire
1991_eatdis_hourly,assay-vas_data.csv,purge_desire_3pm,ratings,questionnaire
1991_eatdis_hourly,assay-vas_data.csv,purge_desire_4pm,ratings,questionnaire
1991_eatdis_hourly,assay-vas_data.csv,purge_desire_6pm,ratings,questionnaire
1991_eatdis_hourly,assay-vas_data.csv,purge_desire_7pm,ratings,questionnaire
1991_eatdis_hourly,assay-vas_data.csv,purge_desire_8pm,ratings,questionnaire
1991_eatdis_hourly,assay-vas_data.csv,purge_desire_9am,ratings,questionnaire
1991_eatdis_hourly,assay-vas_data.csv,purge_desire_9pm,ratings,questionnaire
1991_eatdis_hourly,assay-vas_data.csv,purge_desire_breakfast_post,ratings,questionnaire
1991_eatdis_hourly,assay-vas_data.csv,purge_desire_breakfast_pre,ratings,questionnaire
1991_eatdis_hourly,assay-vas_data.csv,purge_desire_dinner_post,ratings,questionnaire
1991_eatdis_hourly,assay-vas_data.csv,purge_desire_dinner_pre,ratings,questionnaire
1991_eatdis_hourly,assay-vas_data.csv,purge_desire_lunch_post,ratings,questionnaire
1991_eatdis_hourly,assay-vas_data.csv,purge_desire_lunch_pre,ratings,questionnaire
1991_eatdis_hourly,assay-vas_data.csv,thirst_10am,ratings,questionnaire
1991_eatdis_hourly,assay-vas_data.csv,thirst_10pm,ratings,questionnaire
1991_eatdis_hourly,assay-vas_data.csv,thirst_11am,ratings,questionnaire
1991_eatdis_hourly,assay-vas_data.csv,thirst_1pm,ratings,questionnaire
1991_eatdis_hourly,assay-vas_data.csv,thirst_2pm,ratings,questionnaire
1991_eatdis_hourly,assay-vas_data.csv,thirst_3pm,ratings,questionnaire
1991_eatdis_hourly,assay-vas_data.csv,thirst_4pm,ratings,questionnaire
1991_eatdis_hourly,assay-vas_data.csv,thirst_6pm,ratings,questionnaire
1991_eatdis_hourly,assay-vas_data.csv,thirst_7pm,ratings,questionnaire
1991_eatdis_hourly,assay-vas_data.csv,thirst_8pm,ratings,questionnaire
1991_eatdis_hourly,assay-vas_data.csv,thirst_9am,ratings,questionnaire
1991_eatdis_hourly,assay-vas_data.csv,thirst_9pm,ratings,questionnaire
1991_eatdis_hourly,assay-vas_data.csv,thirst_breakfast_post,ratings,questionnaire
1991_eatdis_hourly,assay-vas_data.csv,thirst_breakfast_pre,ratings,questionnaire
1991_eatdis_hourly,assay-vas_data.csv,thirst_dinner_post,ratings,questionnaire
1991_eatdis_hourly,assay-vas_data.csv,thirst_dinner_pre,ratings,questionnaire
1991_eatdis_hourly,assay-vas_data.csv,thirst_lunch_post,ratings,questionnaire
1991_eatdis_hourly,assay-vas_data.csv,thirst_lunch_pre,ratings,questionnaire
1991_eatdis_hourly,assay-vas_data.csv,week,ratings,questionnaire
1991_eatdis_yogurt,assay-intake_data.csv,cho_cal_apple,intake,intake
1991_eatdis_yogurt,assay-intake_data.csv,cho_cal_bread,intake,intake
1991_eatdis_yogurt,assay-intake_data.csv,cho_cal_cheese,intake,intake
1991_eatdis_yogurt,assay-intake_data.csv,cho_cal_chips,intake,intake
1991_eatdis_yogurt,assay-intake_data.csv,cho_cal_cucumber,intake,intake
1991_eatdis_yogurt,assay-intake_data.csv,cho_cal_dressing,intake,intake
1991_eatdis_yogurt,assay-intake_data.csv,cho_cal_icecream,intake,intake
1991_eatdis_yogurt,assay-intake_data.csv,cho_cal_lc_dressing,intake,intake
1991_eatdis_yogurt,assay-intake_data.csv,cho_cal_lettuce,intake,intake
1991_eatdis_yogurt,assay-intake_data.csv,cho_cal_mayo,intake,intake
1991_eatdis_yogurt,assay-intake_data.csv,cho_cal_mms,intake,intake
1991_eatdis_yogurt,assay-intake_data.csv,cho_cal_mustard,intake,intake
1991_eatdis_yogurt,assay-intake_data.csv,cho_cal_pizza,intake,intake
1991_eatdis_yogurt,assay-intake_data.csv,cho_cal_sorbet,intake,intake
1991_eatdis_yogurt,assay-intake_data.csv,cho_cal_tomato,intake,intake
1991_eatdis_yogurt,assay-intake_data.csv,cho_cal_turkey,intake,intake
1991_eatdis_yogurt,assay-intake_data.csv,cho_g_apple,intake,intake
1991_eatdis_yogurt,assay-intake_data.csv,cho_g_bread,intake,intake
1991_eatdis_yogurt,assay-intake_data.csv,cho_g_cheese,intake,intake
1991_eatdis_yogurt,assay-intake_data.csv,cho_g_chips,intake,intake
1991_eatdis_yogurt,assay-intake_data.csv,cho_g_cucumber,intake,intake
1991_eatdis_yogurt,assay-intake_data.csv,cho_g_dressing,intake,intake
1991_eatdis_yogurt,assay-intake_data.csv,cho_g_icecream,intake,intake
1991_eatdis_yogurt,assay-intake_data.csv,cho_g_lc_dressing,intake,intake
1991_eatdis_yogurt,assay-intake_data.csv,cho_g_lettuce,intake,intake
1991_eatdis_yogurt,assay-intake_data.csv,cho_g_mayo,intake,intake
1991_eatdis_yogurt,assay-intake_data.csv,cho_g_mms,intake,intake
1991_eatdis_yogurt,assay-intake_data.csv,cho_g_mustard,intake,intake
1991_eatdis_yogurt,assay-intake_data.csv,cho_g_pizza,intake,intake
1991_eatdis_yogurt,assay-intake_data.csv,cho_g_sorbet,intake,intake
1991_eatdis_yogurt,assay-intake_data.csv,cho_g_tomato,intake,intake
1991_eatdis_yogurt,assay-intake_data.csv,cho_g_turkey,intake,intake
1991_eatdis_yogurt,assay-intake_data.csv,condition,intake,other
1991_eatdis_yogurt,assay-intake_data.csv,fat_cal_apple,intake,intake
1991_eatdis_yogurt,assay-intake_data.csv,fat_cal_bread,intake,intake
1991_eatdis_yogurt,assay-intake_data.csv,fat_cal_cheese,intake,intake
1991_eatdis_yogurt,assay-intake_data.csv,fat_cal_chips,intake,intake
1991_eatdis_yogurt,assay-intake_data.csv,fat_cal_cucumber,intake,intake
1991_eatdis_yogurt,assay-intake_data.csv,fat_cal_dressing,intake,intake
1991_eatdis_yogurt,assay-intake_data.csv,fat_cal_icecream,intake,intake
1991_eatdis_yogurt,assay-intake_data.csv,fat_cal_lc_dressing,intake,intake
1991_eatdis_yogurt,assay-intake_data.csv,fat_cal_lettuce,intake,intake
1991_eatdis_yogurt,assay-intake_data.csv,fat_cal_mayo,intake,intake
1991_eatdis_yogurt,assay-intake_data.csv,fat_cal_mms,intake,intake
1991_eatdis_yogurt,assay-intake_data.csv,fat_cal_mustard,intake,intake
1991_eatdis_yogurt,assay-intake_data.csv,fat_cal_pizza,intake,intake
1991_eatdis_yogurt,assay-intake_data.csv,fat_cal_sorbet,intake,intake
1991_eatdis_yogurt,assay-intake_data.csv,fat_cal_tomato,intake,intake
1991_eatdis_yogurt,assay-intake_data.csv,fat_cal_turkey,intake,intake
1991_eatdis_yogurt,assay-intake_data.csv,fat_g_apple,intake,intake
1991_eatdis_yogurt,assay-intake_data.csv,fat_g_bread,intake,intake
1991_eatdis_yogurt,assay-intake_data.csv,fat_g_cheese,intake,intake
1991_eatdis_yogurt,assay-intake_data.csv,fat_g_chips,intake,intake
1991_eatdis_yogurt,assay-intake_data.csv,fat_g_cucumber,intake,intake
1991_eatdis_yogurt,assay-intake_data.csv,fat_g_dressing,intake,intake
1991_eatdis_yogurt,assay-intake_data.csv,fat_g_icecream,intake,intake
1991_eatdis_yogurt,assay-intake_data.csv,fat_g_lc_dressing,intake,intake
1991_eatdis_yogurt,assay-intake_data.csv,fat_g_lettuce,intake,intake
1991_eatdis_yogurt,assay-intake_data.csv,fat_g_mayo,intake,intake
1991_eatdis_yogurt,assay-intake_data.csv,fat_g_mms,intake,intake
1991_eatdis_yogurt,assay-intake_data.csv,fat_g_mustard,intake,intake
1991_eatdis_yogurt,assay-intake_data.csv,fat_g_pizza,intake,intake
1991_eatdis_yogurt,assay-intake_data.csv,fat_g_sorbet,intake,intake
1991_eatdis_yogurt,assay-intake_data.csv,fat_g_tomato,intake,intake
1991_eatdis_yogurt,assay-intake_data.csv,fat_g_turkey,intake,intake
1991_eatdis_yogurt,assay-intake_data.csv,group,intake,other
1991_eatdis_yogurt,assay-intake_data.csv,h2o,intake,other
1991_eatdis_yogurt,assay-intake_data.csv,high_ed_cal,intake,intake
1991_eatdis_yogurt,assay-intake_data.csv,high_ed_g,intake,intake
1991_eatdis_yogurt,assay-intake_data.csv,id,intake,other
1991_eatdis_yogurt,assay-intake_data.csv,kcal_apple,intake,intake
1991_eatdis_yogurt,assay-intake_data.csv,kcal_bread,intake,intake
1991_eatdis_yogurt,assay-intake_data.csv,kcal_cheese,intake,intake
1991_eatdis_yogurt,assay-intake_data.csv,kcal_chips,intake,intake
1991_eatdis_yogurt,assay-intake_data.csv,kcal_cucumber,intake,intake
1991_eatdis_yogurt,assay-intake_data.csv,kcal_dressing,intake,intake
1991_eatdis_yogurt,assay-intake_data.csv,kcal_icecream,intake,intake
1991_eatdis_yogurt,assay-intake_data.csv,kcal_lc_dressing,intake,intake
1991_eatdis_yogurt,assay-intake_data.csv,kcal_lettuce,intake,intake
1991_eatdis_yogurt,assay-intake_data.csv,kcal_mayo,intake,intake
1991_eatdis_yogurt,assay-intake_data.csv,kcal_mms,intake,intake
1991_eatdis_yogurt,assay-intake_data.csv,kcal_mustard,intake,intake
1991_eatdis_yogurt,assay-intake_data.csv,kcal_pizza,intake,intake
1991_eatdis_yogurt,assay-intake_data.csv,kcal_sorbet,intake,intake
1991_eatdis_yogurt,assay-intake_data.csv,kcal_tomato,intake,intake
1991_eatdis_yogurt,assay-intake_data.csv,kcal_turkey,intake,intake
1991_eatdis_yogurt,assay-intake_data.csv,low_ed_cal,intake,intake
1991_eatdis_yogurt,assay-intake_data.csv,low_ed_g,intake,intake
1991_eatdis_yogurt,assay-intake_data.csv,meal_cal,intake,intake
1991_eatdis_yogurt,assay-intake_data.csv,meal_cho_cal,intake,intake
1991_eatdis_yogurt,assay-intake_data.csv,meal_cho_g,intake,intake
1991_eatdis_yogurt,assay-intake_data.csv,meal_fat_cal,intake,intake
1991_eatdis_yogurt,assay-intake_data.csv,meal_fat_g,intake,intake
1991_eatdis_yogurt,assay-intake_data.csv,meal_g,intake,intake
1991_eatdis_yogurt,assay-intake_data.csv,meal_pro_cal,intake,intake
1991_eatdis_yogurt,assay-intake_data.csv,meal_pro_g,intake,intake
1991_eatdis_yogurt,assay-intake_data.csv,perc_cho_cal,intake,intake
1991_eatdis_yogurt,assay-intake_data.csv,perc_fat_cal,intake,intake
1991_eatdis_yogurt,assay-intake_data.csv,perc_pro_cal,intake,intake
1991_eatdis_yogurt,assay-intake_data.csv,pro_cal_apple,intake,intake
1991_eatdis_yogurt,assay-intake_data.csv,pro_cal_bread,intake,intake
1991_eatdis_yogurt,assay-intake_data.csv,pro_cal_cheese,intake,intake
1991_eatdis_yogurt,assay-intake_data.csv,pro_cal_chips,intake,intake
1991_eatdis_yogurt,assay-intake_data.csv,pro_cal_cucumber,intake,intake
1991_eatdis_yogurt,assay-intake_data.csv,pro_cal_dressing,intake,intake
1991_eatdis_yogurt,assay-intake_data.csv,pro_cal_icecream,intake,intake
1991_eatdis_yogurt,assay-intake_data.csv,pro_cal_lc_dressing,intake,intake
1991_eatdis_yogurt,assay-intake_data.csv,pro_cal_lettuce,intake,intake
1991_eatdis_yogurt,assay-intake_data.csv,pro_cal_mayo,intake,intake
1991_eatdis_yogurt,assay-intake_data.csv,pro_cal_mms,intake,intake
1991_eatdis_yogurt,assay-intake_data.csv,pro_cal_mustard,intake,intake
1991_eatdis_yogurt,assay-intake_data.csv,pro_cal_pizza,intake,intake
1991_eatdis_yogurt,assay-intake_data.csv,pro_cal_sorbet,intake,intake
1991_eatdis_yogurt,assay-intake_data.csv,pro_cal_tomato,intake,intake
1991_eatdis_yogurt,assay-intake_data.csv,pro_cal_turkey,intake,intake
1991_eatdis_yogurt,assay-intake_data.csv,pro_g_apple,intake,intake
1991_eatdis_yogurt,assay-intake_data.csv,pro_g_bread,intake,intake
1991_eatdis_yogurt,assay-intake_data.csv,pro_g_cheese,intake,intake
1991_eatdis_yogurt,assay-intake_data.csv,pro_g_chips,intake,intake
1991_eatdis_yogurt,assay-intake_data.csv,pro_g_cucumber,intake,intake
1991_eatdis_yogurt,assay-intake_data.csv,pro_g_dressing,intake,intake
1991_eatdis_yogurt,assay-intake_data.csv,pro_g_icecream,intake,intake
1991_eatdis_yogurt,assay-intake_data.csv,pro_g_lc_dressing,intake,intake
1991_eatdis_yogurt,assay-intake_data.csv,pro_g_lettuce,intake,intake
1991_eatdis_yogurt,assay-intake_data.csv,pro_g_mayo,intake,intake
1991_eatdis_yogurt,assay-intake_data.csv,pro_g_mms,intake,intake
1991_eatdis_yogurt,assay-intake_data.csv,pro_g_mustard,intake,intake
1991_eatdis_yogurt,assay-intake_data.csv,pro_g_pizza,intake,intake
1991_eatdis_yogurt,assay-intake_data.csv,pro_g_sorbet,intake,intake
1991_eatdis_yogurt,assay-intake_data.csv,pro_g_tomato,intake,intake
1991_eatdis_yogurt,assay-intake_data.csv,pro_g_turkey,intake,intake
1991_eatdis_yogurt,assay-intake_data.csv,session,intake,other
1991_eatdis_yogurt,assay-intake_data.csv,time,intake,other
1991_eatdis_yogurt,assay-intake_data.csv,total_cal,intake,total_intake
1991_eatdis_yogurt,assay-intake_data.csv,total_cho_cal,intake,intake
1991_eatdis_yogurt,assay-intake_data.csv,total_cho_g,intake,intake
1991_eatdis_yogurt,assay-intake_data.csv,total_fat_cal,intake,intake
1991_eatdis_yogurt,assay-intake_data.csv,total_fat_g,intake,intake
1991_eatdis_yogurt,assay-intake_data.csv,total_perc_cho_cal,intake,intake
1991_eatdis_yogurt,assay-intake_data.csv,total_perc_fat_cal,intake,intake
1991_eatdis_yogurt,assay-intake_data.csv,total_perc_pro_cal,intake,intake
1991_eatdis_yogurt,assay-intake_data.csv,total_pro_cal,intake,intake
1991_eatdis_yogurt,assay-intake_data.csv,total_pro_g,intake,intake
1991_eatdis_yogurt,assay-intake_data.csv,yogurt_cal,intake,intake
1991_eatdis_yogurt,assay-intake_data.csv,yogurt_cho_cal,intake,intake
1991_eatdis_yogurt,assay-intake_data.csv,yogurt_cho_g,intake,intake
1991_eatdis_yogurt,assay-intake_data.csv,yogurt_creaminess,intake,questionnaire
1991_eatdis_yogurt,assay-intake_data.csv,yogurt_desire_eat,intake,questionnaire
1991_eatdis_yogurt,assay-intake_data.csv,yogurt_fat_cal,intake,intake
1991_eatdis_yogurt,assay-intake_data.csv,yogurt_fat_g,intake,intake
1991_eatdis_yogurt,assay-intake_data.csv,yogurt_fattiness,intake,questionnaire
1991_eatdis_yogurt,assay-intake_data.csv,yogurt_fruitiness,intake,questionnaire
1991_eatdis_yogurt,assay-intake_data.csv,yogurt_g,intake,intake
1991_eatdis_yogurt,assay-intake_data.csv,yogurt_much_eat,intake,questionnaire
1991_eatdis_yogurt,assay-intake_data.csv,yogurt_pleasant,intake,questionnaire
1991_eatdis_yogurt,assay-intake_data.csv,yogurt_pro_cal,intake,intake
1991_eatdis_yogurt,assay-intake_data.csv,yogurt_pro_g,intake,intake
1991_eatdis_yogurt,assay-intake_data.csv,yogurt_subj_cal,intake,intake
1991_eatdis_yogurt,assay-intake_data.csv,yogurt_subj_cho,intake,intake
1991_eatdis_yogurt,assay-intake_data.csv,yogurt_sweetness,intake,questionnaire
1991_eatdis_yogurt,assay-vas_dat.csv,alert,ratings,questionnaire
1991_eatdis_yogurt,assay-vas_dat.csv,binge_desire,ratings,questionnaire
1991_eatdis_yogurt,assay-vas_dat.csv,bloated,ratings,questionnaire
1991_eatdis_yogurt,assay-vas_dat.csv,condition,ratings,questionnaire
1991_eatdis_yogurt,assay-vas_dat.csv,content,ratings,questionnaire
1991_eatdis_yogurt,assay-vas_dat.csv,depressed,ratings,questionnaire
1991_eatdis_yogurt,assay-vas_dat.csv,desire_eat,ratings,questionnaire
1991_eatdis_yogurt,assay-vas_dat.csv,fear_fat,ratings,questionnaire
1991_eatdis_yogurt,assay-vas_dat.csv,fullness,ratings,questionnaire
1991_eatdis_yogurt,assay-vas_dat.csv,group,ratings,questionnaire
1991_eatdis_yogurt,assay-vas_dat.csv,guilt,ratings,questionnaire
1991_eatdis_yogurt,assay-vas_dat.csv,hunger,ratings,questionnaire
1991_eatdis_yogurt,assay-vas_dat.csv,id,ratings,questionnaire
1991_eatdis_yogurt,assay-vas_dat.csv,much_eat,ratings,questionnaire
1991_eatdis_yogurt,assay-vas_dat.csv,nausea,ratings,questionnaire
1991_eatdis_yogurt,assay-vas_dat.csv,purge_desire,ratings,questionnaire
1991_eatdis_yogurt,assay-vas_dat.csv,session,ratings,questionnaire
1991_eatdis_yogurt,assay-vas_dat.csv,thirst,ratings,questionnaire
1991_eatdis_yogurt,assay-vas_dat.csv,time,ratings,questionnaire
1991_ivig_preload,assay-demo_data.csv,age,demographics,other
1991_ivig_preload,assay-demo_data.csv,bmi,demographics,other
1991_ivig_preload,assay-demo_data.csv,eat,demographics,questionnaire
1991_ivig_preload,assay-demo_data.csv,ei,demographics,questionnaire
1991_ivig_preload,assay-demo_data.csv,height_cm,demographics,other
1991_ivig_preload,assay-demo_data.csv,height_in,demographics,other
1991_ivig_preload,assay-demo_data.csv,id,demographics,other
1991_ivig_preload,assay-demo_data.csv,perc_ideal_bw,demographics,other
1991_ivig_preload,assay-demo_data.csv,weight,demographics,other
1991_ivig_preload,assay-demo_data.csv,zung,demographics,questionnaire
1991_ivig_preload,exp-ivig_assay-cck_data.csv,cck,cck,other
1991_ivig_preload,exp-ivig_assay-cck_data.csv,cond,cck,other
1991_ivig_preload,exp-ivig_assay-cck_data.csv,id,cck,other
1991_ivig_preload,exp-ivig_assay-cck_data.csv,time,cck,other
1991_ivig_preload,exp-ivig_assay-dinner_data.csv,chicken_cal,intake,intake
1991_ivig_preload,exp-ivig_assay-dinner_data.csv,chicken_cho_g,intake,intake
1991_ivig_preload,exp-ivig_assay-dinner_data.csv,chicken_fat_g,intake,intake
1991_ivig_preload,exp-ivig_assay-dinner_data.csv,chicken_g,intake,intake
1991_ivig_preload,exp-ivig_assay-dinner_data.csv,chicken_pro_g,intake,intake
1991_ivig_preload,exp-ivig_assay-dinner_data.csv,cond,intake,other
1991_ivig_preload,exp-ivig_assay-dinner_data.csv,cookie_cal,intake,intake
1991_ivig_preload,exp-ivig_assay-dinner_data.csv,cookie_cho_g,intake,intake
1991_ivig_preload,exp-ivig_assay-dinner_data.csv,cookie_fat_g,intake,intake
1991_ivig_preload,exp-ivig_assay-dinner_data.csv,cookie_g,intake,intake
1991_ivig_preload,exp-ivig_assay-dinner_data.csv,cookie_pro_g,intake,intake
1991_ivig_preload,exp-ivig_assay-dinner_data.csv,dinner_cal,intake,intake
1991_ivig_preload,exp-ivig_assay-dinner_data.csv,dinner_cho_cal,intake,intake
1991_ivig_preload,exp-ivig_assay-dinner_data.csv,dinner_cho_g,intake,intake
1991_ivig_preload,exp-ivig_assay-dinner_data.csv,dinner_fat_cal,intake,intake
1991_ivig_preload,exp-ivig_assay-dinner_data.csv,dinner_fat_g,intake,intake
1991_ivig_preload,exp-ivig_assay-dinner_data.csv,dinner_perc_cho_cal,intake,intake
1991_ivig_preload,exp-ivig_assay-dinner_data.csv,dinner_perc_fat_cal,intake,intake
1991_ivig_preload,exp-ivig_assay-dinner_data.csv,dinner_perc_pro_cal,intake,intake
1991_ivig_preload,exp-ivig_assay-dinner_data.csv,dinner_pro_cal,intake,intake
1991_ivig_preload,exp-ivig_assay-dinner_data.csv,dinner_pro_g,intake,intake
1991_ivig_preload,exp-ivig_assay-dinner_data.csv,fatfree_pudding_cal,intake,intake
1991_ivig_preload,exp-ivig_assay-dinner_data.csv,fatfree_pudding_cho_g,intake,intake
1991_ivig_preload,exp-ivig_assay-dinner_data.csv,fatfree_pudding_fat_g,intake,intake
1991_ivig_preload,exp-ivig_assay-dinner_data.csv,fatfree_pudding_g,intake,intake
1991_ivig_preload,exp-ivig_assay-dinner_data.csv,fatfree_pudding_pro_g,intake,intake
1991_ivig_preload,exp-ivig_assay-dinner_data.csv,gravy_cal,intake,intake
1991_ivig_preload,exp-ivig_assay-dinner_data.csv,gravy_cho_g,intake,intake
1991_ivig_preload,exp-ivig_assay-dinner_data.csv,gravy_fat_g,intake,intake
1991_ivig_preload,exp-ivig_assay-dinner_data.csv,gravy_g,intake,intake
1991_ivig_preload,exp-ivig_assay-dinner_data.csv,gravy_pro_g,intake,intake
1991_ivig_preload,exp-ivig_assay-dinner_data.csv,group,intake,other
1991_ivig_preload,exp-ivig_assay-dinner_data.csv,id,intake,other
1991_ivig_preload,exp-ivig_assay-dinner_data.csv,light_gravy_cal,intake,intake
1991_ivig_preload,exp-ivig_assay-dinner_data.csv,light_gravy_cho_g,intake,intake
1991_ivig_preload,exp-ivig_assay-dinner_data.csv,light_gravy_fat_g,intake,intake
1991_ivig_preload,exp-ivig_assay-dinner_data.csv,light_gravy_g,intake,intake
1991_ivig_preload,exp-ivig_assay-dinner_data.csv,light_gravy_pro_g,intake,intake
1991_ivig_preload,exp-ivig_assay-dinner_data.csv,margarine_cal,intake,intake
1991_ivig_preload,exp-ivig_assay-dinner_data.csv,margarine_cho_g,intake,intake
1991_ivig_preload,exp-ivig_assay-dinner_data.csv,margarine_fat_g,intake,intake
1991_ivig_preload,exp-ivig_assay-dinner_data.csv,margarine_g,intake,intake
1991_ivig_preload,exp-ivig_assay-dinner_data.csv,margarine_pro_g,intake,intake
1991_ivig_preload,exp-ivig_assay-dinner_data.csv,peas_cal,intake,intake
1991_ivig_preload,exp-ivig_assay-dinner_data.csv,peas_cho_g,intake,intake
1991_ivig_preload,exp-ivig_assay-dinner_data.csv,peas_fat_g,intake,intake
1991_ivig_preload,exp-ivig_assay-dinner_data.csv,peas_g,intake,intake
1991_ivig_preload,exp-ivig_assay-dinner_data.csv,peas_pro_g,intake,intake
1991_ivig_preload,exp-ivig_assay-dinner_data.csv,pudding_cal,intake,intake
1991_ivig_preload,exp-ivig_assay-dinner_data.csv,pudding_cho_g,intake,intake
1991_ivig_preload,exp-ivig_assay-dinner_data.csv,pudding_fat_g,intake,intake
1991_ivig_preload,exp-ivig_assay-dinner_data.csv,pudding_g,intake,intake
1991_ivig_preload,exp-ivig_assay-dinner_data.csv,pudding_pro_g,intake,intake
1991_ivig_preload,exp-ivig_assay-dinner_data.csv,rice_cal,intake,intake
1991_ivig_preload,exp-ivig_assay-dinner_data.csv,rice_cho_g,intake,intake
1991_ivig_preload,exp-ivig_assay-dinner_data.csv,rice_fat_g,intake,intake
1991_ivig_preload,exp-ivig_assay-dinner_data.csv,rice_g,intake,intake
1991_ivig_preload,exp-ivig_assay-dinner_data.csv,rice_pro_g,intake,intake
1991_ivig_preload,exp-ivig_assay-dinner_data.csv,roll_cal,intake,intake
1991_ivig_preload,exp-ivig_assay-dinner_data.csv,roll_cho_g,intake,intake
1991_ivig_preload,exp-ivig_assay-dinner_data.csv,roll_fat_g,intake,intake
1991_ivig_preload,exp-ivig_assay-dinner_data.csv,roll_g,intake,intake
1991_ivig_preload,exp-ivig_assay-dinner_data.csv,roll_pro_g,intake,intake
1991_ivig_preload,exp-ivig_assay-dinner_data.csv,session,intake,other
1991_ivig_preload,exp-ivig_assay-dinner_data.csv,time,intake,other
1991_ivig_preload,exp-ivig_assay-dinner_data.csv,water_g,intake,intake
1991_ivig_preload,exp-ivig_assay-lunch_data.csv,apple_cal,intake,intake
1991_ivig_preload,exp-ivig_assay-lunch_data.csv,apple_cho_g,intake,intake
1991_ivig_preload,exp-ivig_assay-lunch_data.csv,apple_fat_g,intake,intake
1991_ivig_preload,exp-ivig_assay-lunch_data.csv,apple_g,intake,intake
1991_ivig_preload,exp-ivig_assay-lunch_data.csv,apple_pro_g,intake,intake
1991_ivig_preload,exp-ivig_assay-lunch_data.csv,bread_cal,intake,intake
1991_ivig_preload,exp-ivig_assay-lunch_data.csv,bread_cho_g,intake,intake
1991_ivig_preload,exp-ivig_assay-lunch_data.csv,bread_fat_g,intake,intake
1991_ivig_preload,exp-ivig_assay-lunch_data.csv,bread_g,intake,intake
1991_ivig_preload,exp-ivig_assay-lunch_data.csv,bread_pro_g,intake,intake
1991_ivig_preload,exp-ivig_assay-lunch_data.csv,cheese_cal,intake,intake
1991_ivig_preload,exp-ivig_assay-lunch_data.csv,cheese_cho_g,intake,intake
1991_ivig_preload,exp-ivig_assay-lunch_data.csv,cheese_fat_g,intake,intake
1991_ivig_preload,exp-ivig_assay-lunch_data.csv,cheese_g,intake,intake
1991_ivig_preload,exp-ivig_assay-lunch_data.csv,cheese_pro_g,intake,intake
1991_ivig_preload,exp-ivig_assay-lunch_data.csv,chips_cal,intake,intake
1991_ivig_preload,exp-ivig_assay-lunch_data.csv,chips_cho_g,intake,intake
1991_ivig_preload,exp-ivig_assay-lunch_data.csv,chips_fat_g,intake,intake
1991_ivig_preload,exp-ivig_assay-lunch_data.csv,chips_g,intake,intake
1991_ivig_preload,exp-ivig_assay-lunch_data.csv,chips_pro_g,intake,intake
1991_ivig_preload,exp-ivig_assay-lunch_data.csv,cond,intake,other
1991_ivig_preload,exp-ivig_assay-lunch_data.csv,cucumber_cal,intake,intake
1991_ivig_preload,exp-ivig_assay-lunch_data.csv,cucumber_cho_g,intake,intake
1991_ivig_preload,exp-ivig_assay-lunch_data.csv,cucumber_fat_g,intake,intake
1991_ivig_preload,exp-ivig_assay-lunch_data.csv,cucumber_g,intake,intake
1991_ivig_preload,exp-ivig_assay-lunch_data.csv,cucumber_pro_g,intake,intake
1991_ivig_preload,exp-ivig_assay-lunch_data.csv,dressing_cal,intake,intake
1991_ivig_preload,exp-ivig_assay-lunch_data.csv,dressing_cho_g,intake,intake
1991_ivig_preload,exp-ivig_assay-lunch_data.csv,dressing_fat_g,intake,intake
1991_ivig_preload,exp-ivig_assay-lunch_data.csv,dressing_g,intake,intake
1991_ivig_preload,exp-ivig_assay-lunch_data.csv,dressing_pro_g,intake,intake
1991_ivig_preload,exp-ivig_assay-lunch_data.csv,group,intake,other
1991_ivig_preload,exp-ivig_assay-lunch_data.csv,icecream_cal,intake,intake
1991_ivig_preload,exp-ivig_assay-lunch_data.csv,icecream_cho_g,intake,intake
1991_ivig_preload,exp-ivig_assay-lunch_data.csv,icecream_fat_g,intake,intake
1991_ivig_preload,exp-ivig_assay-lunch_data.csv,icecream_g,intake,intake
1991_ivig_preload,exp-ivig_assay-lunch_data.csv,icecream_pro_g,intake,intake
1991_ivig_preload,exp-ivig_assay-lunch_data.csv,id,intake,other
1991_ivig_preload,exp-ivig_assay-lunch_data.csv,lc_dressing_cal,intake,intake
1991_ivig_preload,exp-ivig_assay-lunch_data.csv,lc_dressing_cho_g,intake,intake
1991_ivig_preload,exp-ivig_assay-lunch_data.csv,lc_dressing_fat_g,intake,intake
1991_ivig_preload,exp-ivig_assay-lunch_data.csv,lc_dressing_g,intake,intake
1991_ivig_preload,exp-ivig_assay-lunch_data.csv,lc_dressing_pro_g,intake,intake
1991_ivig_preload,exp-ivig_assay-lunch_data.csv,lettuce_cal,intake,intake
1991_ivig_preload,exp-ivig_assay-lunch_data.csv,lettuce_cho_g,intake,intake
1991_ivig_preload,exp-ivig_assay-lunch_data.csv,lettuce_fat_g,intake,intake
1991_ivig_preload,exp-ivig_assay-lunch_data.csv,lettuce_g,intake,intake
1991_ivig_preload,exp-ivig_assay-lunch_data.csv,lettuce_pro_g,intake,intake
1991_ivig_preload,exp-ivig_assay-lunch_data.csv,lunch_cal,intake,intake
1991_ivig_preload,exp-ivig_assay-lunch_data.csv,lunch_cho_cal,intake,intake
1991_ivig_preload,exp-ivig_assay-lunch_data.csv,lunch_cho_g,intake,intake
1991_ivig_preload,exp-ivig_assay-lunch_data.csv,lunch_fat_cal,intake,intake
1991_ivig_preload,exp-ivig_assay-lunch_data.csv,lunch_fat_g,intake,intake
1991_ivig_preload,exp-ivig_assay-lunch_data.csv,lunch_perc_cho_cal,intake,intake
1991_ivig_preload,exp-ivig_assay-lunch_data.csv,lunch_perc_fat_cal,intake,intake
1991_ivig_preload,exp-ivig_assay-lunch_data.csv,lunch_perc_pro_cal,intake,intake
1991_ivig_preload,exp-ivig_assay-lunch_data.csv,lunch_pro_cal,intake,intake
1991_ivig_preload,exp-ivig_assay-lunch_data.csv,lunch_pro_g,intake,intake
1991_ivig_preload,exp-ivig_assay-lunch_data.csv,mayo_cal,intake,intake
1991_ivig_preload,exp-ivig_assay-lunch_data.csv,mayo_cho_g,intake,intake
1991_ivig_preload,exp-ivig_assay-lunch_data.csv,mayo_fat_g,intake,intake
1991_ivig_preload,exp-ivig_assay-lunch_data.csv,mayo_g,intake,intake
1991_ivig_preload,exp-ivig_assay-lunch_data.csv,mayo_pro_g,intake,intake
1991_ivig_preload,exp-ivig_assay-lunch_data.csv,milk_cal,intake,intake
1991_ivig_preload,exp-ivig_assay-lunch_data.csv,milk_cho_g,intake,intake
1991_ivig_preload,exp-ivig_assay-lunch_data.csv,milk_fat_g,intake,intake
1991_ivig_preload,exp-ivig_assay-lunch_data.csv,milk_g,intake,intake
1991_ivig_preload,exp-ivig_assay-lunch_data.csv,milk_pro_g,intake,intake
1991_ivig_preload,exp-ivig_assay-lunch_data.csv,mustard_cal,intake,intake
1991_ivig_preload,exp-ivig_assay-lunch_data.csv,mustard_cho_g,intake,intake
1991_ivig_preload,exp-ivig_assay-lunch_data.csv,mustard_fat_g,intake,intake
1991_ivig_preload,exp-ivig_assay-lunch_data.csv,mustard_g,intake,intake
1991_ivig_preload,exp-ivig_assay-lunch_data.csv,mustard_pro_g,intake,intake
1991_ivig_preload,exp-ivig_assay-lunch_data.csv,pretzel_cal,intake,intake
1991_ivig_preload,exp-ivig_assay-lunch_data.csv,pretzel_cho_g,intake,intake
1991_ivig_preload,exp-ivig_assay-lunch_data.csv,pretzel_fat_g,intake,intake
1991_ivig_preload,exp-ivig_assay-lunch_data.csv,pretzel_g,intake,intake
1991_ivig_preload,exp-ivig_assay-lunch_data.csv,pretzel_pro_g,intake,intake
1991_ivig_preload,exp-ivig_assay-lunch_data.csv,session,intake,other
1991_ivig_preload,exp-ivig_assay-lunch_data.csv,sorbet_cal,intake,intake
1991_ivig_preload,exp-ivig_assay-lunch_data.csv,sorbet_cho_g,intake,intake
1991_ivig_preload,exp-ivig_assay-lunch_data.csv,sorbet_fat_g,intake,intake
1991_ivig_preload,exp-ivig_assay-lunch_data.csv,sorbet_g,intake,intake
1991_ivig_preload,exp-ivig_assay-lunch_data.csv,sorbet_pro_g,intake,intake
1991_ivig_preload,exp-ivig_assay-lunch_data.csv,time,intake,other
1991_ivig_preload,exp-ivig_assay-lunch_data.csv,tomato_cal,intake,intake
1991_ivig_preload,exp-ivig_assay-lunch_data.csv,tomato_cho_g,intake,intake
1991_ivig_preload,exp-ivig_assay-lunch_data.csv,tomato_fat_g,intake,intake
1991_ivig_preload,exp-ivig_assay-lunch_data.csv,tomato_g,intake,intake
1991_ivig_preload,exp-ivig_assay-lunch_data.csv,tomato_pro_g,intake,intake
1991_ivig_preload,exp-ivig_assay-lunch_data.csv,tuna_salad_cal,intake,intake
1991_ivig_preload,exp-ivig_assay-lunch_data.csv,tuna_salad_cho_g,intake,intake
1991_ivig_preload,exp-ivig_assay-lunch_data.csv,tuna_salad_fat_g,intake,intake
1991_ivig_preload,exp-ivig_assay-lunch_data.csv,tuna_salad_g,intake,intake
1991_ivig_preload,exp-ivig_assay-lunch_data.csv,tuna_salad_pro_g,intake,intake
1991_ivig_preload,exp-ivig_assay-lunch_data.csv,turkey_cal,intake,intake
1991_ivig_preload,exp-ivig_assay-lunch_data.csv,turkey_cho_g,intake,intake
1991_ivig_preload,exp-ivig_assay-lunch_data.csv,turkey_fat_g,intake,intake
1991_ivig_preload,exp-ivig_assay-lunch_data.csv,turkey_g,intake,intake
1991_ivig_preload,exp-ivig_assay-lunch_data.csv,turkey_pro_g,intake,intake
1991_ivig_preload,exp-ivig_assay-lunch_data.csv,water_g,intake,intake
1991_ivig_preload,exp-ivig_assay-rating_data.csv,bloated,ratings,questionnaire
1991_ivig_preload,exp-ivig_assay-rating_data.csv,cond,ratings,questionnaire
1991_ivig_preload,exp-ivig_assay-rating_data.csv,cramps,ratings,questionnaire
1991_ivig_preload,exp-ivig_assay-rating_data.csv,desire,ratings,questionnaire
1991_ivig_preload,exp-ivig_assay-rating_data.csv,fullness,ratings,questionnaire
1991_ivig_preload,exp-ivig_assay-rating_data.csv,group,ratings,questionnaire
1991_ivig_preload,exp-ivig_assay-rating_data.csv,hunger,ratings,questionnaire
1991_ivig_preload,exp-ivig_assay-rating_data.csv,id,ratings,questionnaire
1991_ivig_preload,exp-ivig_assay-rating_data.csv,nausea,ratings,questionnaire
1991_ivig_preload,exp-ivig_assay-rating_data.csv,thirst,ratings,questionnaire
1991_ivig_preload,exp-ivig_assay-rating_data.csv,time,ratings,questionnaire
1991_ivig_preload,exp-yogurtsss_assay-intake_data.csv,apple_cal,intake,intake
1991_ivig_preload,exp-yogurtsss_assay-intake_data.csv,apple_cho_g,intake,intake
1991_ivig_preload,exp-yogurtsss_assay-intake_data.csv,apple_fat_g,intake,intake
1991_ivig_preload,exp-yogurtsss_assay-intake_data.csv,apple_g,intake,intake
1991_ivig_preload,exp-yogurtsss_assay-intake_data.csv,apple_pro_g,intake,intake
1991_ivig_preload,exp-yogurtsss_assay-intake_data.csv,bread_cal,intake,intake
1991_ivig_preload,exp-yogurtsss_assay-intake_data.csv,bread_cho_g,intake,intake
1991_ivig_preload,exp-yogurtsss_assay-intake_data.csv,bread_fat_g,intake,intake
1991_ivig_preload,exp-yogurtsss_assay-intake_data.csv,bread_g,intake,intake
1991_ivig_preload,exp-yogurtsss_assay-intake_data.csv,bread_pro_g,intake,intake
1991_ivig_preload,exp-yogurtsss_assay-intake_data.csv,cheese_cal,intake,intake
1991_ivig_preload,exp-yogurtsss_assay-intake_data.csv,cheese_cho_g,intake,intake
1991_ivig_preload,exp-yogurtsss_assay-intake_data.csv,cheese_fat_g,intake,intake
1991_ivig_preload,exp-yogurtsss_assay-intake_data.csv,cheese_g,intake,intake
1991_ivig_preload,exp-yogurtsss_assay-intake_data.csv,cheese_pro_g,intake,intake
1991_ivig_preload,exp-yogurtsss_assay-intake_data.csv,chips_cal,intake,intake
1991_ivig_preload,exp-yogurtsss_assay-intake_data.csv,chips_cho_g,intake,intake
1991_ivig_preload,exp-yogurtsss_assay-intake_data.csv,chips_fat_g,intake,intake
1991_ivig_preload,exp-yogurtsss_assay-intake_data.csv,chips_g,intake,intake
1991_ivig_preload,exp-yogurtsss_assay-intake_data.csv,chips_pro_g,intake,intake
1991_ivig_preload,exp-yogurtsss_assay-intake_data.csv,chocolate_g,intake,intake
1991_ivig_preload,exp-yogurtsss_assay-intake_data.csv,cond,intake,other
1991_ivig_preload,exp-yogurtsss_assay-intake_data.csv,cucumber_cal,intake,intake
1991_ivig_preload,exp-yogurtsss_assay-intake_data.csv,cucumber_cho_g,intake,intake
1991_ivig_preload,exp-yogurtsss_assay-intake_data.csv,cucumber_fat_g,intake,intake
1991_ivig_preload,exp-yogurtsss_assay-intake_data.csv,cucumber_g,intake,intake
1991_ivig_preload,exp-yogurtsss_assay-intake_data.csv,cucumber_pro_g,intake,intake
1991_ivig_preload,exp-yogurtsss_assay-intake_data.csv,dressing_cal,intake,intake
1991_ivig_preload,exp-yogurtsss_assay-intake_data.csv,dressing_cho_g,intake,intake
1991_ivig_preload,exp-yogurtsss_assay-intake_data.csv,dressing_fat_g,intake,intake
1991_ivig_preload,exp-yogurtsss_assay-intake_data.csv,dressing_g,intake,intake
1991_ivig_preload,exp-yogurtsss_assay-intake_data.csv,dressing_pro_g,intake,intake
1991_ivig_preload,exp-yogurtsss_assay-intake_data.csv,group,intake,other
1991_ivig_preload,exp-yogurtsss_assay-intake_data.csv,icecream_cal,intake,intake
1991_ivig_preload,exp-yogurtsss_assay-intake_data.csv,icecream_cho_g,intake,intake
1991_ivig_preload,exp-yogurtsss_assay-intake_data.csv,icecream_fat_g,intake,intake
1991_ivig_preload,exp-yogurtsss_assay-intake_data.csv,icecream_g,intake,intake
1991_ivig_preload,exp-yogurtsss_assay-intake_data.csv,icecream_pro_g,intake,intake
1991_ivig_preload,exp-yogurtsss_assay-intake_data.csv,id,intake,other
1991_ivig_preload,exp-yogurtsss_assay-intake_data.csv,lc_dressing_cal,intake,intake
1991_ivig_preload,exp-yogurtsss_assay-intake_data.csv,lc_dressing_cho_g,intake,intake
1991_ivig_preload,exp-yogurtsss_assay-intake_data.csv,lc_dressing_fat_g,intake,intake
1991_ivig_preload,exp-yogurtsss_assay-intake_data.csv,lc_dressing_g,intake,intake
1991_ivig_preload,exp-yogurtsss_assay-intake_data.csv,lc_dressing_pro_g,intake,intake
1991_ivig_preload,exp-yogurtsss_assay-intake_data.csv,lettuce_cal,intake,intake
1991_ivig_preload,exp-yogurtsss_assay-intake_data.csv,lettuce_cho_g,intake,intake
1991_ivig_preload,exp-yogurtsss_assay-intake_data.csv,lettuce_fat_g,intake,intake
1991_ivig_preload,exp-yogurtsss_assay-intake_data.csv,lettuce_g,intake,intake
1991_ivig_preload,exp-yogurtsss_assay-intake_data.csv,lettuce_pro_g,intake,intake
1991_ivig_preload,exp-yogurtsss_assay-intake_data.csv,lunch_cal,intake,intake
1991_ivig_preload,exp-yogurtsss_assay-intake_data.csv,lunch_cho_cal,intake,intake
1991_ivig_preload,exp-yogurtsss_assay-intake_data.csv,lunch_cho_g,intake,intake
1991_ivig_preload,exp-yogurtsss_assay-intake_data.csv,lunch_fat_cal,intake,intake
1991_ivig_preload,exp-yogurtsss_assay-intake_data.csv,lunch_fat_g,intake,intake
1991_ivig_preload,exp-yogurtsss_assay-intake_data.csv,lunch_perc_cho_cal,intake,intake
1991_ivig_preload,exp-yogurtsss_assay-intake_data.csv,lunch_perc_fat_cal,intake,intake
1991_ivig_preload,exp-yogurtsss_assay-intake_data.csv,lunch_perc_pro_cal,intake,intake
1991_ivig_preload,exp-yogurtsss_assay-intake_data.csv,lunch_pro_cal,intake,intake
1991_ivig_preload,exp-yogurtsss_assay-intake_data.csv,lunch_pro_g,intake,intake
1991_ivig_preload,exp-yogurtsss_assay-intake_data.csv,mayo_cal,intake,intake
1991_ivig_preload,exp-yogurtsss_assay-intake_data.csv,mayo_cho_g,intake,intake
1991_ivig_preload,exp-yogurtsss_assay-intake_data.csv,mayo_fat_g,intake,intake
1991_ivig_preload,exp-yogurtsss_assay-intake_data.csv,mayo_g,intake,intake
1991_ivig_preload,exp-yogurtsss_assay-intake_data.csv,mayo_pro_g,intake,intake
1991_ivig_preload,exp-yogurtsss_assay-intake_data.csv,milk_cal,intake,intake
1991_ivig_preload,exp-yogurtsss_assay-intake_data.csv,milk_cho_g,intake,intake
1991_ivig_preload,exp-yogurtsss_assay-intake_data.csv,milk_fat_g,intake,intake
1991_ivig_preload,exp-yogurtsss_assay-intake_data.csv,milk_pro_g,intake,intake
1991_ivig_preload,exp-yogurtsss_assay-intake_data.csv,mustard_cal,intake,intake
1991_ivig_preload,exp-yogurtsss_assay-intake_data.csv,mustard_cho_g,intake,intake
1991_ivig_preload,exp-yogurtsss_assay-intake_data.csv,mustard_fat_g,intake,intake
1991_ivig_preload,exp-yogurtsss_assay-intake_data.csv,mustard_g,intake,intake
1991_ivig_preload,exp-yogurtsss_assay-intake_data.csv,mustard_pro_g,intake,intake
1991_ivig_preload,exp-yogurtsss_assay-intake_data.csv,pretzel_cal,intake,intake
1991_ivig_preload,exp-yogurtsss_assay-intake_data.csv,pretzel_cho_g,intake,intake
1991_ivig_preload,exp-yogurtsss_assay-intake_data.csv,pretzel_fat_g,intake,intake
1991_ivig_preload,exp-yogurtsss_assay-intake_data.csv,pretzel_g,intake,intake
1991_ivig_preload,exp-yogurtsss_assay-intake_data.csv,pretzel_pro_g,intake,intake
1991_ivig_preload,exp-yogurtsss_assay-intake_data.csv,session,intake,other
1991_ivig_preload,exp-yogurtsss_assay-intake_data.csv,sorbet_cal,intake,intake
1991_ivig_preload,exp-yogurtsss_assay-intake_data.csv,sorbet_cho_g,intake,intake
1991_ivig_preload,exp-yogurtsss_assay-intake_data.csv,sorbet_fat_g,intake,intake
1991_ivig_preload,exp-yogurtsss_assay-intake_data.csv,sorbet_g,intake,intake
1991_ivig_preload,exp-yogurtsss_assay-intake_data.csv,sorbet_pro_g,intake,intake
1991_ivig_preload,exp-yogurtsss_assay-intake_data.csv,time,intake,other
1991_ivig_preload,exp-yogurtsss_assay-intake_data.csv,time_yogurt,intake,other
1991_ivig_preload,exp-yogurtsss_assay-intake_data.csv,tomato_cal,intake,intake
1991_ivig_preload,exp-yogurtsss_assay-intake_data.csv,tomato_cho_g,intake,intake
1991_ivig_preload,exp-yogurtsss_assay-intake_data.csv,tomato_fat_g,intake,intake
1991_ivig_preload,exp-yogurtsss_assay-intake_data.csv,tomato_g,intake,intake
1991_ivig_preload,exp-yogurtsss_assay-intake_data.csv,tomato_pro_g,intake,intake
1991_ivig_preload,exp-yogurtsss_assay-intake_data.csv,tuna_salad_cal,intake,intake
1991_ivig_preload,exp-yogurtsss_assay-intake_data.csv,tuna_salad_cho_g,intake,intake
1991_ivig_preload,exp-yogurtsss_assay-intake_data.csv,tuna_salad_fat_g,intake,intake
1991_ivig_preload,exp-yogurtsss_assay-intake_data.csv,tuna_salad_g,intake,intake
1991_ivig_preload,exp-yogurtsss_assay-intake_data.csv,tuna_salad_pro_g,intake,intake
1991_ivig_preload,exp-yogurtsss_assay-intake_data.csv,turkey_cal,intake,intake
1991_ivig_preload,exp-yogurtsss_assay-intake_data.csv,turkey_cho_g,intake,intake
1991_ivig_preload,exp-yogurtsss_assay-intake_data.csv,turkey_fat_g,intake,intake
1991_ivig_preload,exp-yogurtsss_assay-intake_data.csv,turkey_g,intake,intake
1991_ivig_preload,exp-yogurtsss_assay-intake_data.csv,turkey_pro_g,intake,intake
1991_ivig_preload,exp-yogurtsss_assay-intake_data.csv,water_g,intake,intake
1991_ivig_preload,exp-yogurtsss_assay-intake_data.csv,yogurt_cal,intake,intake
1991_ivig_preload,exp-yogurtsss_assay-intake_data.csv,yogurt_cho_g,intake,intake
1991_ivig_preload,exp-yogurtsss_assay-intake_data.csv,yogurt_fat_g,intake,intake
1991_ivig_preload,exp-yogurtsss_assay-intake_data.csv,yogurt_g,intake,intake
1991_ivig_preload,exp-yogurtsss_assay-intake_data.csv,yogurt_pro_g,intake,intake
1991_ivig_preload,exp-yogurtsss_assay-rating_data.csv,cond,ratings,questionnaire
1991_ivig_preload,exp-yogurtsss_assay-rating_data.csv,desire_eat,ratings,questionnaire
1991_ivig_preload,exp-yogurtsss_assay-rating_data.csv,fullness,ratings,questionnaire
1991_ivig_preload,exp-yogurtsss_assay-rating_data.csv,hunger,ratings,questionnaire
1991_ivig_preload,exp-yogurtsss_assay-rating_data.csv,id,ratings,questionnaire
1991_ivig_preload,exp-yogurtsss_assay-rating_data.csv,much_eat,ratings,questionnaire
1991_ivig_preload,exp-yogurtsss_assay-rating_data.csv,nausea,ratings,questionnaire
1991_ivig_preload,exp-yogurtsss_assay-rating_data.csv,session,ratings,questionnaire
1991_ivig_preload,exp-yogurtsss_assay-rating_data.csv,thirst,ratings,questionnaire
1991_ivig_preload,exp-yogurtsss_assay-rating_data.csv,time,ratings,questionnaire
1991_ivig_preload,exp-yogurtsss_assay-rating_data.csv,yogurt_creaminess,ratings,questionnaire
1991_ivig_preload,exp-yogurtsss_assay-rating_data.csv,yogurt_desire_eat,ratings,questionnaire
1991_ivig_preload,exp-yogurtsss_assay-rating_data.csv,yogurt_fattiness,ratings,questionnaire
1991_ivig_preload,exp-yogurtsss_assay-rating_data.csv,yogurt_fruitiness,ratings,questionnaire
1991_ivig_preload,exp-yogurtsss_assay-rating_data.csv,yogurt_much_eat,ratings,questionnaire
1991_ivig_preload,exp-yogurtsss_assay-rating_data.csv,yogurt_pleasant,ratings,questionnaire
1991_ivig_preload,exp-yogurtsss_assay-rating_data.csv,yogurt_subj_cal,ratings,questionnaire
1991_ivig_preload,exp-yogurtsss_assay-rating_data.csv,yogurt_subj_cho,ratings,questionnaire
1991_ivig_preload,exp-yogurtsss_assay-rating_data.csv,yogurt_sweetness,ratings,questionnaire
1992_eatdis_deprivation,assay-demo_data.csv,age,demographics,other
1992_eatdis_deprivation,assay-demo_data.csv,bsq,demographics,questionnaire
1992_eatdis_deprivation,assay-demo_data.csv,eat,demographics,questionnaire
1992_eatdis_deprivation,assay-demo_data.csv,edi_body_dissat,demographics,questionnaire
1992_eatdis_deprivation,assay-demo_data.csv,ei_cog_restraint,demographics,questionnaire
1992_eatdis_deprivation,assay-demo_data.csv,ei_disinhibit,demographics,questionnaire
1992_eatdis_deprivation,assay-demo_data.csv,ei_hunger,demographics,questionnaire
1992_eatdis_deprivation,assay-demo_data.csv,group,demographics,other
1992_eatdis_deprivation,assay-demo_data.csv,id,demographics,other
1992_eatdis_deprivation,assay-demo_data.csv,illness_dur,demographics,other
1992_eatdis_deprivation,assay-demo_data.csv,perc_ideal_bw,demographics,other
1992_eatdis_deprivation,assay-demo_data.csv,restrict_cond,demographics,other
1992_eatdis_deprivation,assay-demo_data.csv,zung,demographics,questionnaire
1992_eatdis_deprivation,assay-intake_data.csv,alert_post,intake,questionnaire
1992_eatdis_deprivation,assay-intake_data.csv,alert_pre,intake,questionnaire
1992_eatdis_deprivation,assay-intake_data.csv,alfredo_cal,intake,intake
1992_eatdis_deprivation,assay-intake_data.csv,alfredo_g,intake,intake
1992_eatdis_deprivation,assay-intake_data.csv,apple_cal,intake,intake
1992_eatdis_deprivation,assay-intake_data.csv,apple_g,intake,intake
1992_eatdis_deprivation,assay-intake_data.csv,binge_desire_post,intake,questionnaire
1992_eatdis_deprivation,assay-intake_data.csv,binge_desire_pre,intake,questionnaire
1992_eatdis_deprivation,assay-intake_data.csv,bloated_post,intake,questionnaire
1992_eatdis_deprivation,assay-intake_data.csv,bloated_pre,intake,questionnaire
1992_eatdis_deprivation,assay-intake_data.csv,bread_cal,intake,intake
1992_eatdis_deprivation,assay-intake_data.csv,bread_g,intake,intake
1992_eatdis_deprivation,assay-intake_data.csv,brownie_cal,intake,intake
1992_eatdis_deprivation,assay-intake_data.csv,brownie_g,intake,intake
1992_eatdis_deprivation,assay-intake_data.csv,cake_cal,intake,intake
1992_eatdis_deprivation,assay-intake_data.csv,cake_g,intake,intake
1992_eatdis_deprivation,assay-intake_data.csv,cheese_cal,intake,intake
1992_eatdis_deprivation,assay-intake_data.csv,cheese_g,intake,intake
1992_eatdis_deprivation,assay-intake_data.csv,chips_cal,intake,intake
1992_eatdis_deprivation,assay-intake_data.csv,chips_g,intake,intake
1992_eatdis_deprivation,assay-intake_data.csv,content_post,intake,other
1992_eatdis_deprivation,assay-intake_data.csv,content_pre,intake,other
1992_eatdis_deprivation,assay-intake_data.csv,cookies_cal,intake,intake
1992_eatdis_deprivation,assay-intake_data.csv,cookies_g,intake,intake
1992_eatdis_deprivation,assay-intake_data.csv,cucumber_cal,intake,intake
1992_eatdis_deprivation,assay-intake_data.csv,cucumber_g,intake,intake
1992_eatdis_deprivation,assay-intake_data.csv,dep_cond,intake,other
1992_eatdis_deprivation,assay-intake_data.csv,depressed_post,intake,questionnaire
1992_eatdis_deprivation,assay-intake_data.csv,depressed_pre,intake,questionnaire
1992_eatdis_deprivation,assay-intake_data.csv,desire_post,intake,questionnaire
1992_eatdis_deprivation,assay-intake_data.csv,desire_pre,intake,questionnaire
1992_eatdis_deprivation,assay-intake_data.csv,fear_fat_post,intake,other
1992_eatdis_deprivation,assay-intake_data.csv,fear_fat_pre,intake,other
1992_eatdis_deprivation,assay-intake_data.csv,fullness_post,intake,questionnaire
1992_eatdis_deprivation,assay-intake_data.csv,fullness_pre,intake,questionnaire
1992_eatdis_deprivation,assay-intake_data.csv,group,intake,other
1992_eatdis_deprivation,assay-intake_data.csv,guilt_post,intake,questionnaire
1992_eatdis_deprivation,assay-intake_data.csv,guilt_pre,intake,questionnaire
1992_eatdis_deprivation,assay-intake_data.csv,hershey_kiss_cal,intake,intake
1992_eatdis_deprivation,assay-intake_data.csv,hershey_kiss_g,intake,intake
1992_eatdis_deprivation,assay-intake_data.csv,hunger_post,intake,questionnaire
1992_eatdis_deprivation,assay-intake_data.csv,hunger_pre,intake,questionnaire
1992_eatdis_deprivation,assay-intake_data.csv,icecream_cal,intake,intake
1992_eatdis_deprivation,assay-intake_data.csv,icecream_g,intake,intake
1992_eatdis_deprivation,assay-intake_data.csv,id,intake,other
1992_eatdis_deprivation,assay-intake_data.csv,lettuce_cal,intake,intake
1992_eatdis_deprivation,assay-intake_data.csv,lettuce_g,intake,intake
1992_eatdis_deprivation,assay-intake_data.csv,margarine_cal,intake,intake
1992_eatdis_deprivation,assay-intake_data.csv,margarine_g,intake,intake
1992_eatdis_deprivation,assay-intake_data.csv,marinara_cal,intake,intake
1992_eatdis_deprivation,assay-intake_data.csv,marinara_g,intake,intake
1992_eatdis_deprivation,assay-intake_data.csv,mayo_cal,intake,intake
1992_eatdis_deprivation,assay-intake_data.csv,mayo_g,intake,intake
1992_eatdis_deprivation,assay-intake_data.csv,much_eat_post,intake,questionnaire
1992_eatdis_deprivation,assay-intake_data.csv,much_eat_pre,intake,questionnaire
1992_eatdis_deprivation,assay-intake_data.csv,mustard_cal,intake,intake
1992_eatdis_deprivation,assay-intake_data.csv,mustard_g,intake,intake
1992_eatdis_deprivation,assay-intake_data.csv,nausea_post,intake,questionnaire
1992_eatdis_deprivation,assay-intake_data.csv,nausea_pre,intake,questionnaire
1992_eatdis_deprivation,assay-intake_data.csv,parm_cheese_cal,intake,intake
1992_eatdis_deprivation,assay-intake_data.csv,parm_cheese_g,intake,intake
1992_eatdis_deprivation,assay-intake_data.csv,pasta_cal,intake,intake
1992_eatdis_deprivation,assay-intake_data.csv,pasta_g,intake,intake
1992_eatdis_deprivation,assay-intake_data.csv,perc_cho_cal,intake,intake
1992_eatdis_deprivation,assay-intake_data.csv,perc_cho_g,intake,intake
1992_eatdis_deprivation,assay-intake_data.csv,perc_fat_cal,intake,intake
1992_eatdis_deprivation,assay-intake_data.csv,perc_fat_g,intake,intake
1992_eatdis_deprivation,assay-intake_data.csv,perc_pro_cal,intake,intake
1992_eatdis_deprivation,assay-intake_data.csv,perc_pro_g,intake,intake
1992_eatdis_deprivation,assay-intake_data.csv,purge_desire_post,intake,questionnaire
1992_eatdis_deprivation,assay-intake_data.csv,purge_desire_pre,intake,questionnaire
1992_eatdis_deprivation,assay-intake_data.csv,restrict_cond,intake,other
1992_eatdis_deprivation,assay-intake_data.csv,session,intake,other
1992_eatdis_deprivation,assay-intake_data.csv,snickers_cal,intake,intake
1992_eatdis_deprivation,assay-intake_data.csv,snickers_g,intake,intake
1992_eatdis_deprivation,assay-intake_data.csv,thirst_post,intake,questionnaire
1992_eatdis_deprivation,assay-intake_data.csv,thirst_pre,intake,questionnaire
1992_eatdis_deprivation,assay-intake_data.csv,time,intake,other
1992_eatdis_deprivation,assay-intake_data.csv,tomato_cal,intake,intake
1992_eatdis_deprivation,assay-intake_data.csv,tomato_g,intake,intake
1992_eatdis_deprivation,assay-intake_data.csv,total_cho_cal,intake,intake
1992_eatdis_deprivation,assay-intake_data.csv,total_cho_g,intake,intake
1992_eatdis_deprivation,assay-intake_data.csv,total_fat_cal,intake,intake
1992_eatdis_deprivation,assay-intake_data.csv,total_fat_g,intake,intake
1992_eatdis_deprivation,assay-intake_data.csv,total_g,intake,total_intake
1992_eatdis_deprivation,assay-intake_data.csv,total_kcal,intake,total_intake
1992_eatdis_deprivation,assay-intake_data.csv,total_pro_cal,intake,intake
1992_eatdis_deprivation,assay-intake_data.csv,total_pro_g,intake,intake
1992_eatdis_deprivation,assay-intake_data.csv,turkey_cal,intake,intake
1992_eatdis_deprivation,assay-intake_data.csv,turkey_g,intake,intake
1992_eatdis_deprivation,assay-intake_data.csv,water_g,intake,intake
data,sub-015c_assay-microstructure_timepoint-a.csv,activity,microstructure,other
data,sub-015c_assay-microstructure_timepoint-a.csv,food,microstructure,other
data,sub-015c_assay-microstructure_timepoint-a.csv,group,microstructure,other
data,sub-015c_assay-microstructure_timepoint-a.csv,id,microstructure,other
data,sub-015c_assay-microstructure_timepoint-a.csv,start,microstructure,other
data,sub-015c_assay-microstructure_timepoint-a.csv,time1,microstructure,other
data,sub-015c_assay-microstructure_timepoint-a.csv,time2,microstructure,other
data,sub-015c_assay-microstructure_timepoint-a.csv,timepoint,microstructure,other
data,sub-015c_assay-microstructure_timepoint-a.csv,trace,microstructure,other
data,sub-015c_assay-microstructure_timepoint-b.csv,activity,microstructure,other
data,sub-015c_assay-microstructure_timepoint-b.csv,food,microstructure,other
data,sub-015c_assay-microstructure_timepoint-b.csv,group,microstructure,other
data,sub-015c_assay-microstructure_timepoint-b.csv,id,microstructure,other
data,sub-015c_assay-microstructure_timepoint-b.csv,start,microstructure,other
data,sub-015c_assay-microstructure_timepoint-b.csv,time1,microstructure,other
data,sub-015c_assay-microstructure_timepoint-b.csv,time2,microstructure,other
data,sub-015c_assay-microstructure_timepoint-b.csv,timepoint,microstructure,other
data,sub-015c_assay-microstructure_timepoint-b.csv,trace,microstructure,other
data,sub-0343_assay-microstructure_cond-control.csv,activity,microstructure,other
data,sub-0343_assay-microstructure_cond-control.csv,activity-2,microstructure,other
data,sub-0343_assay-microstructure_cond-control.csv,cond,microstructure,other
data,sub-0343_assay-microstructure_cond-control.csv,food,microstructure,other
data,sub-0343_assay-microstructure_cond-control.csv,food-2,microstructure,other
data,sub-0343_assay-microstructure_cond-control.csv,group,microstructure,other
data,sub-0343_assay-microstructure_cond-control.csv,group-2,microstructure,other
data,sub-0343_assay-microstructure_cond-control.csv,id,microstructure,other
data,sub-0343_assay-microstructure_cond-control.csv,start,microstructure,other
data,sub-0343_assay-microstructure_cond-control.csv,start-2,microstructure,other
data,sub-0343_assay-microstructure_cond-control.csv,thirds,microstructure,other
data,sub-0343_assay-microstructure_cond-control.csv,thirds-2,microstructure,other
data,sub-0343_assay-microstructure_cond-control.csv,time_1,microstructure,other
data,sub-0343_assay-microstructure_cond-control.csv,time_2,microstructure,other
data,sub-0343_assay-microstructure_cond-control.csv,time_2-1,microstructure,other
data,sub-0343_assay-microstructure_cond-control.csv,time_2-2,microstructure,other
data,sub-0343_assay-microstructure_cond-control.csv,trace,microstructure,other
data,sub-0343_assay-microstructure_cond-control.csv,trace-2,microstructure,other
data,sub-0343_assay-microstructure_cond-deprivaiton.csv,activity,microstructure,other
data,sub-0343_assay-microstructure_cond-deprivaiton.csv,activity-2,microstructure,other
data,sub-0343_assay-microstructure_cond-deprivaiton.csv,cond,microstructure,other
data,sub-0343_assay-microstructure_cond-deprivaiton.csv,food,microstructure,other
data,sub-0343_assay-microstructure_cond-deprivaiton.csv,food-2,microstructure,other
data,sub-0343_assay-microstructure_cond-deprivaiton.csv,group,microstructure,other
data,sub-0343_assay-microstructure_cond-deprivaiton.csv,group-2,microstructure,other
data,sub-0343_assay-microstructure_cond-deprivaiton.csv,id,microstructure,other
data,sub-0343_assay-microstructure_cond-deprivaiton.csv,start,microstructure,other
data,sub-0343_assay-microstructure_cond-deprivaiton.csv,start-2,microstructure,other
data,sub-0343_assay-microstructure_cond-deprivaiton.csv,thirds,microstructure,other
data,sub-0343_assay-microstructure_cond-deprivaiton.csv,thirds-2,microstructure,other
data,sub-0343_assay-microstructure_cond-deprivaiton.csv,time_1,microstructure,other
data,sub-0343_assay-microstructure_cond-deprivaiton.csv,time_2,microstructure,other
data,sub-0343_assay-microstructure_cond-deprivaiton.csv,time_2-1,microstructure,other
data,sub-0343_assay-microstructure_cond-deprivaiton.csv,time_2-2,microstructure,other
data,sub-0343_assay-microstructure_cond-deprivaiton.csv,trace,microstructure,other
data,sub-0343_assay-microstructure_cond-deprivaiton.csv,trace-2,microstructure,other
data,sub-044b_assay-microstructure_timepoint-a.csv,activity,microstructure,other
data,sub-044b_assay-microstructure_timepoint-a.csv,food,microstructure,other
data,sub-044b_assay-microstructure_timepoint-a.csv,group,microstructure,other
data,sub-044b_assay-microstructure_timepoint-a.csv,id,microstructure,other
data,sub-044b_assay-microstructure_timepoint-a.csv,start,microstructure,other
data,sub-044b_assay-microstructure_timepoint-a.csv,time1,microstructure,other
data,sub-044b_assay-microstructure_timepoint-a.csv,time2,microstructure,other
data,sub-044b_assay-microstructure_timepoint-a.csv,timepoint,microstructure,other
data,sub-044b_assay-microstructure_timepoint-a.csv,trace,microstructure,other
data,sub-044b_assay-microstructure_timepoint-b.csv,activity,microstructure,other
data,sub-044b_assay-microstructure_timepoint-b.csv,food,microstructure,other
data,sub-044b_assay-microstructure_timepoint-b.csv,group,microstructure,other
data,sub-044b_assay-microstructure_timepoint-b.csv,id,microstructure,other
data,sub-044b_assay-microstructure_timepoint-b.csv,start,microstructure,other
data,sub-044b_assay-microstructure_timepoint-b.csv,time1,microstructure,other
data,sub-044b_assay-microstructure_timepoint-b.csv,time2,microstructure,other
data,sub-044b_assay-microstructure_timepoint-b.csv,timepoint,microstructure,other
data,sub-044b_assay-microstructure_timepoint-b.csv,trace,microstructure,other
data,sub-04db_assay-microstructure_cond-control.csv,activity,microstructure,other
data,sub-04db_assay-microstructure_cond-control.csv,activity-2,microstructure,other
data,sub-04db_assay-microstructure_cond-control.csv,cond,microstructure,other
data,sub-04db_assay-microstructure_cond-control.csv,food,microstructure,other
data,sub-04db_assay-microstructure_cond-control.csv,food-2,microstructure,other
data,sub-04db_assay-microstructure_cond-control.csv,group,microstructure,other
data,sub-04db_assay-microstructure_cond-control.csv,group-2,microstructure,other
data,sub-04db_assay-microstructure_cond-control.csv,id,microstructure,other
data,sub-04db_assay-microstructure_cond-control.csv,start,microstructure,other
data,sub-04db_assay-microstructure_cond-control.csv,start-2,microstructure,other
data,sub-04db_assay-microstructure_cond-control.csv,thirds,microstructure,other
data,sub-04db_assay-microstructure_cond-control.csv,thirds-2,microstructure,other
data,sub-04db_assay-microstructure_cond-control.csv,time_1,microstructure,other
data,sub-04db_assay-microstructure_cond-control.csv,time_2,microstructure,other
data,sub-04db_assay-microstructure_cond-control.csv,time_2-1,microstructure,other
data,sub-04db_assay-microstructure_cond-control.csv,time_2-2,microstructure,other
data,sub-04db_assay-microstructure_cond-control.csv,trace,microstructure,other
data,sub-04db_assay-microstructure_cond-control.csv,trace-2,microstructure,other
data,sub-04db_assay-microstructure_cond-deprivaiton.csv,activity,microstructure,other
data,sub-04db_assay-microstructure_cond-deprivaiton.csv,activity-2,microstructure,other
data,sub-04db_assay-microstructure_cond-deprivaiton.csv,cond,microstructure,other
data,sub-04db_assay-microstructure_cond-deprivaiton.csv,food,microstructure,other
data,sub-04db_assay-microstructure_cond-deprivaiton.csv,food-2,microstructure,other
data,sub-04db_assay-microstructure_cond-deprivaiton.csv,group,microstructure,other
data,sub-04db_assay-microstructure_cond-deprivaiton.csv,group-2,microstructure,other
data,sub-04db_assay-microstructure_cond-deprivaiton.csv,id,microstructure,other
data,sub-04db_assay-microstructure_cond-deprivaiton.csv,start,microstructure,other
data,sub-04db_assay-microstructure_cond-deprivaiton.csv,start-2,microstructure,other
data,sub-04db_assay-microstructure_cond-deprivaiton.csv,thirds,microstructure,other
data,sub-04db_assay-microstructure_cond-deprivaiton.csv,thirds-2,microstructure,other
data,sub-04db_assay-microstructure_cond-deprivaiton.csv,time_1,microstructure,other
data,sub-04db_assay-microstructure_cond-deprivaiton.csv,time_2,microstructure,other
data,sub-04db_assay-microstructure_cond-deprivaiton.csv,time_2-1,microstructure,other
data,sub-04db_assay-microstructure_cond-deprivaiton.csv,time_2-2,microstructure,other
data,sub-04db_assay-microstructure_cond-deprivaiton.csv,trace,microstructure,other
data,sub-04db_assay-microstructure_cond-deprivaiton.csv,trace-2,microstructure,other
data,sub-0a40_assay-microstructure_cond-control.csv,activity,microstructure,other
data,sub-0a40_assay-microstructure_cond-control.csv,activity-2,microstructure,other
data,sub-0a40_assay-microstructure_cond-control.csv,cond,microstructure,other
data,sub-0a40_assay-microstructure_cond-control.csv,food,microstructure,other
data,sub-0a40_assay-microstructure_cond-control.csv,food-2,microstructure,other
data,sub-0a40_assay-microstructure_cond-control.csv,group,microstructure,other
data,sub-0a40_assay-microstructure_cond-control.csv,group-2,microstructure,other
data,sub-0a40_assay-microstructure_cond-control.csv,id,microstructure,other
data,sub-0a40_assay-microstructure_cond-control.csv,start,microstructure,other
data,sub-0a40_assay-microstructure_cond-control.csv,start-2,microstructure,other
data,sub-0a40_assay-microstructure_cond-control.csv,thirds,microstructure,other
data,sub-0a40_assay-microstructure_cond-control.csv,thirds-2,microstructure,other
data,sub-0a40_assay-microstructure_cond-control.csv,time_1,microstructure,other
data,sub-0a40_assay-microstructure_cond-control.csv,time_2,microstructure,other
data,sub-0a40_assay-microstructure_cond-control.csv,time_2-1,microstructure,other
data,sub-0a40_assay-microstructure_cond-control.csv,time_2-2,microstructure,other
data,sub-0a40_assay-microstructure_cond-control.csv,trace,microstructure,other
data,sub-0a40_assay-microstructure_cond-control.csv,trace-2,microstructure,other
data,sub-0a40_assay-microstructure_cond-deprivaiton.csv,activity,microstructure,other
data,sub-0a40_assay-microstructure_cond-deprivaiton.csv,activity-2,microstructure,other
data,sub-0a40_assay-microstructure_cond-deprivaiton.csv,cond,microstructure,other
data,sub-0a40_assay-microstructure_cond-deprivaiton.csv,food,microstructure,other
data,sub-0a40_assay-microstructure_cond-deprivaiton.csv,food-2,microstructure,other
data,sub-0a40_assay-microstructure_cond-deprivaiton.csv,group,microstructure,other
data,sub-0a40_assay-microstructure_cond-deprivaiton.csv,group-2,microstructure,other
data,sub-0a40_assay-microstructure_cond-deprivaiton.csv,id,microstructure,other
data,sub-0a40_assay-microstructure_cond-deprivaiton.csv,start,microstructure,other
data,sub-0a40_assay-microstructure_cond-deprivaiton.csv,start-2,microstructure,other
data,sub-0a40_assay-microstructure_cond-deprivaiton.csv,thirds,microstructure,other
data,sub-0a40_assay-microstructure_cond-deprivaiton.csv,thirds-2,microstructure,other
data,sub-0a40_assay-microstructure_cond-deprivaiton.csv,time_1,microstructure,other
data,sub-0a40_assay-microstructure_cond-deprivaiton.csv,time_2,microstructure,other
data,sub-0a40_assay-microstructure_cond-deprivaiton.csv,time_2-1,microstructure,other
data,sub-0a40_assay-microstructure_cond-deprivaiton.csv,time_2-2,microstructure,other
data,sub-0a40_assay-microstructure_cond-deprivaiton.csv,trace,microstructure,other
data,sub-0a40_assay-microstructure_cond-deprivaiton.csv,trace-2,microstructure,other
data,sub-0a94_assay-microstructure_cond-control.csv,activity,microstructure,other
data,sub-0a94_assay-microstructure_cond-control.csv,activity-2,microstructure,other
data,sub-0a94_assay-microstructure_cond-control.csv,cond,microstructure,other
data,sub-0a94_assay-microstructure_cond-control.csv,food,microstructure,other
data,sub-0a94_assay-microstructure_cond-control.csv,food-2,microstructure,other
data,sub-0a94_assay-microstructure_cond-control.csv,group,microstructure,other
data,sub-0a94_assay-microstructure_cond-control.csv,group-2,microstructure,other
data,sub-0a94_assay-microstructure_cond-control.csv,id,microstructure,other
data,sub-0a94_assay-microstructure_cond-control.csv,start,microstructure,other
data,sub-0a94_assay-microstructure_cond-control.csv,start-2,microstructure,other
data,sub-0a94_assay-microstructure_cond-control.csv,thirds,microstructure,other
data,sub-0a94_assay-microstructure_cond-control.csv,thirds-2,microstructure,other
data,sub-0a94_assay-microstructure_cond-control.csv,time_1,microstructure,other
data,sub-0a94_assay-microstructure_cond-control.csv,time_2,microstructure,other
data,sub-0a94_assay-microstructure_cond-control.csv,time_2-1,microstructure,other
data,sub-0a94_assay-microstructure_cond-control.csv,time_2-2,microstructure,other
data,sub-0a94_assay-microstructure_cond-control.csv,trace,microstructure,other
data,sub-0a94_assay-microstructure_cond-control.csv,trace-2,microstructure,other
data,sub-0a94_assay-microstructure_cond-deprivaiton.csv,activity,microstructure,other
data,sub-0a94_assay-microstructure_cond-deprivaiton.csv,activity-2,microstructure,other
data,sub-0a94_assay-microstructure_cond-deprivaiton.csv,cond,microstructure,other
data,sub-0a94_assay-microstructure_cond-deprivaiton.csv,food,microstructure,other
data,sub-0a94_assay-microstructure_cond-deprivaiton.csv,food-2,microstructure,other
data,sub-0a94_assay-microstructure_cond-deprivaiton.csv,group,microstructure,other
data,sub-0a94_assay-microstructure_cond-deprivaiton.csv,group-2,microstructure,other
data,sub-0a94_assay-microstructure_cond-deprivaiton.csv,id,microstructure,other
data,sub-0a94_assay-microstructure_cond-deprivaiton.csv,start,microstructure,other
data,sub-0a94_assay-microstructure_cond-deprivaiton.csv,start-2,microstructure,other
data,sub-0a94_assay-microstructure_cond-deprivaiton.csv,thirds,microstructure,other
data,sub-0a94_assay-microstructure_cond-deprivaiton.csv,thirds-2,microstructure,other
data,sub-0a94_assay-microstructure_cond-deprivaiton.csv,time_1,microstructure,other
data,sub-0a94_assay-microstructure_cond-deprivaiton.csv,time_2,microstructure,other
data,sub-0a94_assay-microstructure_cond-deprivaiton.csv,time_2-1,microstructure,other
data,sub-0a94_assay-microstructure_cond-deprivaiton.csv,time_2-2,microstructure,other
data,sub-0a94_assay-microstructure_cond-deprivaiton.csv,trace,microstructure,other
data,sub-0a94_assay-microstructure_cond-deprivaiton.csv,trace-2,microstructure,other
data,sub-10bb_assay-microstructure_cond-control.csv,activity,microstructure,other
data,sub-10bb_assay-microstructure_cond-control.csv,activity-2,microstructure,other
data,sub-10bb_assay-microstructure_cond-control.csv,cond,microstructure,other
data,sub-10bb_assay-microstructure_cond-control.csv,food,microstructure,other
data,sub-10bb_assay-microstructure_cond-control.csv,food-2,microstructure,other
data,sub-10bb_assay-microstructure_cond-control.csv,group,microstructure,other
data,sub-10bb_assay-microstructure_cond-control.csv,group-2,microstructure,other
data,sub-10bb_assay-microstructure_cond-control.csv,id,microstructure,other
data,sub-10bb_assay-microstructure_cond-control.csv,start,microstructure,other
data,sub-10bb_assay-microstructure_cond-control.csv,start-2,microstructure,other
data,sub-10bb_assay-microstructure_cond-control.csv,thirds,microstructure,other
data,sub-10bb_assay-microstructure_cond-control.csv,thirds-2,microstructure,other
data,sub-10bb_assay-microstructure_cond-control.csv,time_1,microstructure,other
data,sub-10bb_assay-microstructure_cond-control.csv,time_2,microstructure,other
data,sub-10bb_assay-microstructure_cond-control.csv,time_2-1,microstructure,other
data,sub-10bb_assay-microstructure_cond-control.csv,time_2-2,microstructure,other
data,sub-10bb_assay-microstructure_cond-control.csv,trace,microstructure,other
data,sub-10bb_assay-microstructure_cond-control.csv,trace-2,microstructure,other
data,sub-10bb_assay-microstructure_cond-deprivaiton.csv,activity,microstructure,other
data,sub-10bb_assay-microstructure_cond-deprivaiton.csv,activity-2,microstructure,other
data,sub-10bb_assay-microstructure_cond-deprivaiton.csv,cond,microstructure,other
data,sub-10bb_assay-microstructure_cond-deprivaiton.csv,food,microstructure,other
data,sub-10bb_assay-microstructure_cond-deprivaiton.csv,food-2,microstructure,other
data,sub-10bb_assay-microstructure_cond-deprivaiton.csv,group,microstructure,other
data,sub-10bb_assay-microstructure_cond-deprivaiton.csv,group-2,microstructure,other
data,sub-10bb_assay-microstructure_cond-deprivaiton.csv,id,microstructure,other
data,sub-10bb_assay-microstructure_cond-deprivaiton.csv,start,microstructure,other
data,sub-10bb_assay-microstructure_cond-deprivaiton.csv,start-2,microstructure,other
data,sub-10bb_assay-microstructure_cond-deprivaiton.csv,thirds,microstructure,other
data,sub-10bb_assay-microstructure_cond-deprivaiton.csv,thirds-2,microstructure,other
data,sub-10bb_assay-microstructure_cond-deprivaiton.csv,time_1,microstructure,other
data,sub-10bb_assay-microstructure_cond-deprivaiton.csv,time_2,microstructure,other
data,sub-10bb_assay-microstructure_cond-deprivaiton.csv,time_2-1,microstructure,other
data,sub-10bb_assay-microstructure_cond-deprivaiton.csv,time_2-2,microstructure,other
data,sub-10bb_assay-microstructure_cond-deprivaiton.csv,trace,microstructure,other
data,sub-10bb_assay-microstructure_cond-deprivaiton.csv,trace-2,microstructure,other
data,sub-117e_assay-microstructure_timepoint-a.csv,activity,microstructure,other
data,sub-117e_assay-microstructure_timepoint-a.csv,food,microstructure,other
data,sub-117e_assay-microstructure_timepoint-a.csv,group,microstructure,other
data,sub-117e_assay-microstructure_timepoint-a.csv,id,microstructure,other
data,sub-117e_assay-microstructure_timepoint-a.csv,start,microstructure,other
data,sub-117e_assay-microstructure_timepoint-a.csv,time1,microstructure,other
data,sub-117e_assay-microstructure_timepoint-a.csv,time2,microstructure,other
data,sub-117e_assay-microstructure_timepoint-a.csv,timepoint,microstructure,other
data,sub-117e_assay-microstructure_timepoint-a.csv,trace,microstructure,other
data,sub-117e_assay-microstructure_timepoint-b.csv,activity,microstructure,other
data,sub-117e_assay-microstructure_timepoint-b.csv,food,microstructure,other
data,sub-117e_assay-microstructure_timepoint-b.csv,group,microstructure,other
data,sub-117e_assay-microstructure_timepoint-b.csv,id,microstructure,other
data,sub-117e_assay-microstructure_timepoint-b.csv,start,microstructure,other
data,sub-117e_assay-microstructure_timepoint-b.csv,time1,microstructure,other
data,sub-117e_assay-microstructure_timepoint-b.csv,time2,microstructure,other
data,sub-117e_assay-microstructure_timepoint-b.csv,timepoint,microstructure,other
data,sub-117e_assay-microstructure_timepoint-b.csv,trace,microstructure,other
data,sub-12e3_assay-microstructure_timepoint-a.csv,activity,microstructure,other
data,sub-12e3_assay-microstructure_timepoint-a.csv,food,microstructure,other
data,sub-12e3_assay-microstructure_timepoint-a.csv,group,microstructure,other
data,sub-12e3_assay-microstructure_timepoint-a.csv,id,microstructure,other
data,sub-12e3_assay-microstructure_timepoint-a.csv,start,microstructure,other
data,sub-12e3_assay-microstructure_timepoint-a.csv,time1,microstructure,other
data,sub-12e3_assay-microstructure_timepoint-a.csv,time2,microstructure,other
data,sub-12e3_assay-microstructure_timepoint-a.csv,timepoint,microstructure,other
data,sub-12e3_assay-microstructure_timepoint-a.csv,trace,microstructure,other
data,sub-12e3_assay-microstructure_timepoint-b.csv,activity,microstructure,other
data,sub-12e3_assay-microstructure_timepoint-b.csv,food,microstructure,other
data,sub-12e3_assay-microstructure_timepoint-b.csv,group,microstructure,other
data,sub-12e3_assay-microstructure_timepoint-b.csv,id,microstructure,other
data,sub-12e3_assay-microstructure_timepoint-b.csv,start,microstructure,other
data,sub-12e3_assay-microstructure_timepoint-b.csv,time1,microstructure,other
data,sub-12e3_assay-microstructure_timepoint-b.csv,time2,microstructure,other
data,sub-12e3_assay-microstructure_timepoint-b.csv,timepoint,microstructure,other
data,sub-12e3_assay-microstructure_timepoint-b.csv,trace,microstructure,other
data,sub-13c8_assay-microstructure_cond-control.csv,activity,microstructure,other
data,sub-13c8_assay-microstructure_cond-control.csv,activity-2,microstructure,other
data,sub-13c8_assay-microstructure_cond-control.csv,cond,microstructure,other
data,sub-13c8_assay-microstructure_cond-control.csv,food,microstructure,other
data,sub-13c8_assay-microstructure_cond-control.csv,food-2,microstructure,other
data,sub-13c8_assay-microstructure_cond-control.csv,id,microstructure,other
data,sub-13c8_assay-microstructure_cond-control.csv,start,microstructure,other
data,sub-13c8_assay-microstructure_cond-control.csv,start-2,microstructure,other
data,sub-13c8_assay-microstructure_cond-control.csv,time_1,microstructure,other
data,sub-13c8_assay-microstructure_cond-control.csv,time_2,microstructure,other
data,sub-13c8_assay-microstructure_cond-control.csv,time_2-1,microstructure,other
data,sub-13c8_assay-microstructure_cond-control.csv,time_2-2,microstructure,other
data,sub-13c8_assay-microstructure_cond-control.csv,trace,microstructure,other
data,sub-13c8_assay-microstructure_cond-control.csv,trace-2,microstructure,other
data,sub-13c8_assay-microstructure_cond-deprivaiton.csv,activity,microstructure,other
data,sub-13c8_assay-microstructure_cond-deprivaiton.csv,activity-2,microstructure,other
data,sub-13c8_assay-microstructure_cond-deprivaiton.csv,cond,microstructure,other
data,sub-13c8_assay-microstructure_cond-deprivaiton.csv,food,microstructure,other
data,sub-13c8_assay-microstructure_cond-deprivaiton.csv,food-2,microstructure,other
data,sub-13c8_assay-microstructure_cond-deprivaiton.csv,group,microstructure,other
data,sub-13c8_assay-microstructure_cond-deprivaiton.csv,group-2,microstructure,other
data,sub-13c8_assay-microstructure_cond-deprivaiton.csv,id,microstructure,other
data,sub-13c8_assay-microstructure_cond-deprivaiton.csv,start,microstructure,other
data,sub-13c8_assay-microstructure_cond-deprivaiton.csv,start-2,microstructure,other
data,sub-13c8_assay-microstructure_cond-deprivaiton.csv,time_1,microstructure,other
data,sub-13c8_assay-microstructure_cond-deprivaiton.csv,time_2,microstructure,other
data,sub-13c8_assay-microstructure_cond-deprivaiton.csv,time_2-1,microstructure,other
data,sub-13c8_assay-microstructure_cond-deprivaiton.csv,time_2-2,microstructure,other
data,sub-13c8_assay-microstructure_cond-deprivaiton.csv,trace,microstructure,other
data,sub-13c8_assay-microstructure_cond-deprivaiton.csv,trace-2,microstructure,other
data,sub-159b_assay-microstructure_cond-control.csv,activity,microstructure,other
data,sub-159b_assay-microstructure_cond-control.csv,activity-2,microstructure,other
data,sub-159b_assay-microstructure_cond-control.csv,cond,microstructure,other
data,sub-159b_assay-microstructure_cond-control.csv,food,microstructure,other
data,sub-159b_assay-microstructure_cond-control.csv,food-2,microstructure,other
data,sub-159b_assay-microstructure_cond-control.csv,group,microstructure,other
data,sub-159b_assay-microstructure_cond-control.csv,group-2,microstructure,other
data,sub-159b_assay-microstructure_cond-control.csv,id,microstructure,other
data,sub-159b_assay-microstructure_cond-control.csv,start,microstructure,other
data,sub-159b_assay-microstructure_cond-control.csv,start-2,microstructure,other
data,sub-159b_assay-microstructure_cond-control.csv,thirds,microstructure,other
data,sub-159b_assay-microstructure_cond-control.csv,thirds-2,microstructure,other
data,sub-159b_assay-microstructure_cond-control.csv,time_1,microstructure,other
data,sub-159b_assay-microstructure_cond-control.csv,time_2,microstructure,other
data,sub-159b_assay-microstructure_cond-control.csv,time_2-1,microstructure,other
data,sub-159b_assay-microstructure_cond-control.csv,time_2-2,microstructure,other
data,sub-159b_assay-microstructure_cond-control.csv,trace,microstructure,other
data,sub-159b_assay-microstructure_cond-control.csv,trace-2,microstructure,other
data,sub-159b_assay-microstructure_cond-deprivaiton.csv,activity,microstructure,other
data,sub-159b_assay-microstructure_cond-deprivaiton.csv,activity-2,microstructure,other
data,sub-159b_assay-microstructure_cond-deprivaiton.csv,cond,microstructure,other
data,sub-159b_assay-microstructure_cond-deprivaiton.csv,food,microstructure,other
data,sub-159b_assay-microstructure_cond-deprivaiton.csv,food-2,microstructure,other
data,sub-159b_assay-microstructure_cond-deprivaiton.csv,group,microstructure,other
data,sub-159b_assay-microstructure_cond-deprivaiton.csv,group-2,microstructure,other
data,sub-159b_assay-microstructure_cond-deprivaiton.csv,id,microstructure,other
data,sub-159b_assay-microstructure_cond-deprivaiton.csv,start,microstructure,other
data,sub-159b_assay-microstructure_cond-deprivaiton.csv,start-2,microstructure,other
data,sub-159b_assay-microstructure_cond-deprivaiton.csv,thirds,microstructure,other
data,sub-159b_assay-microstructure_cond-deprivaiton.csv,thirds-2,microstructure,other
data,sub-159b_assay-microstructure_cond-deprivaiton.csv,time_1,microstructure,other
data,sub-159b_assay-microstructure_cond-deprivaiton.csv,time_2,microstructure,other
data,sub-159b_assay-microstructure_cond-deprivaiton.csv,time_2-1,microstructure,other
data,sub-159b_assay-microstructure_cond-deprivaiton.csv,time_2-2,microstructure,other
data,sub-159b_assay-microstructure_cond-deprivaiton.csv,trace,microstructure,other
data,sub-159b_assay-microstructure_cond-deprivaiton.csv,trace-2,microstructure,other
data,sub-1cac_assay-microstructure_cond-control.csv,activity,microstructure,other
data,sub-1cac_assay-microstructure_cond-control.csv,activity-2,microstructure,other
data,sub-1cac_assay-microstructure_cond-control.csv,cond,microstructure,other
data,sub-1cac_assay-microstructure_cond-control.csv,food,microstructure,other
data,sub-1cac_assay-microstructure_cond-control.csv,food-2,microstructure,other
data,sub-1cac_assay-microstructure_cond-control.csv,group,microstructure,other
data,sub-1cac_assay-microstructure_cond-control.csv,group-2,microstructure,other
data,sub-1cac_assay-microstructure_cond-control.csv,id,microstructure,other
data,sub-1cac_assay-microstructure_cond-control.csv,start,microstructure,other
data,sub-1cac_assay-microstructure_cond-control.csv,start-2,microstructure,other
data,sub-1cac_assay-microstructure_cond-control.csv,thirds,microstructure,other
data,sub-1cac_assay-microstructure_cond-control.csv,thirds-2,microstructure,other
data,sub-1cac_assay-microstructure_cond-control.csv,time_1,microstructure,other
data,sub-1cac_assay-microstructure_cond-control.csv,time_2,microstructure,other
data,sub-1cac_assay-microstructure_cond-control.csv,time_2-1,microstructure,other
data,sub-1cac_assay-microstructure_cond-control.csv,time_2-2,microstructure,other
data,sub-1cac_assay-microstructure_cond-control.csv,trace,microstructure,other
data,sub-1cac_assay-microstructure_cond-control.csv,trace-2,microstructure,other
data,sub-1cac_assay-microstructure_cond-deprivaiton.csv,activity,microstructure,other
data,sub-1cac_assay-microstructure_cond-deprivaiton.csv,activity-2,microstructure,other
data,sub-1cac_assay-microstructure_cond-deprivaiton.csv,cond,microstructure,other
data,sub-1cac_assay-microstructure_cond-deprivaiton.csv,food,microstructure,other
data,sub-1cac_assay-microstructure_cond-deprivaiton.csv,food-2,microstructure,other
data,sub-1cac_assay-microstructure_cond-deprivaiton.csv,group,microstructure,other
data,sub-1cac_assay-microstructure_cond-deprivaiton.csv,group-2,microstructure,other
data,sub-1cac_assay-microstructure_cond-deprivaiton.csv,id,microstructure,other
data,sub-1cac_assay-microstructure_cond-deprivaiton.csv,start,microstructure,other
data,sub-1cac_assay-microstructure_cond-deprivaiton.csv,start-2,microstructure,other
data,sub-1cac_assay-microstructure_cond-deprivaiton.csv,thirds,microstructure,other
data,sub-1cac_assay-microstructure_cond-deprivaiton.csv,thirds-2,microstructure,other
data,sub-1cac_assay-microstructure_cond-deprivaiton.csv,time_1,microstructure,other
data,sub-1cac_assay-microstructure_cond-deprivaiton.csv,time_2,microstructure,other
data,sub-1cac_assay-microstructure_cond-deprivaiton.csv,time_2-1,microstructure,other
data,sub-1cac_assay-microstructure_cond-deprivaiton.csv,time_2-2,microstructure,other
data,sub-1cac_assay-microstructure_cond-deprivaiton.csv,trace,microstructure,other
data,sub-1cac_assay-microstructure_cond-deprivaiton.csv,trace-2,microstructure,other
data,sub-1f20_assay-microstructure_cond-control.csv,activity,microstructure,other
data,sub-1f20_assay-microstructure_cond-control.csv,activity-2,microstructure,other
data,sub-1f20_assay-microstructure_cond-control.csv,cond,microstructure,other
data,sub-1f20_assay-microstructure_cond-control.csv,food,microstructure,other
data,sub-1f20_assay-microstructure_cond-control.csv,food-2,microstructure,other
data,sub-1f20_assay-microstructure_cond-control.csv,group,microstructure,other
data,sub-1f20_assay-microstructure_cond-control.csv,group-2,microstructure,other
data,sub-1f20_assay-microstructure_cond-control.csv,id,microstructure,other
data,sub-1f20_assay-microstructure_cond-control.csv,start,microstructure,other
data,sub-1f20_assay-microstructure_cond-control.csv,start-2,microstructure,other
data,sub-1f20_assay-microstructure_cond-control.csv,thirds,microstructure,other
data,sub-1f20_assay-microstructure_cond-control.csv,thirds-2,microstructure,other
data,sub-1f20_assay-microstructure_cond-control.csv,time_1,microstructure,other
data,sub-1f20_assay-microstructure_cond-control.csv,time_2,microstructure,other
data,sub-1f20_assay-microstructure_cond-control.csv,time_2-1,microstructure,other
data,sub-1f20_assay-microstructure_cond-control.csv,time_2-2,microstructure,other
data,sub-1f20_assay-microstructure_cond-control.csv,trace,microstructure,other
data,sub-1f20_assay-microstructure_cond-control.csv,trace-2,microstructure,other
data,sub-1f20_assay-microstructure_cond-deprivaiton.csv,activity,microstructure,other
data,sub-1f20_assay-microstructure_cond-deprivaiton.csv,activity-2,microstructure,other
data,sub-1f20_assay-microstructure_cond-deprivaiton.csv,cond,microstructure,other
data,sub-1f20_assay-microstructure_cond-deprivaiton.csv,food,microstructure,other
data,sub-1f20_assay-microstructure_cond-deprivaiton.csv,food-2,microstructure,other
data,sub-1f20_assay-microstructure_cond-deprivaiton.csv,group,microstructure,other
data,sub-1f20_assay-microstructure_cond-deprivaiton.csv,group-2,microstructure,other
data,sub-1f20_assay-microstructure_cond-deprivaiton.csv,id,microstructure,other
data,sub-1f20_assay-microstructure_cond-deprivaiton.csv,start,microstructure,other
data,sub-1f20_assay-microstructure_cond-deprivaiton.csv,start-2,microstructure,other
data,sub-1f20_assay-microstructure_cond-deprivaiton.csv,thirds,microstructure,other
data,sub-1f20_assay-microstructure_cond-deprivaiton.csv,thirds-2,microstructure,other
data,sub-1f20_assay-microstructure_cond-deprivaiton.csv,time_1,microstructure,other
data,sub-1f20_assay-microstructure_cond-deprivaiton.csv,time_2,microstructure,other
data,sub-1f20_assay-microstructure_cond-deprivaiton.csv,time_2-1,microstructure,other
data,sub-1f20_assay-microstructure_cond-deprivaiton.csv,time_2-2,microstructure,other
data,sub-1f20_assay-microstructure_cond-deprivaiton.csv,trace,microstructure,other
data,sub-1f20_assay-microstructure_cond-deprivaiton.csv,trace-2,microstructure,other
data,sub-20e1_assay-microstructure_cond-control.csv,activity,microstructure,other
data,sub-20e1_assay-microstructure_cond-control.csv,activity-2,microstructure,other
data,sub-20e1_assay-microstructure_cond-control.csv,cond,microstructure,other
data,sub-20e1_assay-microstructure_cond-control.csv,food,microstructure,other
data,sub-20e1_assay-microstructure_cond-control.csv,food-2,microstructure,other
data,sub-20e1_assay-microstructure_cond-control.csv,group,microstructure,other
data,sub-20e1_assay-microstructure_cond-control.csv,group-2,microstructure,other
data,sub-20e1_assay-microstructure_cond-control.csv,id,microstructure,other
data,sub-20e1_assay-microstructure_cond-control.csv,start,microstructure,other
data,sub-20e1_assay-microstructure_cond-control.csv,start-2,microstructure,other
data,sub-20e1_assay-microstructure_cond-control.csv,thirds,microstructure,other
data,sub-20e1_assay-microstructure_cond-control.csv,thirds-2,microstructure,other
data,sub-20e1_assay-microstructure_cond-control.csv,time_1,microstructure,other
data,sub-20e1_assay-microstructure_cond-control.csv,time_2,microstructure,other
data,sub-20e1_assay-microstructure_cond-control.csv,time_2-1,microstructure,other
data,sub-20e1_assay-microstructure_cond-control.csv,time_2-2,microstructure,other
data,sub-20e1_assay-microstructure_cond-control.csv,trace,microstructure,other
data,sub-20e1_assay-microstructure_cond-control.csv,trace-2,microstructure,other
data,sub-20e1_assay-microstructure_cond-deprivaiton.csv,activity,microstructure,other
data,sub-20e1_assay-microstructure_cond-deprivaiton.csv,activity-2,microstructure,other
data,sub-20e1_assay-microstructure_cond-deprivaiton.csv,cond,microstructure,other
data,sub-20e1_assay-microstructure_cond-deprivaiton.csv,food,microstructure,other
data,sub-20e1_assay-microstructure_cond-deprivaiton.csv,food-2,microstructure,other
data,sub-20e1_assay-microstructure_cond-deprivaiton.csv,group,microstructure,other
data,sub-20e1_assay-microstructure_cond-deprivaiton.csv,group-2,microstructure,other
data,sub-20e1_assay-microstructure_cond-deprivaiton.csv,id,microstructure,other
data,sub-20e1_assay-microstructure_cond-deprivaiton.csv,start,microstructure,other
data,sub-20e1_assay-microstructure_cond-deprivaiton.csv,start-2,microstructure,other
data,sub-20e1_assay-microstructure_cond-deprivaiton.csv,thirds,microstructure,other
data,sub-20e1_assay-microstructure_cond-deprivaiton.csv,thirds-2,microstructure,other
data,sub-20e1_assay-microstructure_cond-deprivaiton.csv,time_1,microstructure,other
data,sub-20e1_assay-microstructure_cond-deprivaiton.csv,time_2,microstructure,other
data,sub-20e1_assay-microstructure_cond-deprivaiton.csv,time_2-1,microstructure,other
data,sub-20e1_assay-microstructure_cond-deprivaiton.csv,time_2-2,microstructure,other
data,sub-20e1_assay-microstructure_cond-deprivaiton.csv,trace,microstructure,other
data,sub-20e1_assay-microstructure_cond-deprivaiton.csv,trace-2,microstructure,other
data,sub-26b1_assay-microstructure_timepoint-a.csv,activity,microstructure,other
data,sub-26b1_assay-microstructure_timepoint-a.csv,food,microstructure,other
data,sub-26b1_assay-microstructure_timepoint-a.csv,group,microstructure,other
data,sub-26b1_assay-microstructure_timepoint-a.csv,id,microstructure,other
data,sub-26b1_assay-microstructure_timepoint-a.csv,start,microstructure,other
data,sub-26b1_assay-microstructure_timepoint-a.csv,time1,microstructure,other
data,sub-26b1_assay-microstructure_timepoint-a.csv,time2,microstructure,other
data,sub-26b1_assay-microstructure_timepoint-a.csv,timepoint,microstructure,other
data,sub-26b1_assay-microstructure_timepoint-a.csv,trace,microstructure,other
data,sub-26b1_assay-microstructure_timepoint-b.csv,activity,microstructure,other
data,sub-26b1_assay-microstructure_timepoint-b.csv,food,microstructure,other
data,sub-26b1_assay-microstructure_timepoint-b.csv,group,microstructure,other
data,sub-26b1_assay-microstructure_timepoint-b.csv,id,microstructure,other
data,sub-26b1_assay-microstructure_timepoint-b.csv,start,microstructure,other
data,sub-26b1_assay-microstructure_timepoint-b.csv,time1,microstructure,other
data,sub-26b1_assay-microstructure_timepoint-b.csv,time2,microstructure,other
data,sub-26b1_assay-microstructure_timepoint-b.csv,timepoint,microstructure,other
data,sub-26b1_assay-microstructure_timepoint-b.csv,trace,microstructure,other
data,sub-291b_assay-microstructure_cond-control.csv,activity,microstructure,other
data,sub-291b_assay-microstructure_cond-control.csv,activity-2,microstructure,other
data,sub-291b_assay-microstructure_cond-control.csv,cond,microstructure,other
data,sub-291b_assay-microstructure_cond-control.csv,food,microstructure,other
data,sub-291b_assay-microstructure_cond-control.csv,food-2,microstructure,other
data,sub-291b_assay-microstructure_cond-control.csv,group,microstructure,other
data,sub-291b_assay-microstructure_cond-control.csv,group-2,microstructure,other
data,sub-291b_assay-microstructure_cond-control.csv,id,microstructure,other
data,sub-291b_assay-microstructure_cond-control.csv,start,microstructure,other
data,sub-291b_assay-microstructure_cond-control.csv,start-2,microstructure,other
data,sub-291b_assay-microstructure_cond-control.csv,thirds,microstructure,other
data,sub-291b_assay-microstructure_cond-control.csv,thirds-2,microstructure,other
data,sub-291b_assay-microstructure_cond-control.csv,time_1,microstructure,other
data,sub-291b_assay-microstructure_cond-control.csv,time_2,microstructure,other
data,sub-291b_assay-microstructure_cond-control.csv,time_2-1,microstructure,other
data,sub-291b_assay-microstructure_cond-control.csv,time_2-2,microstructure,other
data,sub-291b_assay-microstructure_cond-control.csv,trace,microstructure,other
data,sub-291b_assay-microstructure_cond-control.csv,trace-2,microstructure,other
data,sub-291b_assay-microstructure_cond-deprivaiton.csv,activity,microstructure,other
data,sub-291b_assay-microstructure_cond-deprivaiton.csv,activity-2,microstructure,other
data,sub-291b_assay-microstructure_cond-deprivaiton.csv,cond,microstructure,other
data,sub-291b_assay-microstructure_cond-deprivaiton.csv,food,microstructure,other
data,sub-291b_assay-microstructure_cond-deprivaiton.csv,food-2,microstructure,other
data,sub-291b_assay-microstructure_cond-deprivaiton.csv,group,microstructure,other
data,sub-291b_assay-microstructure_cond-deprivaiton.csv,group-2,microstructure,other
data,sub-291b_assay-microstructure_cond-deprivaiton.csv,id,microstructure,other
data,sub-291b_assay-microstructure_cond-deprivaiton.csv,start,microstructure,other
data,sub-291b_assay-microstructure_cond-deprivaiton.csv,start-2,microstructure,other
data,sub-291b_assay-microstructure_cond-deprivaiton.csv,thirds,microstructure,other
data,sub-291b_assay-microstructure_cond-deprivaiton.csv,thirds-2,microstructure,other
data,sub-291b_assay-microstructure_cond-deprivaiton.csv,time_1,microstructure,other
data,sub-291b_assay-microstructure_cond-deprivaiton.csv,time_2,microstructure,other
data,sub-291b_assay-microstructure_cond-deprivaiton.csv,time_2-1,microstructure,other
data,sub-291b_assay-microstructure_cond-deprivaiton.csv,time_2-2,microstructure,other
data,sub-291b_assay-microstructure_cond-deprivaiton.csv,trace,microstructure,other
data,sub-291b_assay-microstructure_cond-deprivaiton.csv,trace-2,microstructure,other
data,sub-2a94_assay-microstructure_timepoint-a.csv,activity,microstructure,other
data,sub-2a94_assay-microstructure_timepoint-a.csv,food,microstructure,other
data,sub-2a94_assay-microstructure_timepoint-a.csv,group,microstructure,other
data,sub-2a94_assay-microstructure_timepoint-a.csv,id,microstructure,other
data,sub-2a94_assay-microstructure_timepoint-a.csv,start,microstructure,other
data,sub-2a94_assay-microstructure_timepoint-a.csv,time1,microstructure,other
data,sub-2a94_assay-microstructure_timepoint-a.csv,time2,microstructure,other
data,sub-2a94_assay-microstructure_timepoint-a.csv,timepoint,microstructure,other
data,sub-2a94_assay-microstructure_timepoint-a.csv,trace,microstructure,other
data,sub-2a94_assay-microstructure_timepoint-b.csv,activity,microstructure,other
data,sub-2a94_assay-microstructure_timepoint-b.csv,food,microstructure,other
data,sub-2a94_assay-microstructure_timepoint-b.csv,group,microstructure,other
data,sub-2a94_assay-microstructure_timepoint-b.csv,id,microstructure,other
data,sub-2a94_assay-microstructure_timepoint-b.csv,start,microstructure,other
data,sub-2a94_assay-microstructure_timepoint-b.csv,time1,microstructure,other
data,sub-2a94_assay-microstructure_timepoint-b.csv,time2,microstructure,other
data,sub-2a94_assay-microstructure_timepoint-b.csv,timepoint,microstructure,other
data,sub-2a94_assay-microstructure_timepoint-b.csv,trace,microstructure,other
data,sub-2ed4_assay-microstructure_cond-control.csv,activity,microstructure,other
data,sub-2ed4_assay-microstructure_cond-control.csv,activity-2,microstructure,other
data,sub-2ed4_assay-microstructure_cond-control.csv,cond,microstructure,other
data,sub-2ed4_assay-microstructure_cond-control.csv,food,microstructure,other
data,sub-2ed4_assay-microstructure_cond-control.csv,food-2,microstructure,other
data,sub-2ed4_assay-microstructure_cond-control.csv,group,microstructure,other
data,sub-2ed4_assay-microstructure_cond-control.csv,group-2,microstructure,other
data,sub-2ed4_assay-microstructure_cond-control.csv,id,microstructure,other
data,sub-2ed4_assay-microstructure_cond-control.csv,start,microstructure,other
data,sub-2ed4_assay-microstructure_cond-control.csv,start-2,microstructure,other
data,sub-2ed4_assay-microstructure_cond-control.csv,thirds,microstructure,other
data,sub-2ed4_assay-microstructure_cond-control.csv,thirds-2,microstructure,other
data,sub-2ed4_assay-microstructure_cond-control.csv,time_1,microstructure,other
data,sub-2ed4_assay-microstructure_cond-control.csv,time_2,microstructure,other
data,sub-2ed4_assay-microstructure_cond-control.csv,time_2-1,microstructure,other
data,sub-2ed4_assay-microstructure_cond-control.csv,time_2-2,microstructure,other
data,sub-2ed4_assay-microstructure_cond-control.csv,trace,microstructure,other
data,sub-2ed4_assay-microstructure_cond-control.csv,trace-2,microstructure,other
data,sub-2ed4_assay-microstructure_cond-deprivaiton.csv,activity,microstructure,other
data,sub-2ed4_assay-microstructure_cond-deprivaiton.csv,activity-2,microstructure,other
data,sub-2ed4_assay-microstructure_cond-deprivaiton.csv,cond,microstructure,other
data,sub-2ed4_assay-microstructure_cond-deprivaiton.csv,food,microstructure,other
data,sub-2ed4_assay-microstructure_cond-deprivaiton.csv,food-2,microstructure,other
data,sub-2ed4_assay-microstructure_cond-deprivaiton.csv,group,microstructure,other
data,sub-2ed4_assay-microstructure_cond-deprivaiton.csv,group-2,microstructure,other
data,sub-2ed4_assay-microstructure_cond-deprivaiton.csv,id,microstructure,other
data,sub-2ed4_assay-microstructure_cond-deprivaiton.csv,start,microstructure,other
data,sub-2ed4_assay-microstructure_cond-deprivaiton.csv,start-2,microstructure,other
data,sub-2ed4_assay-microstructure_cond-deprivaiton.csv,thirds,microstructure,other
data,sub-2ed4_assay-microstructure_cond-deprivaiton.csv,thirds-2,microstructure,other
data,sub-2ed4_assay-microstructure_cond-deprivaiton.csv,time_1,microstructure,other
data,sub-2ed4_assay-microstructure_cond-deprivaiton.csv,time_2,microstructure,other
data,sub-2ed4_assay-microstructure_cond-deprivaiton.csv,time_2-1,microstructure,other
data,sub-2ed4_assay-microstructure_cond-deprivaiton.csv,time_2-2,microstructure,other
data,sub-2ed4_assay-microstructure_cond-deprivaiton.csv,trace,microstructure,other
data,sub-2ed4_assay-microstructure_cond-deprivaiton.csv,trace-2,microstructure,other
data,sub-31e8_assay-microstructure_timepoint-a.csv,activity,microstructure,other
data,sub-31e8_assay-microstructure_timepoint-a.csv,food,microstructure,other
data,sub-31e8_assay-microstructure_timepoint-a.csv,group,microstructure,other
data,sub-31e8_assay-microstructure_timepoint-a.csv,id,microstructure,other
data,sub-31e8_assay-microstructure_timepoint-a.csv,start,microstructure,other
data,sub-31e8_assay-microstructure_timepoint-a.csv,time1,microstructure,other
data,sub-31e8_assay-microstructure_timepoint-a.csv,time2,microstructure,other
data,sub-31e8_assay-microstructure_timepoint-a.csv,timepoint,microstructure,other
data,sub-31e8_assay-microstructure_timepoint-a.csv,trace,microstructure,other
data,sub-31e8_assay-microstructure_timepoint-b.csv,activity,microstructure,other
data,sub-31e8_assay-microstructure_timepoint-b.csv,food,microstructure,other
data,sub-31e8_assay-microstructure_timepoint-b.csv,group,microstructure,other
data,sub-31e8_assay-microstructure_timepoint-b.csv,id,microstructure,other
data,sub-31e8_assay-microstructure_timepoint-b.csv,start,microstructure,other
data,sub-31e8_assay-microstructure_timepoint-b.csv,time1,microstructure,other
data,sub-31e8_assay-microstructure_timepoint-b.csv,time2,microstructure,other
data,sub-31e8_assay-microstructure_timepoint-b.csv,timepoint,microstructure,other
data,sub-31e8_assay-microstructure_timepoint-b.csv,trace,microstructure,other
data,sub-3520_assay-microstructure_timepoint-a.csv,activity,microstructure,other
data,sub-3520_assay-microstructure_timepoint-a.csv,food,microstructure,other
data,sub-3520_assay-microstructure_timepoint-a.csv,group,microstructure,other
data,sub-3520_assay-microstructure_timepoint-a.csv,id,microstructure,other
data,sub-3520_assay-microstructure_timepoint-a.csv,start,microstructure,other
data,sub-3520_assay-microstructure_timepoint-a.csv,time1,microstructure,other
data,sub-3520_assay-microstructure_timepoint-a.csv,time2,microstructure,other
data,sub-3520_assay-microstructure_timepoint-a.csv,timepoint,microstructure,other
data,sub-3520_assay-microstructure_timepoint-a.csv,trace,microstructure,other
data,sub-3520_assay-microstructure_timepoint-b.csv,activity,microstructure,other
data,sub-3520_assay-microstructure_timepoint-b.csv,food,microstructure,other
data,sub-3520_assay-microstructure_timepoint-b.csv,group,microstructure,other
data,sub-3520_assay-microstructure_timepoint-b.csv,id,microstructure,other
data,sub-3520_assay-microstructure_timepoint-b.csv,start,microstructure,other
data,sub-3520_assay-microstructure_timepoint-b.csv,time1,microstructure,other
data,sub-3520_assay-microstructure_timepoint-b.csv,time2,microstructure,other
data,sub-3520_assay-microstructure_timepoint-b.csv,timepoint,microstructure,other
data,sub-3520_assay-microstructure_timepoint-b.csv,trace,microstructure,other
data,sub-3749_assay-microstructure_timepoint-a.csv,activity,microstructure,other
data,sub-3749_assay-microstructure_timepoint-a.csv,food,microstructure,other
data,sub-3749_assay-microstructure_timepoint-a.csv,group,microstructure,other
data,sub-3749_assay-microstructure_timepoint-a.csv,id,microstructure,other
data,sub-3749_assay-microstructure_timepoint-a.csv,start,microstructure,other
data,sub-3749_assay-microstructure_timepoint-a.csv,time1,microstructure,other
data,sub-3749_assay-microstructure_timepoint-a.csv,time2,microstructure,other
data,sub-3749_assay-microstructure_timepoint-a.csv,timepoint,microstructure,other
data,sub-3749_assay-microstructure_timepoint-a.csv,trace,microstructure,other
data,sub-3749_assay-microstructure_timepoint-b.csv,activity,microstructure,other
data,sub-3749_assay-microstructure_timepoint-b.csv,food,microstructure,other
data,sub-3749_assay-microstructure_timepoint-b.csv,group,microstructure,other
data,sub-3749_assay-microstructure_timepoint-b.csv,id,microstructure,other
data,sub-3749_assay-microstructure_timepoint-b.csv,start,microstructure,other
data,sub-3749_assay-microstructure_timepoint-b.csv,time1,microstructure,other
data,sub-3749_assay-microstructure_timepoint-b.csv,time2,microstructure,other
data,sub-3749_assay-microstructure_timepoint-b.csv,timepoint,microstructure,other
data,sub-3749_assay-microstructure_timepoint-b.csv,trace,microstructure,other
data,sub-3ba4_assay-microstructure_timepoint-a.csv,activity,microstructure,other
data,sub-3ba4_assay-microstructure_timepoint-a.csv,food,microstructure,other
data,sub-3ba4_assay-microstructure_timepoint-a.csv,group,microstructure,other
data,sub-3ba4_assay-microstructure_timepoint-a.csv,id,microstructure,other
data,sub-3ba4_assay-microstructure_timepoint-a.csv,start,microstructure,other
data,sub-3ba4_assay-microstructure_timepoint-a.csv,time1,microstructure,other
data,sub-3ba4_assay-microstructure_timepoint-a.csv,time2,microstructure,other
data,sub-3ba4_assay-microstructure_timepoint-a.csv,timepoint,microstructure,other
data,sub-3ba4_assay-microstructure_timepoint-a.csv,trace,microstructure,other
data,sub-3ba4_assay-microstructure_timepoint-b.csv,activity,microstructure,other
data,sub-3ba4_assay-microstructure_timepoint-b.csv,food,microstructure,other
data,sub-3ba4_assay-microstructure_timepoint-b.csv,group,microstructure,other
data,sub-3ba4_assay-microstructure_timepoint-b.csv,id,microstructure,other
data,sub-3ba4_assay-microstructure_timepoint-b.csv,start,microstructure,other
data,sub-3ba4_assay-microstructure_timepoint-b.csv,time1,microstructure,other
data,sub-3ba4_assay-microstructure_timepoint-b.csv,time2,microstructure,other
data,sub-3ba4_assay-microstructure_timepoint-b.csv,timepoint,microstructure,other
data,sub-3ba4_assay-microstructure_timepoint-b.csv,trace,microstructure,other
data,sub-408d_assay-microstructure_cond-control.csv,activity,microstructure,other
data,sub-408d_assay-microstructure_cond-control.csv,activity-2,microstructure,other
data,sub-408d_assay-microstructure_cond-control.csv,cond,microstructure,other
data,sub-408d_assay-microstructure_cond-control.csv,food,microstructure,other
data,sub-408d_assay-microstructure_cond-control.csv,food-2,microstructure,other
data,sub-408d_assay-microstructure_cond-control.csv,group,microstructure,other
data,sub-408d_assay-microstructure_cond-control.csv,group-2,microstructure,other
data,sub-408d_assay-microstructure_cond-control.csv,id,microstructure,other
data,sub-408d_assay-microstructure_cond-control.csv,start,microstructure,other
data,sub-408d_assay-microstructure_cond-control.csv,start-2,microstructure,other
data,sub-408d_assay-microstructure_cond-control.csv,thirds,microstructure,other
data,sub-408d_assay-microstructure_cond-control.csv,thirds-2,microstructure,other
data,sub-408d_assay-microstructure_cond-control.csv,time_1,microstructure,other
data,sub-408d_assay-microstructure_cond-control.csv,time_2,microstructure,other
data,sub-408d_assay-microstructure_cond-control.csv,time_2-1,microstructure,other
data,sub-408d_assay-microstructure_cond-control.csv,time_2-2,microstructure,other
data,sub-408d_assay-microstructure_cond-control.csv,trace,microstructure,other
data,sub-408d_assay-microstructure_cond-control.csv,trace-2,microstructure,other
data,sub-408d_assay-microstructure_cond-deprivaiton.csv,activity,microstructure,other
data,sub-408d_assay-microstructure_cond-deprivaiton.csv,activity-2,microstructure,other
data,sub-408d_assay-microstructure_cond-deprivaiton.csv,cond,microstructure,other
data,sub-408d_assay-microstructure_cond-deprivaiton.csv,food,microstructure,other
data,sub-408d_assay-microstructure_cond-deprivaiton.csv,food-2,microstructure,other
data,sub-408d_assay-microstructure_cond-deprivaiton.csv,group,microstructure,other
data,sub-408d_assay-microstructure_cond-deprivaiton.csv,group-2,microstructure,other
data,sub-408d_assay-microstructure_cond-deprivaiton.csv,id,microstructure,other
data,sub-408d_assay-microstructure_cond-deprivaiton.csv,start,microstructure,other
data,sub-408d_assay-microstructure_cond-deprivaiton.csv,start-2,microstructure,other
data,sub-408d_assay-microstructure_cond-deprivaiton.csv,thirds,microstructure,other
data,sub-408d_assay-microstructure_cond-deprivaiton.csv,thirds-2,microstructure,other
data,sub-408d_assay-microstructure_cond-deprivaiton.csv,time_1,microstructure,other
data,sub-408d_assay-microstructure_cond-deprivaiton.csv,time_2,microstructure,other
data,sub-408d_assay-microstructure_cond-deprivaiton.csv,time_2-1,microstructure,other
data,sub-408d_assay-microstructure_cond-deprivaiton.csv,time_2-2,microstructure,other
data,sub-408d_assay-microstructure_cond-deprivaiton.csv,trace,microstructure,other
data,sub-408d_assay-microstructure_cond-deprivaiton.csv,trace-2,microstructure,other
data,sub-4299_assay-microstructure_timepoint-a.csv,activity,microstructure,other
data,sub-4299_assay-microstructure_timepoint-a.csv,food,microstructure,other
data,sub-4299_assay-microstructure_timepoint-a.csv,group,microstructure,other
data,sub-4299_assay-microstructure_timepoint-a.csv,id,microstructure,other
data,sub-4299_assay-microstructure_timepoint-a.csv,start,microstructure,other
data,sub-4299_assay-microstructure_timepoint-a.csv,time1,microstructure,other
data,sub-4299_assay-microstructure_timepoint-a.csv,time2,microstructure,other
data,sub-4299_assay-microstructure_timepoint-a.csv,timepoint,microstructure,other
data,sub-4299_assay-microstructure_timepoint-a.csv,trace,microstructure,other
data,sub-4299_assay-microstructure_timepoint-b.csv,activity,microstructure,other
data,sub-4299_assay-microstructure_timepoint-b.csv,food,microstructure,other
data,sub-4299_assay-microstructure_timepoint-b.csv,group,microstructure,other
data,sub-4299_assay-microstructure_timepoint-b.csv,id,microstructure,other
data,sub-4299_assay-microstructure_timepoint-b.csv,start,microstructure,other
data,sub-4299_assay-microstructure_timepoint-b.csv,time1,microstructure,other
data,sub-4299_assay-microstructure_timepoint-b.csv,time2,microstructure,other
data,sub-4299_assay-microstructure_timepoint-b.csv,timepoint,microstructure,other
data,sub-4299_assay-microstructure_timepoint-b.csv,trace,microstructure,other
data,sub-42c5_assay-microstructure_cond-control.csv,activity,microstructure,other
data,sub-42c5_assay-microstructure_cond-control.csv,activity-2,microstructure,other
data,sub-42c5_assay-microstructure_cond-control.csv,cond,microstructure,other
data,sub-42c5_assay-microstructure_cond-control.csv,food,microstructure,other
data,sub-42c5_assay-microstructure_cond-control.csv,food-2,microstructure,other
data,sub-42c5_assay-microstructure_cond-control.csv,group,microstructure,other
data,sub-42c5_assay-microstructure_cond-control.csv,group-2,microstructure,other
data,sub-42c5_assay-microstructure_cond-control.csv,id,microstructure,other
data,sub-42c5_assay-microstructure_cond-control.csv,start,microstructure,other
data,sub-42c5_assay-microstructure_cond-control.csv,start-2,microstructure,other
data,sub-42c5_assay-microstructure_cond-control.csv,thirds,microstructure,other
data,sub-42c5_assay-microstructure_cond-control.csv,thirds-2,microstructure,other
data,sub-42c5_assay-microstructure_cond-control.csv,time_1,microstructure,other
data,sub-42c5_assay-microstructure_cond-control.csv,time_2,microstructure,other
data,sub-42c5_assay-microstructure_cond-control.csv,time_2-1,microstructure,other
data,sub-42c5_assay-microstructure_cond-control.csv,time_2-2,microstructure,other
data,sub-42c5_assay-microstructure_cond-control.csv,trace,microstructure,other
data,sub-42c5_assay-microstructure_cond-control.csv,trace-2,microstructure,other
data,sub-42c5_assay-microstructure_cond-deprivaiton.csv,activity,microstructure,other
data,sub-42c5_assay-microstructure_cond-deprivaiton.csv,activity-2,microstructure,other
data,sub-42c5_assay-microstructure_cond-deprivaiton.csv,cond,microstructure,other
data,sub-42c5_assay-microstructure_cond-deprivaiton.csv,food,microstructure,other
data,sub-42c5_assay-microstructure_cond-deprivaiton.csv,food-2,microstructure,other
data,sub-42c5_assay-microstructure_cond-deprivaiton.csv,group,microstructure,other
data,sub-42c5_assay-microstructure_cond-deprivaiton.csv,group-2,microstructure,other
data,sub-42c5_assay-microstructure_cond-deprivaiton.csv,id,microstructure,other
data,sub-42c5_assay-microstructure_cond-deprivaiton.csv,start,microstructure,other
data,sub-42c5_assay-microstructure_cond-deprivaiton.csv,start-2,microstructure,other
data,sub-42c5_assay-microstructure_cond-deprivaiton.csv,thirds,microstructure,other
data,sub-42c5_assay-microstructure_cond-deprivaiton.csv,thirds-2,microstructure,other
data,sub-42c5_assay-microstructure_cond-deprivaiton.csv,time_1,microstructure,other
data,sub-42c5_assay-microstructure_cond-deprivaiton.csv,time_2,microstructure,other
data,sub-42c5_assay-microstructure_cond-deprivaiton.csv,time_2-1,microstructure,other
data,sub-42c5_assay-microstructure_cond-deprivaiton.csv,time_2-2,microstructure,other
data,sub-42c5_assay-microstructure_cond-deprivaiton.csv,trace,microstructure,other
data,sub-42c5_assay-microstructure_cond-deprivaiton.csv,trace-2,microstructure,other
data,sub-42ff_assay-microstructure_timepoint-a.csv,activity,microstructure,other
data,sub-42ff_assay-microstructure_timepoint-a.csv,food,microstructure,other
data,sub-42ff_assay-microstructure_timepoint-a.csv,group,microstructure,other
data,sub-42ff_assay-microstructure_timepoint-a.csv,id,microstructure,other
data,sub-42ff_assay-microstructure_timepoint-a.csv,start,microstructure,other
data,sub-42ff_assay-microstructure_timepoint-a.csv,time1,microstructure,other
data,sub-42ff_assay-microstructure_timepoint-a.csv,time2,microstructure,other
data,sub-42ff_assay-microstructure_timepoint-a.csv,timepoint,microstructure,other
data,sub-42ff_assay-microstructure_timepoint-a.csv,trace,microstructure,other
data,sub-42ff_assay-microstructure_timepoint-b.csv,activity,microstructure,other
data,sub-42ff_assay-microstructure_timepoint-b.csv,food,microstructure,other
data,sub-42ff_assay-microstructure_timepoint-b.csv,group,microstructure,other
data,sub-42ff_assay-microstructure_timepoint-b.csv,id,microstructure,other
data,sub-42ff_assay-microstructure_timepoint-b.csv,start,microstructure,other
data,sub-42ff_assay-microstructure_timepoint-b.csv,time1,microstructure,other
data,sub-42ff_assay-microstructure_timepoint-b.csv,time2,microstructure,other
data,sub-42ff_assay-microstructure_timepoint-b.csv,timepoint,microstructure,other
data,sub-42ff_assay-microstructure_timepoint-b.csv,trace,microstructure,other
data,sub-4325_assay-microstructure_timepoint-a.csv,activity,microstructure,other
data,sub-4325_assay-microstructure_timepoint-a.csv,food,microstructure,other
data,sub-4325_assay-microstructure_timepoint-a.csv,group,microstructure,other
data,sub-4325_assay-microstructure_timepoint-a.csv,id,microstructure,other
data,sub-4325_assay-microstructure_timepoint-a.csv,start,microstructure,other
data,sub-4325_assay-microstructure_timepoint-a.csv,time1,microstructure,other
data,sub-4325_assay-microstructure_timepoint-a.csv,time2,microstructure,other
data,sub-4325_assay-microstructure_timepoint-a.csv,timepoint,microstructure,other
data,sub-4325_assay-microstructure_timepoint-a.csv,trace,microstructure,other
data,sub-4325_assay-microstructure_timepoint-b.csv,activity,microstructure,other
data,sub-4325_assay-microstructure_timepoint-b.csv,food,microstructure,other
data,sub-4325_assay-microstructure_timepoint-b.csv,group,microstructure,other
data,sub-4325_assay-microstructure_timepoint-b.csv,id,microstructure,other
data,sub-4325_assay-microstructure_timepoint-b.csv,start,microstructure,other
data,sub-4325_assay-microstructure_timepoint-b.csv,time1,microstructure,other
data,sub-4325_assay-microstructure_timepoint-b.csv,time2,microstructure,other
data,sub-4325_assay-microstructure_timepoint-b.csv,timepoint,microstructure,other
data,sub-4325_assay-microstructure_timepoint-b.csv,trace,microstructure,other
data,sub-43c1_assay-microstructure_timepoint-a.csv,activity,microstructure,other
data,sub-43c1_assay-microstructure_timepoint-a.csv,food,microstructure,other
data,sub-43c1_assay-microstructure_timepoint-a.csv,group,microstructure,other
data,sub-43c1_assay-microstructure_timepoint-a.csv,id,microstructure,other
data,sub-43c1_assay-microstructure_timepoint-a.csv,start,microstructure,other
data,sub-43c1_assay-microstructure_timepoint-a.csv,time1,microstructure,other
data,sub-43c1_assay-microstructure_timepoint-a.csv,time2,microstructure,other
data,sub-43c1_assay-microstructure_timepoint-a.csv,timepoint,microstructure,other
data,sub-43c1_assay-microstructure_timepoint-a.csv,trace,microstructure,other
data,sub-43c1_assay-microstructure_timepoint-b.csv,activity,microstructure,other
data,sub-43c1_assay-microstructure_timepoint-b.csv,food,microstructure,other
data,sub-43c1_assay-microstructure_timepoint-b.csv,group,microstructure,other
data,sub-43c1_assay-microstructure_timepoint-b.csv,id,microstructure,other
data,sub-43c1_assay-microstructure_timepoint-b.csv,start,microstructure,other
data,sub-43c1_assay-microstructure_timepoint-b.csv,time1,microstructure,other
data,sub-43c1_assay-microstructure_timepoint-b.csv,time2,microstructure,other
data,sub-43c1_assay-microstructure_timepoint-b.csv,timepoint,microstructure,other
data,sub-43c1_assay-microstructure_timepoint-b.csv,trace,microstructure,other
data,sub-44e6_assay-microstructure_cond-control.csv,activity,microstructure,other
data,sub-44e6_assay-microstructure_cond-control.csv,activity-2,microstructure,other
data,sub-44e6_assay-microstructure_cond-control.csv,cond,microstructure,other
data,sub-44e6_assay-microstructure_cond-control.csv,food,microstructure,other
data,sub-44e6_assay-microstructure_cond-control.csv,food-2,microstructure,other
data,sub-44e6_assay-microstructure_cond-control.csv,id,microstructure,other
data,sub-44e6_assay-microstructure_cond-control.csv,start,microstructure,other
data,sub-44e6_assay-microstructure_cond-control.csv,start-2,microstructure,other
data,sub-44e6_assay-microstructure_cond-control.csv,time_1,microstructure,other
data,sub-44e6_assay-microstructure_cond-control.csv,time_2,microstructure,other
data,sub-44e6_assay-microstructure_cond-control.csv,time_2-1,microstructure,other
data,sub-44e6_assay-microstructure_cond-control.csv,time_2-2,microstructure,other
data,sub-44e6_assay-microstructure_cond-control.csv,trace,microstructure,other
data,sub-44e6_assay-microstructure_cond-control.csv,trace-2,microstructure,other
data,sub-44e6_assay-microstructure_cond-deprivaiton.csv,activity,microstructure,other
data,sub-44e6_assay-microstructure_cond-deprivaiton.csv,activity-2,microstructure,other
data,sub-44e6_assay-microstructure_cond-deprivaiton.csv,cond,microstructure,other
data,sub-44e6_assay-microstructure_cond-deprivaiton.csv,food,microstructure,other
data,sub-44e6_assay-microstructure_cond-deprivaiton.csv,food-2,microstructure,other
data,sub-44e6_assay-microstructure_cond-deprivaiton.csv,id,microstructure,other
data,sub-44e6_assay-microstructure_cond-deprivaiton.csv,start,microstructure,other
data,sub-44e6_assay-microstructure_cond-deprivaiton.csv,start-2,microstructure,other
data,sub-44e6_assay-microstructure_cond-deprivaiton.csv,time_1,microstructure,other
data,sub-44e6_assay-microstructure_cond-deprivaiton.csv,time_2,microstructure,other
data,sub-44e6_assay-microstructure_cond-deprivaiton.csv,time_2-1,microstructure,other
data,sub-44e6_assay-microstructure_cond-deprivaiton.csv,time_2-2,microstructure,other
data,sub-44e6_assay-microstructure_cond-deprivaiton.csv,trace,microstructure,other
data,sub-44e6_assay-microstructure_cond-deprivaiton.csv,trace-2,microstructure,other
data,sub-44fa_assay-microstructure_cond-control.csv,activity,microstructure,other
data,sub-44fa_assay-microstructure_cond-control.csv,activity-2,microstructure,other
data,sub-44fa_assay-microstructure_cond-control.csv,cond,microstructure,other
data,sub-44fa_assay-microstructure_cond-control.csv,food,microstructure,other
data,sub-44fa_assay-microstructure_cond-control.csv,food-2,microstructure,other
data,sub-44fa_assay-microstructure_cond-control.csv,group,microstructure,other
data,sub-44fa_assay-microstructure_cond-control.csv,group-2,microstructure,other
data,sub-44fa_assay-microstructure_cond-control.csv,id,microstructure,other
data,sub-44fa_assay-microstructure_cond-control.csv,start,microstructure,other
data,sub-44fa_assay-microstructure_cond-control.csv,start-2,microstructure,other
data,sub-44fa_assay-microstructure_cond-control.csv,thirds,microstructure,other
data,sub-44fa_assay-microstructure_cond-control.csv,thirds-2,microstructure,other
data,sub-44fa_assay-microstructure_cond-control.csv,time_1,microstructure,other
data,sub-44fa_assay-microstructure_cond-control.csv,time_2,microstructure,other
data,sub-44fa_assay-microstructure_cond-control.csv,time_2-1,microstructure,other
data,sub-44fa_assay-microstructure_cond-control.csv,time_2-2,microstructure,other
data,sub-44fa_assay-microstructure_cond-control.csv,trace,microstructure,other
data,sub-44fa_assay-microstructure_cond-control.csv,trace-2,microstructure,other
data,sub-44fa_assay-microstructure_cond-deprivaiton.csv,activity,microstructure,other
data,sub-44fa_assay-microstructure_cond-deprivaiton.csv,activity-2,microstructure,other
data,sub-44fa_assay-microstructure_cond-deprivaiton.csv,cond,microstructure,other
data,sub-44fa_assay-microstructure_cond-deprivaiton.csv,food,microstructure,other
data,sub-44fa_assay-microstructure_cond-deprivaiton.csv,food-2,microstructure,other
data,sub-44fa_assay-microstructure_cond-deprivaiton.csv,group,microstructure,other
data,sub-44fa_assay-microstructure_cond-deprivaiton.csv,group-2,microstructure,other
data,sub-44fa_assay-microstructure_cond-deprivaiton.csv,id,microstructure,other
data,sub-44fa_assay-microstructure_cond-deprivaiton.csv,start,microstructure,other
data,sub-44fa_assay-microstructure_cond-deprivaiton.csv,start-2,microstructure,other
data,sub-44fa_assay-microstructure_cond-deprivaiton.csv,thirds,microstructure,other
data,sub-44fa_assay-microstructure_cond-deprivaiton.csv,thirds-2,microstructure,other
data,sub-44fa_assay-microstructure_cond-deprivaiton.csv,time_1,microstructure,other
data,sub-44fa_assay-microstructure_cond-deprivaiton.csv,time_2,microstructure,other
data,sub-44fa_assay-microstructure_cond-deprivaiton.csv,time_2-1,microstructure,other
data,sub-44fa_assay-microstructure_cond-deprivaiton.csv,time_2-2,microstructure,other
data,sub-44fa_assay-microstructure_cond-deprivaiton.csv,trace,microstructure,other
data,sub-44fa_assay-microstructure_cond-deprivaiton.csv,trace-2,microstructure,other
data,sub-46db_assay-microstructure_cond-control.csv,activity,microstructure,other
data,sub-46db_assay-microstructure_cond-control.csv,activity-2,microstructure,other
data,sub-46db_assay-microstructure_cond-control.csv,cond,microstructure,other
data,sub-46db_assay-microstructure_cond-control.csv,food,microstructure,other
data,sub-46db_assay-microstructure_cond-control.csv,food-2,microstructure,other
data,sub-46db_assay-microstructure_cond-control.csv,group,microstructure,other
data,sub-46db_assay-microstructure_cond-control.csv,group-2,microstructure,other
data,sub-46db_assay-microstructure_cond-control.csv,id,microstructure,other
data,sub-46db_assay-microstructure_cond-control.csv,start,microstructure,other
data,sub-46db_assay-microstructure_cond-control.csv,start-2,microstructure,other
data,sub-46db_assay-microstructure_cond-control.csv,time_1,microstructure,other
data,sub-46db_assay-microstructure_cond-control.csv,time_2,microstructure,other
data,sub-46db_assay-microstructure_cond-control.csv,time_2-1,microstructure,other
data,sub-46db_assay-microstructure_cond-control.csv,time_2-2,microstructure,other
data,sub-46db_assay-microstructure_cond-control.csv,trace,microstructure,other
data,sub-46db_assay-microstructure_cond-control.csv,trace-2,microstructure,other
data,sub-46db_assay-microstructure_cond-deprivaiton.csv,activity,microstructure,other
data,sub-46db_assay-microstructure_cond-deprivaiton.csv,activity-2,microstructure,other
data,sub-46db_assay-microstructure_cond-deprivaiton.csv,cond,microstructure,other
data,sub-46db_assay-microstructure_cond-deprivaiton.csv,food,microstructure,other
data,sub-46db_assay-microstructure_cond-deprivaiton.csv,food-2,microstructure,other
data,sub-46db_assay-microstructure_cond-deprivaiton.csv,group,microstructure,other
data,sub-46db_assay-microstructure_cond-deprivaiton.csv,group-2,microstructure,other
data,sub-46db_assay-microstructure_cond-deprivaiton.csv,id,microstructure,other
data,sub-46db_assay-microstructure_cond-deprivaiton.csv,start,microstructure,other
data,sub-46db_assay-microstructure_cond-deprivaiton.csv,start-2,microstructure,other
data,sub-46db_assay-microstructure_cond-deprivaiton.csv,time_1,microstructure,other
data,sub-46db_assay-microstructure_cond-deprivaiton.csv,time_2,microstructure,other
data,sub-46db_assay-microstructure_cond-deprivaiton.csv,time_2-1,microstructure,other
data,sub-46db_assay-microstructure_cond-deprivaiton.csv,time_2-2,microstructure,other
data,sub-46db_assay-microstructure_cond-deprivaiton.csv,trace,microstructure,other
data,sub-46db_assay-microstructure_cond-deprivaiton.csv,trace-2,microstructure,other
data,sub-4750_assay-microstructure_cond-control.csv,activity,microstructure,other
data,sub-4750_assay-microstructure_cond-control.csv,activity-2,microstructure,other
data,sub-4750_assay-microstructure_cond-control.csv,cond,microstructure,other
data,sub-4750_assay-microstructure_cond-control.csv,food,microstructure,other
data,sub-4750_assay-microstructure_cond-control.csv,food-2,microstructure,other
data,sub-4750_assay-microstructure_cond-control.csv,group,microstructure,other
data,sub-4750_assay-microstructure_cond-control.csv,group-2,microstructure,other
data,sub-4750_assay-microstructure_cond-control.csv,id,microstructure,other
data,sub-4750_assay-microstructure_cond-control.csv,start,microstructure,other
data,sub-4750_assay-microstructure_cond-control.csv,start-2,microstructure,other
data,sub-4750_assay-microstructure_cond-control.csv,thirds,microstructure,other
data,sub-4750_assay-microstructure_cond-control.csv,thirds-2,microstructure,other
data,sub-4750_assay-microstructure_cond-control.csv,time_1,microstructure,other
data,sub-4750_assay-microstructure_cond-control.csv,time_2,microstructure,other
data,sub-4750_assay-microstructure_cond-control.csv,time_2-1,microstructure,other
data,sub-4750_assay-microstructure_cond-control.csv,time_2-2,microstructure,other
data,sub-4750_assay-microstructure_cond-control.csv,trace,microstructure,other
data,sub-4750_assay-microstructure_cond-control.csv,trace-2,microstructure,other
data,sub-4750_assay-microstructure_cond-deprivaiton.csv,activity,microstructure,other
data,sub-4750_assay-microstructure_cond-deprivaiton.csv,activity-2,microstructure,other
data,sub-4750_assay-microstructure_cond-deprivaiton.csv,cond,microstructure,other
data,sub-4750_assay-microstructure_cond-deprivaiton.csv,food,microstructure,other
data,sub-4750_assay-microstructure_cond-deprivaiton.csv,food-2,microstructure,other
data,sub-4750_assay-microstructure_cond-deprivaiton.csv,group,microstructure,other
data,sub-4750_assay-microstructure_cond-deprivaiton.csv,group-2,microstructure,other
data,sub-4750_assay-microstructure_cond-deprivaiton.csv,id,microstructure,other
data,sub-4750_assay-microstructure_cond-deprivaiton.csv,start,microstructure,other
data,sub-4750_assay-microstructure_cond-deprivaiton.csv,start-2,microstructure,other
data,sub-4750_assay-microstructure_cond-deprivaiton.csv,thirds,microstructure,other
data,sub-4750_assay-microstructure_cond-deprivaiton.csv,thirds-2,microstructure,other
data,sub-4750_assay-microstructure_cond-deprivaiton.csv,time_1,microstructure,other
data,sub-4750_assay-microstructure_cond-deprivaiton.csv,time_2,microstructure,other
data,sub-4750_assay-microstructure_cond-deprivaiton.csv,time_2-1,microstructure,other
data,sub-4750_assay-microstructure_cond-deprivaiton.csv,time_2-2,microstructure,other
data,sub-4750_assay-microstructure_cond-deprivaiton.csv,trace,microstructure,other
data,sub-4750_assay-microstructure_cond-deprivaiton.csv,trace-2,microstructure,other
data,sub-4769_assay-microstructure_cond-control.csv,activity,microstructure,other
data,sub-4769_assay-microstructure_cond-control.csv,activity-2,microstructure,other
data,sub-4769_assay-microstructure_cond-control.csv,cond,microstructure,other
data,sub-4769_assay-microstructure_cond-control.csv,food,microstructure,other
data,sub-4769_assay-microstructure_cond-control.csv,food-2,microstructure,other
data,sub-4769_assay-microstructure_cond-control.csv,group,microstructure,other
data,sub-4769_assay-microstructure_cond-control.csv,group-2,microstructure,other
data,sub-4769_assay-microstructure_cond-control.csv,id,microstructure,other
data,sub-4769_assay-microstructure_cond-control.csv,start,microstructure,other
data,sub-4769_assay-microstructure_cond-control.csv,start-2,microstructure,other
data,sub-4769_assay-microstructure_cond-control.csv,thirds,microstructure,other
data,sub-4769_assay-microstructure_cond-control.csv,thirds-2,microstructure,other
data,sub-4769_assay-microstructure_cond-control.csv,time_1,microstructure,other
data,sub-4769_assay-microstructure_cond-control.csv,time_2,microstructure,other
data,sub-4769_assay-microstructure_cond-control.csv,time_2-1,microstructure,other
data,sub-4769_assay-microstructure_cond-control.csv,time_2-2,microstructure,other
data,sub-4769_assay-microstructure_cond-control.csv,trace,microstructure,other
data,sub-4769_assay-microstructure_cond-control.csv,trace-2,microstructure,other
data,sub-4769_assay-microstructure_cond-deprivaiton.csv,activity,microstructure,other
data,sub-4769_assay-microstructure_cond-deprivaiton.csv,activity-2,microstructure,other
data,sub-4769_assay-microstructure_cond-deprivaiton.csv,cond,microstructure,other
data,sub-4769_assay-microstructure_cond-deprivaiton.csv,food,microstructure,other
data,sub-4769_assay-microstructure_cond-deprivaiton.csv,food-2,microstructure,other
data,sub-4769_assay-microstructure_cond-deprivaiton.csv,group,microstructure,other
data,sub-4769_assay-microstructure_cond-deprivaiton.csv,group-2,microstructure,other
data,sub-4769_assay-microstructure_cond-deprivaiton.csv,id,microstructure,other
data,sub-4769_assay-microstructure_cond-deprivaiton.csv,start,microstructure,other
data,sub-4769_assay-microstructure_cond-deprivaiton.csv,start-2,microstructure,other
data,sub-4769_assay-microstructure_cond-deprivaiton.csv,thirds,microstructure,other
data,sub-4769_assay-microstructure_cond-deprivaiton.csv,thirds-2,microstructure,other
data,sub-4769_assay-microstructure_cond-deprivaiton.csv,time_1,microstructure,other
data,sub-4769_assay-microstructure_cond-deprivaiton.csv,time_2,microstructure,other
data,sub-4769_assay-microstructure_cond-deprivaiton.csv,time_2-1,microstructure,other
data,sub-4769_assay-microstructure_cond-deprivaiton.csv,time_2-2,microstructure,other
data,sub-4769_assay-microstructure_cond-deprivaiton.csv,trace,microstructure,other
data,sub-4769_assay-microstructure_cond-deprivaiton.csv,trace-2,microstructure,other
data,sub-4805_assay-microstructure_timepoint-a.csv,activity,microstructure,other
data,sub-4805_assay-microstructure_timepoint-a.csv,food,microstructure,other
data,sub-4805_assay-microstructure_timepoint-a.csv,group,microstructure,other
data,sub-4805_assay-microstructure_timepoint-a.csv,id,microstructure,other
data,sub-4805_assay-microstructure_timepoint-a.csv,start,microstructure,other
data,sub-4805_assay-microstructure_timepoint-a.csv,time1,microstructure,other
data,sub-4805_assay-microstructure_timepoint-a.csv,time2,microstructure,other
data,sub-4805_assay-microstructure_timepoint-a.csv,timepoint,microstructure,other
data,sub-4805_assay-microstructure_timepoint-a.csv,trace,microstructure,other
data,sub-4805_assay-microstructure_timepoint-b.csv,activity,microstructure,other
data,sub-4805_assay-microstructure_timepoint-b.csv,food,microstructure,other
data,sub-4805_assay-microstructure_timepoint-b.csv,group,microstructure,other
data,sub-4805_assay-microstructure_timepoint-b.csv,id,microstructure,other
data,sub-4805_assay-microstructure_timepoint-b.csv,start,microstructure,other
data,sub-4805_assay-microstructure_timepoint-b.csv,time1,microstructure,other
data,sub-4805_assay-microstructure_timepoint-b.csv,time2,microstructure,other
data,sub-4805_assay-microstructure_timepoint-b.csv,timepoint,microstructure,other
data,sub-4805_assay-microstructure_timepoint-b.csv,trace,microstructure,other
data,sub-4b22_assay-microstructure_timepoint-a.csv,activity,microstructure,other
data,sub-4b22_assay-microstructure_timepoint-a.csv,food,microstructure,other
data,sub-4b22_assay-microstructure_timepoint-a.csv,group,microstructure,other
data,sub-4b22_assay-microstructure_timepoint-a.csv,id,microstructure,other
data,sub-4b22_assay-microstructure_timepoint-a.csv,start,microstructure,other
data,sub-4b22_assay-microstructure_timepoint-a.csv,time1,microstructure,other
data,sub-4b22_assay-microstructure_timepoint-a.csv,time2,microstructure,other
data,sub-4b22_assay-microstructure_timepoint-a.csv,timepoint,microstructure,other
data,sub-4b22_assay-microstructure_timepoint-a.csv,trace,microstructure,other
data,sub-4b22_assay-microstructure_timepoint-b.csv,activity,microstructure,other
data,sub-4b22_assay-microstructure_timepoint-b.csv,food,microstructure,other
data,sub-4b22_assay-microstructure_timepoint-b.csv,group,microstructure,other
data,sub-4b22_assay-microstructure_timepoint-b.csv,id,microstructure,other
data,sub-4b22_assay-microstructure_timepoint-b.csv,start,microstructure,other
data,sub-4b22_assay-microstructure_timepoint-b.csv,time1,microstructure,other
data,sub-4b22_assay-microstructure_timepoint-b.csv,time2,microstructure,other
data,sub-4b22_assay-microstructure_timepoint-b.csv,timepoint,microstructure,other
data,sub-4b22_assay-microstructure_timepoint-b.csv,trace,microstructure,other
data,sub-4ca4_assay-microstructure_cond-control.csv,activity,microstructure,other
data,sub-4ca4_assay-microstructure_cond-control.csv,activity-2,microstructure,other
data,sub-4ca4_assay-microstructure_cond-control.csv,cond,microstructure,other
data,sub-4ca4_assay-microstructure_cond-control.csv,food,microstructure,other
data,sub-4ca4_assay-microstructure_cond-control.csv,food-2,microstructure,other
data,sub-4ca4_assay-microstructure_cond-control.csv,group,microstructure,other
data,sub-4ca4_assay-microstructure_cond-control.csv,group-2,microstructure,other
data,sub-4ca4_assay-microstructure_cond-control.csv,id,microstructure,other
data,sub-4ca4_assay-microstructure_cond-control.csv,start,microstructure,other
data,sub-4ca4_assay-microstructure_cond-control.csv,start-2,microstructure,other
data,sub-4ca4_assay-microstructure_cond-control.csv,thirds,microstructure,other
data,sub-4ca4_assay-microstructure_cond-control.csv,thirds-2,microstructure,other
data,sub-4ca4_assay-microstructure_cond-control.csv,time_1,microstructure,other
data,sub-4ca4_assay-microstructure_cond-control.csv,time_2,microstructure,other
data,sub-4ca4_assay-microstructure_cond-control.csv,time_2-1,microstructure,other
data,sub-4ca4_assay-microstructure_cond-control.csv,time_2-2,microstructure,other
data,sub-4ca4_assay-microstructure_cond-control.csv,trace,microstructure,other
data,sub-4ca4_assay-microstructure_cond-control.csv,trace-2,microstructure,other
data,sub-4ca4_assay-microstructure_cond-deprivaiton.csv,activity,microstructure,other
data,sub-4ca4_assay-microstructure_cond-deprivaiton.csv,activity-2,microstructure,other
data,sub-4ca4_assay-microstructure_cond-deprivaiton.csv,cond,microstructure,other
data,sub-4ca4_assay-microstructure_cond-deprivaiton.csv,food,microstructure,other
data,sub-4ca4_assay-microstructure_cond-deprivaiton.csv,food-2,microstructure,other
data,sub-4ca4_assay-microstructure_cond-deprivaiton.csv,group,microstructure,other
data,sub-4ca4_assay-microstructure_cond-deprivaiton.csv,group-2,microstructure,other
data,sub-4ca4_assay-microstructure_cond-deprivaiton.csv,id,microstructure,other
data,sub-4ca4_assay-microstructure_cond-deprivaiton.csv,start,microstructure,other
data,sub-4ca4_assay-microstructure_cond-deprivaiton.csv,start-2,microstructure,other
data,sub-4ca4_assay-microstructure_cond-deprivaiton.csv,thirds,microstructure,other
data,sub-4ca4_assay-microstructure_cond-deprivaiton.csv,thirds-2,microstructure,other
data,sub-4ca4_assay-microstructure_cond-deprivaiton.csv,time_1,microstructure,other
data,sub-4ca4_assay-microstructure_cond-deprivaiton.csv,time_2,microstructure,other
data,sub-4ca4_assay-microstructure_cond-deprivaiton.csv,time_2-1,microstructure,other
data,sub-4ca4_assay-microstructure_cond-deprivaiton.csv,time_2-2,microstructure,other
data,sub-4ca4_assay-microstructure_cond-deprivaiton.csv,trace,microstructure,other
data,sub-4ca4_assay-microstructure_cond-deprivaiton.csv,trace-2,microstructure,other
data,sub-4d17_assay-microstructure_timepoint-a.csv,activity,microstructure,other
data,sub-4d17_assay-microstructure_timepoint-a.csv,food,microstructure,other
data,sub-4d17_assay-microstructure_timepoint-a.csv,group,microstructure,other
data,sub-4d17_assay-microstructure_timepoint-a.csv,id,microstructure,other
data,sub-4d17_assay-microstructure_timepoint-a.csv,start,microstructure,other
data,sub-4d17_assay-microstructure_timepoint-a.csv,time1,microstructure,other
data,sub-4d17_assay-microstructure_timepoint-a.csv,time2,microstructure,other
data,sub-4d17_assay-microstructure_timepoint-a.csv,timepoint,microstructure,other
data,sub-4d17_assay-microstructure_timepoint-a.csv,trace,microstructure,other
data,sub-4d17_assay-microstructure_timepoint-b.csv,activity,microstructure,other
data,sub-4d17_assay-microstructure_timepoint-b.csv,food,microstructure,other
data,sub-4d17_assay-microstructure_timepoint-b.csv,group,microstructure,other
data,sub-4d17_assay-microstructure_timepoint-b.csv,id,microstructure,other
data,sub-4d17_assay-microstructure_timepoint-b.csv,start,microstructure,other
data,sub-4d17_assay-microstructure_timepoint-b.csv,time1,microstructure,other
data,sub-4d17_assay-microstructure_timepoint-b.csv,time2,microstructure,other
data,sub-4d17_assay-microstructure_timepoint-b.csv,timepoint,microstructure,other
data,sub-4d17_assay-microstructure_timepoint-b.csv,trace,microstructure,other
data,sub-5181_assay-microstructure_cond-control.csv,activity,microstructure,other
data,sub-5181_assay-microstructure_cond-control.csv,activity-2,microstructure,other
data,sub-5181_assay-microstructure_cond-control.csv,cond,microstructure,other
data,sub-5181_assay-microstructure_cond-control.csv,food,microstructure,other
data,sub-5181_assay-microstructure_cond-control.csv,food-2,microstructure,other
data,sub-5181_assay-microstructure_cond-control.csv,group,microstructure,other
data,sub-5181_assay-microstructure_cond-control.csv,group-2,microstructure,other
data,sub-5181_assay-microstructure_cond-control.csv,id,microstructure,other
data,sub-5181_assay-microstructure_cond-control.csv,start,microstructure,other
data,sub-5181_assay-microstructure_cond-control.csv,start-2,microstructure,other
data,sub-5181_assay-microstructure_cond-control.csv,thirds,microstructure,other
data,sub-5181_assay-microstructure_cond-control.csv,thirds-2,microstructure,other
data,sub-5181_assay-microstructure_cond-control.csv,time_1,microstructure,other
data,sub-5181_assay-microstructure_cond-control.csv,time_2,microstructure,other
data,sub-5181_assay-microstructure_cond-control.csv,time_2-1,microstructure,other
data,sub-5181_assay-microstructure_cond-control.csv,time_2-2,microstructure,other
data,sub-5181_assay-microstructure_cond-control.csv,trace,microstructure,other
data,sub-5181_assay-microstructure_cond-control.csv,trace-2,microstructure,other
data,sub-5181_assay-microstructure_cond-deprivaiton.csv,activity,microstructure,other
data,sub-5181_assay-microstructure_cond-deprivaiton.csv,activity-2,microstructure,other
data,sub-5181_assay-microstructure_cond-deprivaiton.csv,cond,microstructure,other
data,sub-5181_assay-microstructure_cond-deprivaiton.csv,food,microstructure,other
data,sub-5181_assay-microstructure_cond-deprivaiton.csv,food-2,microstructure,other
data,sub-5181_assay-microstructure_cond-deprivaiton.csv,group,microstructure,other
data,sub-5181_assay-microstructure_cond-deprivaiton.csv,group-2,microstructure,other
data,sub-5181_assay-microstructure_cond-deprivaiton.csv,id,microstructure,other
data,sub-5181_assay-microstructure_cond-deprivaiton.csv,start,microstructure,other
data,sub-5181_assay-microstructure_cond-deprivaiton.csv,start-2,microstructure,other
data,sub-5181_assay-microstructure_cond-deprivaiton.csv,thirds,microstructure,other
data,sub-5181_assay-microstructure_cond-deprivaiton.csv,thirds-2,microstructure,other
data,sub-5181_assay-microstructure_cond-deprivaiton.csv,time_1,microstructure,other
data,sub-5181_assay-microstructure_cond-deprivaiton.csv,time_2,microstructure,other
data,sub-5181_assay-microstructure_cond-deprivaiton.csv,time_2-1,microstructure,other
data,sub-5181_assay-microstructure_cond-deprivaiton.csv,time_2-2,microstructure,other
data,sub-5181_assay-microstructure_cond-deprivaiton.csv,trace,microstructure,other
data,sub-5181_assay-microstructure_cond-deprivaiton.csv,trace-2,microstructure,other
data,sub-5253_assay-microstructure_cond-control.csv,activity,microstructure,other
data,sub-5253_assay-microstructure_cond-control.csv,activity-2,microstructure,other
data,sub-5253_assay-microstructure_cond-control.csv,cond,microstructure,other
data,sub-5253_assay-microstructure_cond-control.csv,food,microstructure,other
data,sub-5253_assay-microstructure_cond-control.csv,food-2,microstructure,other
data,sub-5253_assay-microstructure_cond-control.csv,group,microstructure,other
data,sub-5253_assay-microstructure_cond-control.csv,group-2,microstructure,other
data,sub-5253_assay-microstructure_cond-control.csv,id,microstructure,other
data,sub-5253_assay-microstructure_cond-control.csv,start,microstructure,other
data,sub-5253_assay-microstructure_cond-control.csv,start-2,microstructure,other
data,sub-5253_assay-microstructure_cond-control.csv,thirds,microstructure,other
data,sub-5253_assay-microstructure_cond-control.csv,thirds-2,microstructure,other
data,sub-5253_assay-microstructure_cond-control.csv,time_1,microstructure,other
data,sub-5253_assay-microstructure_cond-control.csv,time_2,microstructure,other
data,sub-5253_assay-microstructure_cond-control.csv,time_2-1,microstructure,other
data,sub-5253_assay-microstructure_cond-control.csv,time_2-2,microstructure,other
data,sub-5253_assay-microstructure_cond-control.csv,trace,microstructure,other
data,sub-5253_assay-microstructure_cond-control.csv,trace-2,microstructure,other
data,sub-5253_assay-microstructure_cond-deprivaiton.csv,activity,microstructure,other
data,sub-5253_assay-microstructure_cond-deprivaiton.csv,activity-2,microstructure,other
data,sub-5253_assay-microstructure_cond-deprivaiton.csv,cond,microstructure,other
data,sub-5253_assay-microstructure_cond-deprivaiton.csv,food,microstructure,other
data,sub-5253_assay-microstructure_cond-deprivaiton.csv,food-2,microstructure,other
data,sub-5253_assay-microstructure_cond-deprivaiton.csv,gr oup-2,microstructure,other
data,sub-5253_assay-microstructure_cond-deprivaiton.csv,group,microstructure,other
data,sub-5253_assay-microstructure_cond-deprivaiton.csv,id,microstructure,other
data,sub-5253_assay-microstructure_cond-deprivaiton.csv,start,microstructure,other
data,sub-5253_assay-microstructure_cond-deprivaiton.csv,start-2,microstructure,other
data,sub-5253_assay-microstructure_cond-deprivaiton.csv,thirds,microstructure,other
data,sub-5253_assay-microstructure_cond-deprivaiton.csv,thirds-2,microstructure,other
data,sub-5253_assay-microstructure_cond-deprivaiton.csv,time_1,microstructure,other
data,sub-5253_assay-microstructure_cond-deprivaiton.csv,time_2,microstructure,other
data,sub-5253_assay-microstructure_cond-deprivaiton.csv,time_2-1,microstructure,other
data,sub-5253_assay-microstructure_cond-deprivaiton.csv,time_2-2,microstructure,other
data,sub-5253_assay-microstructure_cond-deprivaiton.csv,trace,microstructure,other
data,sub-5253_assay-microstructure_cond-deprivaiton.csv,trace-2,microstructure,other
data,sub-5326_assay-microstructure_cond-control.csv,activity,microstructure,other
data,sub-5326_assay-microstructure_cond-control.csv,activity-2,microstructure,other
data,sub-5326_assay-microstructure_cond-control.csv,cond,microstructure,other
data,sub-5326_assay-microstructure_cond-control.csv,food,microstructure,other
data,sub-5326_assay-microstructure_cond-control.csv,food-2,microstructure,other
data,sub-5326_assay-microstructure_cond-control.csv,group,microstructure,other
data,sub-5326_assay-microstructure_cond-control.csv,group-2,microstructure,other
data,sub-5326_assay-microstructure_cond-control.csv,id,microstructure,other
data,sub-5326_assay-microstructure_cond-control.csv,start,microstructure,other
data,sub-5326_assay-microstructure_cond-control.csv,start-2,microstructure,other
data,sub-5326_assay-microstructure_cond-control.csv,thirds,microstructure,other
data,sub-5326_assay-microstructure_cond-control.csv,thirds-2,microstructure,other
data,sub-5326_assay-microstructure_cond-control.csv,time_1,microstructure,other
data,sub-5326_assay-microstructure_cond-control.csv,time_2,microstructure,other
data,sub-5326_assay-microstructure_cond-control.csv,time_2-1,microstructure,other
data,sub-5326_assay-microstructure_cond-control.csv,time_2-2,microstructure,other
data,sub-5326_assay-microstructure_cond-control.csv,trace,microstructure,other
data,sub-5326_assay-microstructure_cond-control.csv,trace-2,microstructure,other
data,sub-5326_assay-microstructure_cond-deprivaiton.csv,activity,microstructure,other
data,sub-5326_assay-microstructure_cond-deprivaiton.csv,activity-2,microstructure,other
data,sub-5326_assay-microstructure_cond-deprivaiton.csv,cond,microstructure,other
data,sub-5326_assay-microstructure_cond-deprivaiton.csv,food,microstructure,other
data,sub-5326_assay-microstructure_cond-deprivaiton.csv,food-2,microstructure,other
data,sub-5326_assay-microstructure_cond-deprivaiton.csv,group,microstructure,other
data,sub-5326_assay-microstructure_cond-deprivaiton.csv,group-2,microstructure,other
data,sub-5326_assay-microstructure_cond-deprivaiton.csv,id,microstructure,other
data,sub-5326_assay-microstructure_cond-deprivaiton.csv,start,microstructure,other
data,sub-5326_assay-microstructure_cond-deprivaiton.csv,start-2,microstructure,other
data,sub-5326_assay-microstructure_cond-deprivaiton.csv,thirds,microstructure,other
data,sub-5326_assay-microstructure_cond-deprivaiton.csv,thirds-2,microstructure,other
data,sub-5326_assay-microstructure_cond-deprivaiton.csv,time_1,microstructure,other
data,sub-5326_assay-microstructure_cond-deprivaiton.csv,time_2,microstructure,other
data,sub-5326_assay-microstructure_cond-deprivaiton.csv,time_2-1,microstructure,other
data,sub-5326_assay-microstructure_cond-deprivaiton.csv,time_2-2,microstructure,other
data,sub-5326_assay-microstructure_cond-deprivaiton.csv,trace,microstructure,other
data,sub-5326_assay-microstructure_cond-deprivaiton.csv,trace-2,microstructure,other
data,sub-54a6_assay-microstructure_timepoint-a.csv,activity,microstructure,other
data,sub-54a6_assay-microstructure_timepoint-a.csv,food,microstructure,other
data,sub-54a6_assay-microstructure_timepoint-a.csv,group,microstructure,other
data,sub-54a6_assay-microstructure_timepoint-a.csv,id,microstructure,other
data,sub-54a6_assay-microstructure_timepoint-a.csv,start,microstructure,other
data,sub-54a6_assay-microstructure_timepoint-a.csv,time1,microstructure,other
data,sub-54a6_assay-microstructure_timepoint-a.csv,time2,microstructure,other
data,sub-54a6_assay-microstructure_timepoint-a.csv,timepoint,microstructure,other
data,sub-54a6_assay-microstructure_timepoint-a.csv,trace,microstructure,other
data,sub-54a6_assay-microstructure_timepoint-b.csv,activity,microstructure,other
data,sub-54a6_assay-microstructure_timepoint-b.csv,food,microstructure,other
data,sub-54a6_assay-microstructure_timepoint-b.csv,group,microstructure,other
data,sub-54a6_assay-microstructure_timepoint-b.csv,id,microstructure,other
data,sub-54a6_assay-microstructure_timepoint-b.csv,start,microstructure,other
data,sub-54a6_assay-microstructure_timepoint-b.csv,time1,microstructure,other
data,sub-54a6_assay-microstructure_timepoint-b.csv,time2,microstructure,other
data,sub-54a6_assay-microstructure_timepoint-b.csv,timepoint,microstructure,other
data,sub-54a6_assay-microstructure_timepoint-b.csv,trace,microstructure,other
data,sub-54b1_assay-microstructure_cond-control.csv,activity,microstructure,other
data,sub-54b1_assay-microstructure_cond-control.csv,activity-2,microstructure,other
data,sub-54b1_assay-microstructure_cond-control.csv,cond,microstructure,other
data,sub-54b1_assay-microstructure_cond-control.csv,food,microstructure,other
data,sub-54b1_assay-microstructure_cond-control.csv,food-2,microstructure,other
data,sub-54b1_assay-microstructure_cond-control.csv,group,microstructure,other
data,sub-54b1_assay-microstructure_cond-control.csv,group-2,microstructure,other
data,sub-54b1_assay-microstructure_cond-control.csv,id,microstructure,other
data,sub-54b1_assay-microstructure_cond-control.csv,start,microstructure,other
data,sub-54b1_assay-microstructure_cond-control.csv,start-2,microstructure,other
data,sub-54b1_assay-microstructure_cond-control.csv,thirds,microstructure,other
data,sub-54b1_assay-microstructure_cond-control.csv,thirds-2,microstructure,other
data,sub-54b1_assay-microstructure_cond-control.csv,time_1,microstructure,other
data,sub-54b1_assay-microstructure_cond-control.csv,time_2,microstructure,other
data,sub-54b1_assay-microstructure_cond-control.csv,time_2-1,microstructure,other
data,sub-54b1_assay-microstructure_cond-control.csv,time_2-2,microstructure,other
data,sub-54b1_assay-microstructure_cond-control.csv,trace,microstructure,other
data,sub-54b1_assay-microstructure_cond-control.csv,trace-2,microstructure,other
data,sub-54b1_assay-microstructure_cond-deprivaiton.csv,activity,microstructure,other
data,sub-54b1_assay-microstructure_cond-deprivaiton.csv,activity-2,microstructure,other
data,sub-54b1_assay-microstructure_cond-deprivaiton.csv,cond,microstructure,other
data,sub-54b1_assay-microstructure_cond-deprivaiton.csv,food,microstructure,other
data,sub-54b1_assay-microstructure_cond-deprivaiton.csv,food-2,microstructure,other
data,sub-54b1_assay-microstructure_cond-deprivaiton.csv,group,microstructure,other
data,sub-54b1_assay-microstructure_cond-deprivaiton.csv,group-2,microstructure,other
data,sub-54b1_assay-microstructure_cond-deprivaiton.csv,id,microstructure,other
data,sub-54b1_assay-microstructure_cond-deprivaiton.csv,start,microstructure,other
data,sub-54b1_assay-microstructure_cond-deprivaiton.csv,start-2,microstructure,other
data,sub-54b1_assay-microstructure_cond-deprivaiton.csv,thirds,microstructure,other
data,sub-54b1_assay-microstructure_cond-deprivaiton.csv,time_1,microstructure,other
data,sub-54b1_assay-microstructure_cond-deprivaiton.csv,time_2,microstructure,other
data,sub-54b1_assay-microstructure_cond-deprivaiton.csv,time_2-1,microstructure,other
data,sub-54b1_assay-microstructure_cond-deprivaiton.csv,time_2-2,microstructure,other
data,sub-54b1_assay-microstructure_cond-deprivaiton.csv,trace,microstructure,other
data,sub-54b1_assay-microstructure_cond-deprivaiton.csv,trace-2,microstructure,other
data,sub-570b_assay-microstructure_timepoint-a.csv,activity,microstructure,other
data,sub-570b_assay-microstructure_timepoint-a.csv,food,microstructure,other
data,sub-570b_assay-microstructure_timepoint-a.csv,group,microstructure,other
data,sub-570b_assay-microstructure_timepoint-a.csv,id,microstructure,other
data,sub-570b_assay-microstructure_timepoint-a.csv,start,microstructure,other
data,sub-570b_assay-microstructure_timepoint-a.csv,time1,microstructure,other
data,sub-570b_assay-microstructure_timepoint-a.csv,time2,microstructure,other
data,sub-570b_assay-microstructure_timepoint-a.csv,timepoint,microstructure,other
data,sub-570b_assay-microstructure_timepoint-a.csv,trace,microstructure,other
data,sub-570b_assay-microstructure_timepoint-b.csv,activity,microstructure,other
data,sub-570b_assay-microstructure_timepoint-b.csv,food,microstructure,other
data,sub-570b_assay-microstructure_timepoint-b.csv,group,microstructure,other
data,sub-570b_assay-microstructure_timepoint-b.csv,id,microstructure,other
data,sub-570b_assay-microstructure_timepoint-b.csv,start,microstructure,other
data,sub-570b_assay-microstructure_timepoint-b.csv,time1,microstructure,other
data,sub-570b_assay-microstructure_timepoint-b.csv,time2,microstructure,other
data,sub-570b_assay-microstructure_timepoint-b.csv,timepoint,microstructure,other
data,sub-570b_assay-microstructure_timepoint-b.csv,trace,microstructure,other
data,sub-57f5_assay-microstructure_timepoint-a.csv,activity,microstructure,other
data,sub-57f5_assay-microstructure_timepoint-a.csv,food,microstructure,other
data,sub-57f5_assay-microstructure_timepoint-a.csv,group,microstructure,other
data,sub-57f5_assay-microstructure_timepoint-a.csv,id,microstructure,other
data,sub-57f5_assay-microstructure_timepoint-a.csv,start,microstructure,other
data,sub-57f5_assay-microstructure_timepoint-a.csv,time1,microstructure,other
data,sub-57f5_assay-microstructure_timepoint-a.csv,time2,microstructure,other
data,sub-57f5_assay-microstructure_timepoint-a.csv,timepoint,microstructure,other
data,sub-57f5_assay-microstructure_timepoint-a.csv,trace,microstructure,other
data,sub-57f5_assay-microstructure_timepoint-b.csv,activity,microstructure,other
data,sub-57f5_assay-microstructure_timepoint-b.csv,food,microstructure,other
data,sub-57f5_assay-microstructure_timepoint-b.csv,group,microstructure,other
data,sub-57f5_assay-microstructure_timepoint-b.csv,id,microstructure,other
data,sub-57f5_assay-microstructure_timepoint-b.csv,start,microstructure,other
data,sub-57f5_assay-microstructure_timepoint-b.csv,time1,microstructure,other
data,sub-57f5_assay-microstructure_timepoint-b.csv,time2,microstructure,other
data,sub-57f5_assay-microstructure_timepoint-b.csv,timepoint,microstructure,other
data,sub-57f5_assay-microstructure_timepoint-b.csv,trace,microstructure,other
data,sub-5e48_assay-microstructure_cond-control.csv,activity,microstructure,other
data,sub-5e48_assay-microstructure_cond-control.csv,activity-2,microstructure,other
data,sub-5e48_assay-microstructure_cond-control.csv,cond,microstructure,other
data,sub-5e48_assay-microstructure_cond-control.csv,food,microstructure,other
data,sub-5e48_assay-microstructure_cond-control.csv,food-2,microstructure,other
data,sub-5e48_assay-microstructure_cond-control.csv,group,microstructure,other
data,sub-5e48_assay-microstructure_cond-control.csv,group-2,microstructure,other
data,sub-5e48_assay-microstructure_cond-control.csv,id,microstructure,other
data,sub-5e48_assay-microstructure_cond-control.csv,start,microstructure,other
data,sub-5e48_assay-microstructure_cond-control.csv,start-2,microstructure,other
data,sub-5e48_assay-microstructure_cond-control.csv,thirds,microstructure,other
data,sub-5e48_assay-microstructure_cond-control.csv,thirds-2,microstructure,other
data,sub-5e48_assay-microstructure_cond-control.csv,time_1,microstructure,other
data,sub-5e48_assay-microstructure_cond-control.csv,time_2,microstructure,other
data,sub-5e48_assay-microstructure_cond-control.csv,time_2-1,microstructure,other
data,sub-5e48_assay-microstructure_cond-control.csv,time_2-2,microstructure,other
data,sub-5e48_assay-microstructure_cond-control.csv,trace,microstructure,other
data,sub-5e48_assay-microstructure_cond-control.csv,trace-2,microstructure,other
data,sub-5e48_assay-microstructure_cond-deprivaiton.csv,activity,microstructure,other
data,sub-5e48_assay-microstructure_cond-deprivaiton.csv,activity-2,microstructure,other
data,sub-5e48_assay-microstructure_cond-deprivaiton.csv,cond,microstructure,other
data,sub-5e48_assay-microstructure_cond-deprivaiton.csv,food,microstructure,other
data,sub-5e48_assay-microstructure_cond-deprivaiton.csv,food-2,microstructure,other
data,sub-5e48_assay-microstructure_cond-deprivaiton.csv,group,microstructure,other
data,sub-5e48_assay-microstructure_cond-deprivaiton.csv,group-2,microstructure,other
data,sub-5e48_assay-microstructure_cond-deprivaiton.csv,id,microstructure,other
data,sub-5e48_assay-microstructure_cond-deprivaiton.csv,start,microstructure,other
data,sub-5e48_assay-microstructure_cond-deprivaiton.csv,start-2,microstructure,other
data,sub-5e48_assay-microstructure_cond-deprivaiton.csv,thirds,microstructure,other
data,sub-5e48_assay-microstructure_cond-deprivaiton.csv,thirds-2,microstructure,other
data,sub-5e48_assay-microstructure_cond-deprivaiton.csv,time_1,microstructure,other
data,sub-5e48_assay-microstructure_cond-deprivaiton.csv,time_2,microstructure,other
data,sub-5e48_assay-microstructure_cond-deprivaiton.csv,time_2-1,microstructure,other
data,sub-5e48_assay-microstructure_cond-deprivaiton.csv,time_2-2,microstructure,other
data,sub-5e48_assay-microstructure_cond-deprivaiton.csv,trace,microstructure,other
data,sub-5e48_assay-microstructure_cond-deprivaiton.csv,trace-2,microstructure,other
data,sub-60fa_assay-microstructure_cond-control.csv,activity,microstructure,other
data,sub-60fa_assay-microstructure_cond-control.csv,activity-2,microstructure,other
data,sub-60fa_assay-microstructure_cond-control.csv,cond,microstructure,other
data,sub-60fa_assay-microstructure_cond-control.csv,food,microstructure,other
data,sub-60fa_assay-microstructure_cond-control.csv,food-2,microstructure,other
data,sub-60fa_assay-microstructure_cond-control.csv,group,microstructure,other
data,sub-60fa_assay-microstructure_cond-control.csv,group-2,microstructure,other
data,sub-60fa_assay-microstructure_cond-control.csv,id,microstructure,other
data,sub-60fa_assay-microstructure_cond-control.csv,start,microstructure,other
data,sub-60fa_assay-microstructure_cond-control.csv,start-2,microstructure,other
data,sub-60fa_assay-microstructure_cond-control.csv,thirds,microstructure,other
data,sub-60fa_assay-microstructure_cond-control.csv,thirds-2,microstructure,other
data,sub-60fa_assay-microstructure_cond-control.csv,time_1,microstructure,other
data,sub-60fa_assay-microstructure_cond-control.csv,time_2,microstructure,other
data,sub-60fa_assay-microstructure_cond-control.csv,time_2-1,microstructure,other
data,sub-60fa_assay-microstructure_cond-control.csv,time_2-2,microstructure,other
data,sub-60fa_assay-microstructure_cond-control.csv,trace,microstructure,other
data,sub-60fa_assay-microstructure_cond-control.csv,trace-2,microstructure,other
data,sub-60fa_assay-microstructure_cond-deprivaiton.csv,activity,microstructure,other
data,sub-60fa_assay-microstructure_cond-deprivaiton.csv,activity-2,microstructure,other
data,sub-60fa_assay-microstructure_cond-deprivaiton.csv,cond,microstructure,other
data,sub-60fa_assay-microstructure_cond-deprivaiton.csv,food,microstructure,other
data,sub-60fa_assay-microstructure_cond-deprivaiton.csv,food-2,microstructure,other
data,sub-60fa_assay-microstructure_cond-deprivaiton.csv,group,microstructure,other
data,sub-60fa_assay-microstructure_cond-deprivaiton.csv,group-2,microstructure,other
data,sub-60fa_assay-microstructure_cond-deprivaiton.csv,id,microstructure,other
data,sub-60fa_assay-microstructure_cond-deprivaiton.csv,start,microstructure,other
data,sub-60fa_assay-microstructure_cond-deprivaiton.csv,start-2,microstructure,other
data,sub-60fa_assay-microstructure_cond-deprivaiton.csv,thirds,microstructure,other
data,sub-60fa_assay-microstructure_cond-deprivaiton.csv,thirds-2,microstructure,other
data,sub-60fa_assay-microstructure_cond-deprivaiton.csv,time_1,microstructure,other
data,sub-60fa_assay-microstructure_cond-deprivaiton.csv,time_2,microstructure,other
data,sub-60fa_assay-microstructure_cond-deprivaiton.csv,time_2-1,microstructure,other
data,sub-60fa_assay-microstructure_cond-deprivaiton.csv,time_2-2,microstructure,other
data,sub-60fa_assay-microstructure_cond-deprivaiton.csv,trace,microstructure,other
data,sub-60fa_assay-microstructure_cond-deprivaiton.csv,trace-2,microstructure,other
data,sub-612c_assay-microstructure_timepoint-a.csv,activity,microstructure,other
data,sub-612c_assay-microstructure_timepoint-a.csv,food,microstructure,other
data,sub-612c_assay-microstructure_timepoint-a.csv,group,microstructure,other
data,sub-612c_assay-microstructure_timepoint-a.csv,id,microstructure,other
data,sub-612c_assay-microstructure_timepoint-a.csv,start,microstructure,other
data,sub-612c_assay-microstructure_timepoint-a.csv,time1,microstructure,other
data,sub-612c_assay-microstructure_timepoint-a.csv,time2,microstructure,other
data,sub-612c_assay-microstructure_timepoint-a.csv,timepoint,microstructure,other
data,sub-612c_assay-microstructure_timepoint-a.csv,trace,microstructure,other
data,sub-612c_assay-microstructure_timepoint-b.csv,activity,microstructure,other
data,sub-612c_assay-microstructure_timepoint-b.csv,food,microstructure,other
data,sub-612c_assay-microstructure_timepoint-b.csv,group,microstructure,other
data,sub-612c_assay-microstructure_timepoint-b.csv,id,microstructure,other
data,sub-612c_assay-microstructure_timepoint-b.csv,start,microstructure,other
data,sub-612c_assay-microstructure_timepoint-b.csv,time1,microstructure,other
data,sub-612c_assay-microstructure_timepoint-b.csv,time2,microstructure,other
data,sub-612c_assay-microstructure_timepoint-b.csv,timepoint,microstructure,other
data,sub-612c_assay-microstructure_timepoint-b.csv,trace,microstructure,other
data,sub-615a_assay-microstructure_cond-control.csv,activity,microstructure,other
data,sub-615a_assay-microstructure_cond-control.csv,activity-2,microstructure,other
data,sub-615a_assay-microstructure_cond-control.csv,cond,microstructure,other
data,sub-615a_assay-microstructure_cond-control.csv,food,microstructure,other
data,sub-615a_assay-microstructure_cond-control.csv,food-2,microstructure,other
data,sub-615a_assay-microstructure_cond-control.csv,group,microstructure,other
data,sub-615a_assay-microstructure_cond-control.csv,group-2,microstructure,other
data,sub-615a_assay-microstructure_cond-control.csv,id,microstructure,other
data,sub-615a_assay-microstructure_cond-control.csv,start,microstructure,other
data,sub-615a_assay-microstructure_cond-control.csv,start-2,microstructure,other
data,sub-615a_assay-microstructure_cond-control.csv,thirds,microstructure,other
data,sub-615a_assay-microstructure_cond-control.csv,thirds-2,microstructure,other
data,sub-615a_assay-microstructure_cond-control.csv,time_1,microstructure,other
data,sub-615a_assay-microstructure_cond-control.csv,time_2,microstructure,other
data,sub-615a_assay-microstructure_cond-control.csv,time_2-1,microstructure,other
data,sub-615a_assay-microstructure_cond-control.csv,time_2-2,microstructure,other
data,sub-615a_assay-microstructure_cond-control.csv,trace,microstructure,other
data,sub-615a_assay-microstructure_cond-control.csv,trace-2,microstructure,other
data,sub-615a_assay-microstructure_cond-deprivaiton.csv,activity,microstructure,other
data,sub-615a_assay-microstructure_cond-deprivaiton.csv,activity-2,microstructure,other
data,sub-615a_assay-microstructure_cond-deprivaiton.csv,cond,microstructure,other
data,sub-615a_assay-microstructure_cond-deprivaiton.csv,food,microstructure,other
data,sub-615a_assay-microstructure_cond-deprivaiton.csv,food-2,microstructure,other
data,sub-615a_assay-microstructure_cond-deprivaiton.csv,group,microstructure,other
data,sub-615a_assay-microstructure_cond-deprivaiton.csv,group-2,microstructure,other
data,sub-615a_assay-microstructure_cond-deprivaiton.csv,id,microstructure,other
data,sub-615a_assay-microstructure_cond-deprivaiton.csv,start,microstructure,other
data,sub-615a_assay-microstructure_cond-deprivaiton.csv,start-2,microstructure,other
data,sub-615a_assay-microstructure_cond-deprivaiton.csv,thirds,microstructure,other
data,sub-615a_assay-microstructure_cond-deprivaiton.csv,thirds-2,microstructure,other
data,sub-615a_assay-microstructure_cond-deprivaiton.csv,time_1,microstructure,other
data,sub-615a_assay-microstructure_cond-deprivaiton.csv,time_2,microstructure,other
data,sub-615a_assay-microstructure_cond-deprivaiton.csv,time_2-1,microstructure,other
data,sub-615a_assay-microstructure_cond-deprivaiton.csv,time_2-2,microstructure,other
data,sub-615a_assay-microstructure_cond-deprivaiton.csv,trace,microstructure,other
data,sub-615a_assay-microstructure_cond-deprivaiton.csv,trace-2,microstructure,other
data,sub-618a_assay-microstructure_cond-control.csv,activity,microstructure,other
data,sub-618a_assay-microstructure_cond-control.csv,activity-2,microstructure,other
data,sub-618a_assay-microstructure_cond-control.csv,cond,microstructure,other
data,sub-618a_assay-microstructure_cond-control.csv,food,microstructure,other
data,sub-618a_assay-microstructure_cond-control.csv,food-2,microstructure,other
data,sub-618a_assay-microstructure_cond-control.csv,group,microstructure,other
data,sub-618a_assay-microstructure_cond-control.csv,group-2,microstructure,other
data,sub-618a_assay-microstructure_cond-control.csv,id,microstructure,other
data,sub-618a_assay-microstructure_cond-control.csv,start,microstructure,other
data,sub-618a_assay-microstructure_cond-control.csv,start-2,microstructure,other
data,sub-618a_assay-microstructure_cond-control.csv,thirds,microstructure,other
data,sub-618a_assay-microstructure_cond-control.csv,thirds-2,microstructure,other
data,sub-618a_assay-microstructure_cond-control.csv,time_1,microstructure,other
data,sub-618a_assay-microstructure_cond-control.csv,time_2,microstructure,other
data,sub-618a_assay-microstructure_cond-control.csv,time_2-1,microstructure,other
data,sub-618a_assay-microstructure_cond-control.csv,time_2-2,microstructure,other
data,sub-618a_assay-microstructure_cond-control.csv,trace,microstructure,other
data,sub-618a_assay-microstructure_cond-control.csv,trace-2,microstructure,other
data,sub-618a_assay-microstructure_cond-deprivaiton.csv,activity,microstructure,other
data,sub-618a_assay-microstructure_cond-deprivaiton.csv,activity-2,microstructure,other
data,sub-618a_assay-microstructure_cond-deprivaiton.csv,cond,microstructure,other
data,sub-618a_assay-microstructure_cond-deprivaiton.csv,food,microstructure,other
data,sub-618a_assay-microstructure_cond-deprivaiton.csv,food-2,microstructure,other
data,sub-618a_assay-microstructure_cond-deprivaiton.csv,group,microstructure,other
data,sub-618a_assay-microstructure_cond-deprivaiton.csv,group-2,microstructure,other
data,sub-618a_assay-microstructure_cond-deprivaiton.csv,id,microstructure,other
data,sub-618a_assay-microstructure_cond-deprivaiton.csv,start,microstructure,other
data,sub-618a_assay-microstructure_cond-deprivaiton.csv,start-2,microstructure,other
data,sub-618a_assay-microstructure_cond-deprivaiton.csv,thirds,microstructure,other
data,sub-618a_assay-microstructure_cond-deprivaiton.csv,thirds-2,microstructure,other
data,sub-618a_assay-microstructure_cond-deprivaiton.csv,time_1,microstructure,other
data,sub-618a_assay-microstructure_cond-deprivaiton.csv,time_2,microstructure,other
data,sub-618a_assay-microstructure_cond-deprivaiton.csv,time_2-1,microstructure,other
data,sub-618a_assay-microstructure_cond-deprivaiton.csv,time_2-2,microstructure,other
data,sub-618a_assay-microstructure_cond-deprivaiton.csv,trace,microstructure,other
data,sub-618a_assay-microstructure_cond-deprivaiton.csv,trace-2,microstructure,other
data,sub-61bd_assay-microstructure_cond-control.csv,activity,microstructure,other
data,sub-61bd_assay-microstructure_cond-control.csv,activity-2,microstructure,other
data,sub-61bd_assay-microstructure_cond-control.csv,cond,microstructure,other
data,sub-61bd_assay-microstructure_cond-control.csv,food,microstructure,other
data,sub-61bd_assay-microstructure_cond-control.csv,food-2,microstructure,other
data,sub-61bd_assay-microstructure_cond-control.csv,group,microstructure,other
data,sub-61bd_assay-microstructure_cond-control.csv,group-2,microstructure,other
data,sub-61bd_assay-microstructure_cond-control.csv,id,microstructure,other
data,sub-61bd_assay-microstructure_cond-control.csv,start,microstructure,other
data,sub-61bd_assay-microstructure_cond-control.csv,start-2,microstructure,other
data,sub-61bd_assay-microstructure_cond-control.csv,thirds,microstructure,other
data,sub-61bd_assay-microstructure_cond-control.csv,thirds-2,microstructure,other
data,sub-61bd_assay-microstructure_cond-control.csv,time_1,microstructure,other
data,sub-61bd_assay-microstructure_cond-control.csv,time_2,microstructure,other
data,sub-61bd_assay-microstructure_cond-control.csv,time_2-1,microstructure,other
data,sub-61bd_assay-microstructure_cond-control.csv,time_2-2,microstructure,other
data,sub-61bd_assay-microstructure_cond-control.csv,trace,microstructure,other
data,sub-61bd_assay-microstructure_cond-control.csv,trace-2,microstructure,other
data,sub-61bd_assay-microstructure_cond-deprivaiton.csv,activity,microstructure,other
data,sub-61bd_assay-microstructure_cond-deprivaiton.csv,activity-2,microstructure,other
data,sub-61bd_assay-microstructure_cond-deprivaiton.csv,cond,microstructure,other
data,sub-61bd_assay-microstructure_cond-deprivaiton.csv,food,microstructure,other
data,sub-61bd_assay-microstructure_cond-deprivaiton.csv,food-2,microstructure,other
data,sub-61bd_assay-microstructure_cond-deprivaiton.csv,group,microstructure,other
data,sub-61bd_assay-microstructure_cond-deprivaiton.csv,group-2,microstructure,other
data,sub-61bd_assay-microstructure_cond-deprivaiton.csv,id,microstructure,other
data,sub-61bd_assay-microstructure_cond-deprivaiton.csv,start,microstructure,other
data,sub-61bd_assay-microstructure_cond-deprivaiton.csv,start-2,microstructure,other
data,sub-61bd_assay-microstructure_cond-deprivaiton.csv,thirds,microstructure,other
data,sub-61bd_assay-microstructure_cond-deprivaiton.csv,thirds-2,microstructure,other
data,sub-61bd_assay-microstructure_cond-deprivaiton.csv,time_1,microstructure,other
data,sub-61bd_assay-microstructure_cond-deprivaiton.csv,time_2,microstructure,other
data,sub-61bd_assay-microstructure_cond-deprivaiton.csv,time_2-1,microstructure,other
data,sub-61bd_assay-microstructure_cond-deprivaiton.csv,time_2-2,microstructure,other
data,sub-61bd_assay-microstructure_cond-deprivaiton.csv,trace,microstructure,other
data,sub-61bd_assay-microstructure_cond-deprivaiton.csv,trace-2,microstructure,other
data,sub-6517_assay-microstructure_cond-control.csv,activity,microstructure,other
data,sub-6517_assay-microstructure_cond-control.csv,activity-2,microstructure,other
data,sub-6517_assay-microstructure_cond-control.csv,cond,microstructure,other
data,sub-6517_assay-microstructure_cond-control.csv,food,microstructure,other
data,sub-6517_assay-microstructure_cond-control.csv,food-2,microstructure,other
data,sub-6517_assay-microstructure_cond-control.csv,group,microstructure,other
data,sub-6517_assay-microstructure_cond-control.csv,group-2,microstructure,other
data,sub-6517_assay-microstructure_cond-control.csv,id,microstructure,other
data,sub-6517_assay-microstructure_cond-control.csv,start,microstructure,other
data,sub-6517_assay-microstructure_cond-control.csv,start-2,microstructure,other
data,sub-6517_assay-microstructure_cond-control.csv,thirds,microstructure,other
data,sub-6517_assay-microstructure_cond-control.csv,thirds-2,microstructure,other
data,sub-6517_assay-microstructure_cond-control.csv,time_1,microstructure,other
data,sub-6517_assay-microstructure_cond-control.csv,time_2,microstructure,other
data,sub-6517_assay-microstructure_cond-control.csv,time_2-1,microstructure,other
data,sub-6517_assay-microstructure_cond-control.csv,time_2-2,microstructure,other
data,sub-6517_assay-microstructure_cond-control.csv,trace,microstructure,other
data,sub-6517_assay-microstructure_cond-control.csv,trace-2,microstructure,other
data,sub-6517_assay-microstructure_cond-deprivaiton.csv,activity,microstructure,other
data,sub-6517_assay-microstructure_cond-deprivaiton.csv,activity-2,microstructure,other
data,sub-6517_assay-microstructure_cond-deprivaiton.csv,cond,microstructure,other
data,sub-6517_assay-microstructure_cond-deprivaiton.csv,food,microstructure,other
data,sub-6517_assay-microstructure_cond-deprivaiton.csv,food-2,microstructure,other
data,sub-6517_assay-microstructure_cond-deprivaiton.csv,group,microstructure,other
data,sub-6517_assay-microstructure_cond-deprivaiton.csv,group-2,microstructure,other
data,sub-6517_assay-microstructure_cond-deprivaiton.csv,id,microstructure,other
data,sub-6517_assay-microstructure_cond-deprivaiton.csv,start,microstructure,other
data,sub-6517_assay-microstructure_cond-deprivaiton.csv,start-2,microstructure,other
data,sub-6517_assay-microstructure_cond-deprivaiton.csv,thirds,microstructure,other
data,sub-6517_assay-microstructure_cond-deprivaiton.csv,thirds-2,microstructure,other
data,sub-6517_assay-microstructure_cond-deprivaiton.csv,time_1,microstructure,other
data,sub-6517_assay-microstructure_cond-deprivaiton.csv,time_2,microstructure,other
data,sub-6517_assay-microstructure_cond-deprivaiton.csv,time_2-1,microstructure,other
data,sub-6517_assay-microstructure_cond-deprivaiton.csv,time_2-2,microstructure,other
data,sub-6517_assay-microstructure_cond-deprivaiton.csv,trace,microstructure,other
data,sub-6517_assay-microstructure_cond-deprivaiton.csv,trace-2,microstructure,other
data,sub-6881_assay-microstructure_cond-control.csv,activity,microstructure,other
data,sub-6881_assay-microstructure_cond-control.csv,activity-2,microstructure,other
data,sub-6881_assay-microstructure_cond-control.csv,cond,microstructure,other
data,sub-6881_assay-microstructure_cond-control.csv,food,microstructure,other
data,sub-6881_assay-microstructure_cond-control.csv,food-2,microstructure,other
data,sub-6881_assay-microstructure_cond-control.csv,group,microstructure,other
data,sub-6881_assay-microstructure_cond-control.csv,group-2,microstructure,other
data,sub-6881_assay-microstructure_cond-control.csv,id,microstructure,other
data,sub-6881_assay-microstructure_cond-control.csv,start,microstructure,other
data,sub-6881_assay-microstructure_cond-control.csv,start-2,microstructure,other
data,sub-6881_assay-microstructure_cond-control.csv,thirds,microstructure,other
data,sub-6881_assay-microstructure_cond-control.csv,thirds-2,microstructure,other
data,sub-6881_assay-microstructure_cond-control.csv,time_1,microstructure,other
data,sub-6881_assay-microstructure_cond-control.csv,time_2,microstructure,other
data,sub-6881_assay-microstructure_cond-control.csv,time_2-1,microstructure,other
data,sub-6881_assay-microstructure_cond-control.csv,time_2-2,microstructure,other
data,sub-6881_assay-microstructure_cond-control.csv,trace,microstructure,other
data,sub-6881_assay-microstructure_cond-control.csv,trace-2,microstructure,other
data,sub-6881_assay-microstructure_cond-deprivaiton.csv,activity,microstructure,other
data,sub-6881_assay-microstructure_cond-deprivaiton.csv,activity-2,microstructure,other
data,sub-6881_assay-microstructure_cond-deprivaiton.csv,cond,microstructure,other
data,sub-6881_assay-microstructure_cond-deprivaiton.csv,food,microstructure,other
data,sub-6881_assay-microstructure_cond-deprivaiton.csv,food-2,microstructure,other
data,sub-6881_assay-microstructure_cond-deprivaiton.csv,group,microstructure,other
data,sub-6881_assay-microstructure_cond-deprivaiton.csv,group-2,microstructure,other
data,sub-6881_assay-microstructure_cond-deprivaiton.csv,id,microstructure,other
data,sub-6881_assay-microstructure_cond-deprivaiton.csv,start,microstructure,other
data,sub-6881_assay-microstructure_cond-deprivaiton.csv,start-2,microstructure,other
data,sub-6881_assay-microstructure_cond-deprivaiton.csv,thirds,microstructure,other
data,sub-6881_assay-microstructure_cond-deprivaiton.csv,thirds-2,microstructure,other
data,sub-6881_assay-microstructure_cond-deprivaiton.csv,time_1,microstructure,other
data,sub-6881_assay-microstructure_cond-deprivaiton.csv,time_2,microstructure,other
data,sub-6881_assay-microstructure_cond-deprivaiton.csv,time_2-1,microstructure,other
data,sub-6881_assay-microstructure_cond-deprivaiton.csv,time_2-2,microstructure,other
data,sub-6881_assay-microstructure_cond-deprivaiton.csv,trace,microstructure,other
data,sub-6881_assay-microstructure_cond-deprivaiton.csv,trace-2,microstructure,other
data,sub-68fb_assay-microstructure_timepoint-a.csv,activity,microstructure,other
data,sub-68fb_assay-microstructure_timepoint-a.csv,food,microstructure,other
data,sub-68fb_assay-microstructure_timepoint-a.csv,group,microstructure,other
data,sub-68fb_assay-microstructure_timepoint-a.csv,id,microstructure,other
data,sub-68fb_assay-microstructure_timepoint-a.csv,start,microstructure,other
data,sub-68fb_assay-microstructure_timepoint-a.csv,time1,microstructure,other
data,sub-68fb_assay-microstructure_timepoint-a.csv,time2,microstructure,other
data,sub-68fb_assay-microstructure_timepoint-a.csv,timepoint,microstructure,other
data,sub-68fb_assay-microstructure_timepoint-a.csv,trace,microstructure,other
data,sub-68fb_assay-microstructure_timepoint-b.csv,activity,microstructure,other
data,sub-68fb_assay-microstructure_timepoint-b.csv,food,microstructure,other
data,sub-68fb_assay-microstructure_timepoint-b.csv,group,microstructure,other
data,sub-68fb_assay-microstructure_timepoint-b.csv,id,microstructure,other
data,sub-68fb_assay-microstructure_timepoint-b.csv,start,microstructure,other
data,sub-68fb_assay-microstructure_timepoint-b.csv,time1,microstructure,other
data,sub-68fb_assay-microstructure_timepoint-b.csv,time2,microstructure,other
data,sub-68fb_assay-microstructure_timepoint-b.csv,timepoint,microstructure,other
data,sub-68fb_assay-microstructure_timepoint-b.csv,trace,microstructure,other
data,sub-6da2_assay-microstructure_cond-control.csv,activity,microstructure,other
data,sub-6da2_assay-microstructure_cond-control.csv,activity-2,microstructure,other
data,sub-6da2_assay-microstructure_cond-control.csv,cond,microstructure,other
data,sub-6da2_assay-microstructure_cond-control.csv,food,microstructure,other
data,sub-6da2_assay-microstructure_cond-control.csv,food-2,microstructure,other
data,sub-6da2_assay-microstructure_cond-control.csv,group,microstructure,other
data,sub-6da2_assay-microstructure_cond-control.csv,group-2,microstructure,other
data,sub-6da2_assay-microstructure_cond-control.csv,id,microstructure,other
data,sub-6da2_assay-microstructure_cond-control.csv,start,microstructure,other
data,sub-6da2_assay-microstructure_cond-control.csv,start-2,microstructure,other
data,sub-6da2_assay-microstructure_cond-control.csv,thirds,microstructure,other
data,sub-6da2_assay-microstructure_cond-control.csv,thirds-2,microstructure,other
data,sub-6da2_assay-microstructure_cond-control.csv,time_1,microstructure,other
data,sub-6da2_assay-microstructure_cond-control.csv,time_2,microstructure,other
data,sub-6da2_assay-microstructure_cond-control.csv,time_2-1,microstructure,other
data,sub-6da2_assay-microstructure_cond-control.csv,time_2-2,microstructure,other
data,sub-6da2_assay-microstructure_cond-control.csv,trace,microstructure,other
data,sub-6da2_assay-microstructure_cond-control.csv,trace-2,microstructure,other
data,sub-6da2_assay-microstructure_cond-deprivaiton.csv,activity,microstructure,other
data,sub-6da2_assay-microstructure_cond-deprivaiton.csv,activity-2,microstructure,other
data,sub-6da2_assay-microstructure_cond-deprivaiton.csv,cond,microstructure,other
data,sub-6da2_assay-microstructure_cond-deprivaiton.csv,food,microstructure,other
data,sub-6da2_assay-microstructure_cond-deprivaiton.csv,food-2,microstructure,other
data,sub-6da2_assay-microstructure_cond-deprivaiton.csv,group,microstructure,other
data,sub-6da2_assay-microstructure_cond-deprivaiton.csv,group-2,microstructure,other
data,sub-6da2_assay-microstructure_cond-deprivaiton.csv,id,microstructure,other
data,sub-6da2_assay-microstructure_cond-deprivaiton.csv,start,microstructure,other
data,sub-6da2_assay-microstructure_cond-deprivaiton.csv,start-2,microstructure,other
data,sub-6da2_assay-microstructure_cond-deprivaiton.csv,thirds,microstructure,other
data,sub-6da2_assay-microstructure_cond-deprivaiton.csv,thirds-2,microstructure,other
data,sub-6da2_assay-microstructure_cond-deprivaiton.csv,time_1,microstructure,other
data,sub-6da2_assay-microstructure_cond-deprivaiton.csv,time_2,microstructure,other
data,sub-6da2_assay-microstructure_cond-deprivaiton.csv,time_2-1,microstructure,other
data,sub-6da2_assay-microstructure_cond-deprivaiton.csv,time_2-2,microstructure,other
data,sub-6da2_assay-microstructure_cond-deprivaiton.csv,trace,microstructure,other
data,sub-6da2_assay-microstructure_cond-deprivaiton.csv,trace-2,microstructure,other
data,sub-6fa9_assay-microstructure_timepoint-a.csv,activity,microstructure,other
data,sub-6fa9_assay-microstructure_timepoint-a.csv,food,microstructure,other
data,sub-6fa9_assay-microstructure_timepoint-a.csv,group,microstructure,other
data,sub-6fa9_assay-microstructure_timepoint-a.csv,id,microstructure,other
data,sub-6fa9_assay-microstructure_timepoint-a.csv,start,microstructure,other
data,sub-6fa9_assay-microstructure_timepoint-a.csv,time1,microstructure,other
data,sub-6fa9_assay-microstructure_timepoint-a.csv,time2,microstructure,other
data,sub-6fa9_assay-microstructure_timepoint-a.csv,timepoint,microstructure,other
data,sub-6fa9_assay-microstructure_timepoint-a.csv,trace,microstructure,other
data,sub-6fa9_assay-microstructure_timepoint-b.csv,activity,microstructure,other
data,sub-6fa9_assay-microstructure_timepoint-b.csv,food,microstructure,other
data,sub-6fa9_assay-microstructure_timepoint-b.csv,group,microstructure,other
data,sub-6fa9_assay-microstructure_timepoint-b.csv,id,microstructure,other
data,sub-6fa9_assay-microstructure_timepoint-b.csv,start,microstructure,other
data,sub-6fa9_assay-microstructure_timepoint-b.csv,time1,microstructure,other
data,sub-6fa9_assay-microstructure_timepoint-b.csv,time2,microstructure,other
data,sub-6fa9_assay-microstructure_timepoint-b.csv,timepoint,microstructure,other
data,sub-6fa9_assay-microstructure_timepoint-b.csv,trace,microstructure,other
data,sub-6fad_assay-microstructure_cond-control.csv,activity,microstructure,other
data,sub-6fad_assay-microstructure_cond-control.csv,activity-2,microstructure,other
data,sub-6fad_assay-microstructure_cond-control.csv,cond,microstructure,other
data,sub-6fad_assay-microstructure_cond-control.csv,food,microstructure,other
data,sub-6fad_assay-microstructure_cond-control.csv,food-2,microstructure,other
data,sub-6fad_assay-microstructure_cond-control.csv,group,microstructure,other
data,sub-6fad_assay-microstructure_cond-control.csv,group-2,microstructure,other
data,sub-6fad_assay-microstructure_cond-control.csv,id,microstructure,other
data,sub-6fad_assay-microstructure_cond-control.csv,start,microstructure,other
data,sub-6fad_assay-microstructure_cond-control.csv,start-2,microstructure,other
data,sub-6fad_assay-microstructure_cond-control.csv,thirds,microstructure,other
data,sub-6fad_assay-microstructure_cond-control.csv,thirds-2,microstructure,other
data,sub-6fad_assay-microstructure_cond-control.csv,time_1,microstructure,other
data,sub-6fad_assay-microstructure_cond-control.csv,time_2,microstructure,other
data,sub-6fad_assay-microstructure_cond-control.csv,time_2-1,microstructure,other
data,sub-6fad_assay-microstructure_cond-control.csv,time_2-2,microstructure,other
data,sub-6fad_assay-microstructure_cond-control.csv,trace,microstructure,other
data,sub-6fad_assay-microstructure_cond-control.csv,trace-2,microstructure,other
data,sub-6fad_assay-microstructure_cond-deprivaiton.csv,activity,microstructure,other
data,sub-6fad_assay-microstructure_cond-deprivaiton.csv,activity-2,microstructure,other
data,sub-6fad_assay-microstructure_cond-deprivaiton.csv,cond,microstructure,other
data,sub-6fad_assay-microstructure_cond-deprivaiton.csv,food,microstructure,other
data,sub-6fad_assay-microstructure_cond-deprivaiton.csv,food-2,microstructure,other
data,sub-6fad_assay-microstructure_cond-deprivaiton.csv,group,microstructure,other
data,sub-6fad_assay-microstructure_cond-deprivaiton.csv,group-2,microstructure,other
data,sub-6fad_assay-microstructure_cond-deprivaiton.csv,id,microstructure,other
data,sub-6fad_assay-microstructure_cond-deprivaiton.csv,start,microstructure,other
data,sub-6fad_assay-microstructure_cond-deprivaiton.csv,start-2,microstructure,other
data,sub-6fad_assay-microstructure_cond-deprivaiton.csv,thirds,microstructure,other
data,sub-6fad_assay-microstructure_cond-deprivaiton.csv,thirds-2,microstructure,other
data,sub-6fad_assay-microstructure_cond-deprivaiton.csv,time_1,microstructure,other
data,sub-6fad_assay-microstructure_cond-deprivaiton.csv,time_2,microstructure,other
data,sub-6fad_assay-microstructure_cond-deprivaiton.csv,time_2-1,microstructure,other
data,sub-6fad_assay-microstructure_cond-deprivaiton.csv,time_2-2,microstructure,other
data,sub-6fad_assay-microstructure_cond-deprivaiton.csv,trace,microstructure,other
data,sub-6fad_assay-microstructure_cond-deprivaiton.csv,trace-2,microstructure,other
data,sub-761f_assay-microstructure_timepoint-a.csv,activity,microstructure,other
data,sub-761f_assay-microstructure_timepoint-a.csv,food,microstructure,other
data,sub-761f_assay-microstructure_timepoint-a.csv,group,microstructure,other
data,sub-761f_assay-microstructure_timepoint-a.csv,id,microstructure,other
data,sub-761f_assay-microstructure_timepoint-a.csv,start,microstructure,other
data,sub-761f_assay-microstructure_timepoint-a.csv,time1,microstructure,other
data,sub-761f_assay-microstructure_timepoint-a.csv,time2,microstructure,other
data,sub-761f_assay-microstructure_timepoint-a.csv,timepoint,microstructure,other
data,sub-761f_assay-microstructure_timepoint-a.csv,trace,microstructure,other
data,sub-761f_assay-microstructure_timepoint-b.csv,activity,microstructure,other
data,sub-761f_assay-microstructure_timepoint-b.csv,food,microstructure,other
data,sub-761f_assay-microstructure_timepoint-b.csv,group,microstructure,other
data,sub-761f_assay-microstructure_timepoint-b.csv,id,microstructure,other
data,sub-761f_assay-microstructure_timepoint-b.csv,start,microstructure,other
data,sub-761f_assay-microstructure_timepoint-b.csv,time1,microstructure,other
data,sub-761f_assay-microstructure_timepoint-b.csv,time2,microstructure,other
data,sub-761f_assay-microstructure_timepoint-b.csv,timepoint,microstructure,other
data,sub-761f_assay-microstructure_timepoint-b.csv,trace,microstructure,other
data,sub-779d_assay-microstructure_cond-control.csv,activity,microstructure,other
data,sub-779d_assay-microstructure_cond-control.csv,activity-2,microstructure,other
data,sub-779d_assay-microstructure_cond-control.csv,cond,microstructure,other
data,sub-779d_assay-microstructure_cond-control.csv,food,microstructure,other
data,sub-779d_assay-microstructure_cond-control.csv,food-2,microstructure,other
data,sub-779d_assay-microstructure_cond-control.csv,group,microstructure,other
data,sub-779d_assay-microstructure_cond-control.csv,group-2,microstructure,other
data,sub-779d_assay-microstructure_cond-control.csv,id,microstructure,other
data,sub-779d_assay-microstructure_cond-control.csv,start,microstructure,other
data,sub-779d_assay-microstructure_cond-control.csv,start-2,microstructure,other
data,sub-779d_assay-microstructure_cond-control.csv,thirds,microstructure,other
data,sub-779d_assay-microstructure_cond-control.csv,thirds-2,microstructure,other
data,sub-779d_assay-microstructure_cond-control.csv,time_1,microstructure,other
data,sub-779d_assay-microstructure_cond-control.csv,time_2,microstructure,other
data,sub-779d_assay-microstructure_cond-control.csv,time_2-1,microstructure,other
data,sub-779d_assay-microstructure_cond-control.csv,time_2-2,microstructure,other
data,sub-779d_assay-microstructure_cond-control.csv,trace,microstructure,other
data,sub-779d_assay-microstructure_cond-control.csv,trace-2,microstructure,other
data,sub-779d_assay-microstructure_cond-deprivaiton.csv,activity,microstructure,other
data,sub-779d_assay-microstructure_cond-deprivaiton.csv,activity-2,microstructure,other
data,sub-779d_assay-microstructure_cond-deprivaiton.csv,cond,microstructure,other
data,sub-779d_assay-microstructure_cond-deprivaiton.csv,food,microstructure,other
data,sub-779d_assay-microstructure_cond-deprivaiton.csv,food-2,microstructure,other
data,sub-779d_assay-microstructure_cond-deprivaiton.csv,group,microstructure,other
data,sub-779d_assay-microstructure_cond-deprivaiton.csv,group-2,microstructure,other
data,sub-779d_assay-microstructure_cond-deprivaiton.csv,id,microstructure,other
data,sub-779d_assay-microstructure_cond-deprivaiton.csv,start,microstructure,other
data,sub-779d_assay-microstructure_cond-deprivaiton.csv,start-2,microstructure,other
data,sub-779d_assay-microstructure_cond-deprivaiton.csv,thirds,microstructure,other
data,sub-779d_assay-microstructure_cond-deprivaiton.csv,thirds-2,microstructure,other
data,sub-779d_assay-microstructure_cond-deprivaiton.csv,time_1,microstructure,other
data,sub-779d_assay-microstructure_cond-deprivaiton.csv,time_2,microstructure,other
data,sub-779d_assay-microstructure_cond-deprivaiton.csv,time_2-1,microstructure,other
data,sub-779d_assay-microstructure_cond-deprivaiton.csv,time_2-2,microstructure,other
data,sub-779d_assay-microstructure_cond-deprivaiton.csv,trace,microstructure,other
data,sub-779d_assay-microstructure_cond-deprivaiton.csv,trace-2,microstructure,other
data,sub-79fb_assay-microstructure_timepoint-a.csv,activity,microstructure,other
data,sub-79fb_assay-microstructure_timepoint-a.csv,food,microstructure,other
data,sub-79fb_assay-microstructure_timepoint-a.csv,group,microstructure,other
data,sub-79fb_assay-microstructure_timepoint-a.csv,id,microstructure,other
data,sub-79fb_assay-microstructure_timepoint-a.csv,start,microstructure,other
data,sub-79fb_assay-microstructure_timepoint-a.csv,time1,microstructure,other
data,sub-79fb_assay-microstructure_timepoint-a.csv,time2,microstructure,other
data,sub-79fb_assay-microstructure_timepoint-a.csv,timepoint,microstructure,other
data,sub-79fb_assay-microstructure_timepoint-a.csv,trace,microstructure,other
data,sub-79fb_assay-microstructure_timepoint-b.csv,activity,microstructure,other
data,sub-79fb_assay-microstructure_timepoint-b.csv,food,microstructure,other
data,sub-79fb_assay-microstructure_timepoint-b.csv,group,microstructure,other
data,sub-79fb_assay-microstructure_timepoint-b.csv,id,microstructure,other
data,sub-79fb_assay-microstructure_timepoint-b.csv,start,microstructure,other
data,sub-79fb_assay-microstructure_timepoint-b.csv,time1,microstructure,other
data,sub-79fb_assay-microstructure_timepoint-b.csv,time2,microstructure,other
data,sub-79fb_assay-microstructure_timepoint-b.csv,timepoint,microstructure,other
data,sub-79fb_assay-microstructure_timepoint-b.csv,trace,microstructure,other
data,sub-7a53_assay-microstructure_cond-control.csv,activity,microstructure,other
data,sub-7a53_assay-microstructure_cond-control.csv,activity-2,microstructure,other
data,sub-7a53_assay-microstructure_cond-control.csv,cond,microstructure,other
data,sub-7a53_assay-microstructure_cond-control.csv,food,microstructure,other
data,sub-7a53_assay-microstructure_cond-control.csv,food-2,microstructure,other
data,sub-7a53_assay-microstructure_cond-control.csv,group,microstructure,other
data,sub-7a53_assay-microstructure_cond-control.csv,group-2,microstructure,other
data,sub-7a53_assay-microstructure_cond-control.csv,id,microstructure,other
data,sub-7a53_assay-microstructure_cond-control.csv,start,microstructure,other
data,sub-7a53_assay-microstructure_cond-control.csv,start-2,microstructure,other
data,sub-7a53_assay-microstructure_cond-control.csv,thirds,microstructure,other
data,sub-7a53_assay-microstructure_cond-control.csv,thirds-2,microstructure,other
data,sub-7a53_assay-microstructure_cond-control.csv,time_1,microstructure,other
data,sub-7a53_assay-microstructure_cond-control.csv,time_2,microstructure,other
data,sub-7a53_assay-microstructure_cond-control.csv,time_2-1,microstructure,other
data,sub-7a53_assay-microstructure_cond-control.csv,time_2-2,microstructure,other
data,sub-7a53_assay-microstructure_cond-control.csv,trace,microstructure,other
data,sub-7a53_assay-microstructure_cond-control.csv,trace-2,microstructure,other
data,sub-7a53_assay-microstructure_cond-deprivaiton.csv,activity,microstructure,other
data,sub-7a53_assay-microstructure_cond-deprivaiton.csv,activity-2,microstructure,other
data,sub-7a53_assay-microstructure_cond-deprivaiton.csv,cond,microstructure,other
data,sub-7a53_assay-microstructure_cond-deprivaiton.csv,food,microstructure,other
data,sub-7a53_assay-microstructure_cond-deprivaiton.csv,food-2,microstructure,other
data,sub-7a53_assay-microstructure_cond-deprivaiton.csv,group,microstructure,other
data,sub-7a53_assay-microstructure_cond-deprivaiton.csv,group-2,microstructure,other
data,sub-7a53_assay-microstructure_cond-deprivaiton.csv,id,microstructure,other
data,sub-7a53_assay-microstructure_cond-deprivaiton.csv,start,microstructure,other
data,sub-7a53_assay-microstructure_cond-deprivaiton.csv,start-2,microstructure,other
data,sub-7a53_assay-microstructure_cond-deprivaiton.csv,thirds,microstructure,other
data,sub-7a53_assay-microstructure_cond-deprivaiton.csv,thirds-2,microstructure,other
data,sub-7a53_assay-microstructure_cond-deprivaiton.csv,time_1,microstructure,other
data,sub-7a53_assay-microstructure_cond-deprivaiton.csv,time_2,microstructure,other
data,sub-7a53_assay-microstructure_cond-deprivaiton.csv,time_2-1,microstructure,other
data,sub-7a53_assay-microstructure_cond-deprivaiton.csv,time_2-2,microstructure,other
data,sub-7a53_assay-microstructure_cond-deprivaiton.csv,trace,microstructure,other
data,sub-7a53_assay-microstructure_cond-deprivaiton.csv,trace-2,microstructure,other
data,sub-7d9e_assay-microstructure_cond-control.csv,activity,microstructure,other
data,sub-7d9e_assay-microstructure_cond-control.csv,activity-2,microstructure,other
data,sub-7d9e_assay-microstructure_cond-control.csv,cond,microstructure,other
data,sub-7d9e_assay-microstructure_cond-control.csv,food,microstructure,other
data,sub-7d9e_assay-microstructure_cond-control.csv,food-2,microstructure,other
data,sub-7d9e_assay-microstructure_cond-control.csv,group,microstructure,other
data,sub-7d9e_assay-microstructure_cond-control.csv,group-2,microstructure,other
data,sub-7d9e_assay-microstructure_cond-control.csv,id,microstructure,other
data,sub-7d9e_assay-microstructure_cond-control.csv,start,microstructure,other
data,sub-7d9e_assay-microstructure_cond-control.csv,start-2,microstructure,other
data,sub-7d9e_assay-microstructure_cond-control.csv,thirds,microstructure,other
data,sub-7d9e_assay-microstructure_cond-control.csv,thirds-2,microstructure,other
data,sub-7d9e_assay-microstructure_cond-control.csv,time_1,microstructure,other
data,sub-7d9e_assay-microstructure_cond-control.csv,time_2,microstructure,other
data,sub-7d9e_assay-microstructure_cond-control.csv,time_2-1,microstructure,other
data,sub-7d9e_assay-microstructure_cond-control.csv,time_2-2,microstructure,other
data,sub-7d9e_assay-microstructure_cond-control.csv,trace,microstructure,other
data,sub-7d9e_assay-microstructure_cond-control.csv,trace-2,microstructure,other
data,sub-7d9e_assay-microstructure_cond-deprivaiton.csv,activity,microstructure,other
data,sub-7d9e_assay-microstructure_cond-deprivaiton.csv,activity-2,microstructure,other
data,sub-7d9e_assay-microstructure_cond-deprivaiton.csv,cond,microstructure,other
data,sub-7d9e_assay-microstructure_cond-deprivaiton.csv,food,microstructure,other
data,sub-7d9e_assay-microstructure_cond-deprivaiton.csv,food-2,microstructure,other
data,sub-7d9e_assay-microstructure_cond-deprivaiton.csv,group,microstructure,other
data,sub-7d9e_assay-microstructure_cond-deprivaiton.csv,group-2,microstructure,other
data,sub-7d9e_assay-microstructure_cond-deprivaiton.csv,id,microstructure,other
data,sub-7d9e_assay-microstructure_cond-deprivaiton.csv,start,microstructure,other
data,sub-7d9e_assay-microstructure_cond-deprivaiton.csv,start-2,microstructure,other
data,sub-7d9e_assay-microstructure_cond-deprivaiton.csv,thirds,microstructure,other
data,sub-7d9e_assay-microstructure_cond-deprivaiton.csv,thirds-2,microstructure,other
data,sub-7d9e_assay-microstructure_cond-deprivaiton.csv,time_1,microstructure,other
data,sub-7d9e_assay-microstructure_cond-deprivaiton.csv,time_2,microstructure,other
data,sub-7d9e_assay-microstructure_cond-deprivaiton.csv,time_2-1,microstructure,other
data,sub-7d9e_assay-microstructure_cond-deprivaiton.csv,time_2-2,microstructure,other
data,sub-7d9e_assay-microstructure_cond-deprivaiton.csv,trace,microstructure,other
data,sub-7d9e_assay-microstructure_cond-deprivaiton.csv,trace-2,microstructure,other
data,sub-7eba_assay-microstructure_cond-control.csv,activity,microstructure,other
data,sub-7eba_assay-microstructure_cond-control.csv,activity-2,microstructure,other
data,sub-7eba_assay-microstructure_cond-control.csv,cond,microstructure,other
data,sub-7eba_assay-microstructure_cond-control.csv,food,microstructure,other
data,sub-7eba_assay-microstructure_cond-control.csv,food-2,microstructure,other
data,sub-7eba_assay-microstructure_cond-control.csv,group,microstructure,other
data,sub-7eba_assay-microstructure_cond-control.csv,group-2,microstructure,other
data,sub-7eba_assay-microstructure_cond-control.csv,id,microstructure,other
data,sub-7eba_assay-microstructure_cond-control.csv,start,microstructure,other
data,sub-7eba_assay-microstructure_cond-control.csv,start-2,microstructure,other
data,sub-7eba_assay-microstructure_cond-control.csv,thirds,microstructure,other
data,sub-7eba_assay-microstructure_cond-control.csv,thirds-2,microstructure,other
data,sub-7eba_assay-microstructure_cond-control.csv,time_1,microstructure,other
data,sub-7eba_assay-microstructure_cond-control.csv,time_2,microstructure,other
data,sub-7eba_assay-microstructure_cond-control.csv,time_2-1,microstructure,other
data,sub-7eba_assay-microstructure_cond-control.csv,time_2-2,microstructure,other
data,sub-7eba_assay-microstructure_cond-control.csv,trace,microstructure,other
data,sub-7eba_assay-microstructure_cond-control.csv,trace-2,microstructure,other
data,sub-7eba_assay-microstructure_cond-deprivaiton.csv,activity,microstructure,other
data,sub-7eba_assay-microstructure_cond-deprivaiton.csv,activity-2,microstructure,other
data,sub-7eba_assay-microstructure_cond-deprivaiton.csv,cond,microstructure,other
data,sub-7eba_assay-microstructure_cond-deprivaiton.csv,food,microstructure,other
data,sub-7eba_assay-microstructure_cond-deprivaiton.csv,food-2,microstructure,other
data,sub-7eba_assay-microstructure_cond-deprivaiton.csv,group,microstructure,other
data,sub-7eba_assay-microstructure_cond-deprivaiton.csv,group-2,microstructure,other
data,sub-7eba_assay-microstructure_cond-deprivaiton.csv,id,microstructure,other
data,sub-7eba_assay-microstructure_cond-deprivaiton.csv,start,microstructure,other
data,sub-7eba_assay-microstructure_cond-deprivaiton.csv,start-2,microstructure,other
data,sub-7eba_assay-microstructure_cond-deprivaiton.csv,thirds,microstructure,other
data,sub-7eba_assay-microstructure_cond-deprivaiton.csv,thirds-2,microstructure,other
data,sub-7eba_assay-microstructure_cond-deprivaiton.csv,time_1,microstructure,other
data,sub-7eba_assay-microstructure_cond-deprivaiton.csv,time_2,microstructure,other
data,sub-7eba_assay-microstructure_cond-deprivaiton.csv,time_2-1,microstructure,other
data,sub-7eba_assay-microstructure_cond-deprivaiton.csv,time_2-2,microstructure,other
data,sub-7eba_assay-microstructure_cond-deprivaiton.csv,trace,microstructure,other
data,sub-7eba_assay-microstructure_cond-deprivaiton.csv,trace-2,microstructure,other
data,sub-7fab_assay-microstructure_cond-control.csv,activity,microstructure,other
data,sub-7fab_assay-microstructure_cond-control.csv,activity-2,microstructure,other
data,sub-7fab_assay-microstructure_cond-control.csv,cond,microstructure,other
data,sub-7fab_assay-microstructure_cond-control.csv,food,microstructure,other
data,sub-7fab_assay-microstructure_cond-control.csv,food-2,microstructure,other
data,sub-7fab_assay-microstructure_cond-control.csv,group,microstructure,other
data,sub-7fab_assay-microstructure_cond-control.csv,group-2,microstructure,other
data,sub-7fab_assay-microstructure_cond-control.csv,id,microstructure,other
data,sub-7fab_assay-microstructure_cond-control.csv,start,microstructure,other
data,sub-7fab_assay-microstructure_cond-control.csv,start-2,microstructure,other
data,sub-7fab_assay-microstructure_cond-control.csv,thirds,microstructure,other
data,sub-7fab_assay-microstructure_cond-control.csv,thirds-2,microstructure,other
data,sub-7fab_assay-microstructure_cond-control.csv,time_1,microstructure,other
data,sub-7fab_assay-microstructure_cond-control.csv,time_2,microstructure,other
data,sub-7fab_assay-microstructure_cond-control.csv,time_2-1,microstructure,other
data,sub-7fab_assay-microstructure_cond-control.csv,time_2-2,microstructure,other
data,sub-7fab_assay-microstructure_cond-control.csv,trace,microstructure,other
data,sub-7fab_assay-microstructure_cond-control.csv,trace-2,microstructure,other
data,sub-7fab_assay-microstructure_cond-deprivaiton.csv,activity,microstructure,other
data,sub-7fab_assay-microstructure_cond-deprivaiton.csv,activity-2,microstructure,other
data,sub-7fab_assay-microstructure_cond-deprivaiton.csv,cond,microstructure,other
data,sub-7fab_assay-microstructure_cond-deprivaiton.csv,food,microstructure,other
data,sub-7fab_assay-microstructure_cond-deprivaiton.csv,food-2,microstructure,other
data,sub-7fab_assay-microstructure_cond-deprivaiton.csv,group,microstructure,other
data,sub-7fab_assay-microstructure_cond-deprivaiton.csv,group-2,microstructure,other
data,sub-7fab_assay-microstructure_cond-deprivaiton.csv,id,microstructure,other
data,sub-7fab_assay-microstructure_cond-deprivaiton.csv,start,microstructure,other
data,sub-7fab_assay-microstructure_cond-deprivaiton.csv,start-2,microstructure,other
data,sub-7fab_assay-microstructure_cond-deprivaiton.csv,thirds,microstructure,other
data,sub-7fab_assay-microstructure_cond-deprivaiton.csv,thirds-2,microstructure,other
data,sub-7fab_assay-microstructure_cond-deprivaiton.csv,time_1,microstructure,other
data,sub-7fab_assay-microstructure_cond-deprivaiton.csv,time_2,microstructure,other
data,sub-7fab_assay-microstructure_cond-deprivaiton.csv,time_2-1,microstructure,other
data,sub-7fab_assay-microstructure_cond-deprivaiton.csv,time_2-2,microstructure,other
data,sub-7fab_assay-microstructure_cond-deprivaiton.csv,trace,microstructure,other
data,sub-7fab_assay-microstructure_cond-deprivaiton.csv,trace-2,microstructure,other
data,sub-86cd_assay-microstructure_timepoint-a.csv,activity,microstructure,other
data,sub-86cd_assay-microstructure_timepoint-a.csv,food,microstructure,other
data,sub-86cd_assay-microstructure_timepoint-a.csv,group,microstructure,other
data,sub-86cd_assay-microstructure_timepoint-a.csv,id,microstructure,other
data,sub-86cd_assay-microstructure_timepoint-a.csv,start,microstructure,other
data,sub-86cd_assay-microstructure_timepoint-a.csv,time1,microstructure,other
data,sub-86cd_assay-microstructure_timepoint-a.csv,time2,microstructure,other
data,sub-86cd_assay-microstructure_timepoint-a.csv,timepoint,microstructure,other
data,sub-86cd_assay-microstructure_timepoint-a.csv,trace,microstructure,other
data,sub-86cd_assay-microstructure_timepoint-b.csv,activity,microstructure,other
data,sub-86cd_assay-microstructure_timepoint-b.csv,food,microstructure,other
data,sub-86cd_assay-microstructure_timepoint-b.csv,group,microstructure,other
data,sub-86cd_assay-microstructure_timepoint-b.csv,id,microstructure,other
data,sub-86cd_assay-microstructure_timepoint-b.csv,start,microstructure,other
data,sub-86cd_assay-microstructure_timepoint-b.csv,time1,microstructure,other
data,sub-86cd_assay-microstructure_timepoint-b.csv,time2,microstructure,other
data,sub-86cd_assay-microstructure_timepoint-b.csv,timepoint,microstructure,other
data,sub-86cd_assay-microstructure_timepoint-b.csv,trace,microstructure,other
data,sub-8a9b_assay-microstructure_cond-control.csv,activity,microstructure,other
data,sub-8a9b_assay-microstructure_cond-control.csv,activity-2,microstructure,other
data,sub-8a9b_assay-microstructure_cond-control.csv,cond,microstructure,other
data,sub-8a9b_assay-microstructure_cond-control.csv,food,microstructure,other
data,sub-8a9b_assay-microstructure_cond-control.csv,food-2,microstructure,other
data,sub-8a9b_assay-microstructure_cond-control.csv,group,microstructure,other
data,sub-8a9b_assay-microstructure_cond-control.csv,group-2,microstructure,other
data,sub-8a9b_assay-microstructure_cond-control.csv,id,microstructure,other
data,sub-8a9b_assay-microstructure_cond-control.csv,start,microstructure,other
data,sub-8a9b_assay-microstructure_cond-control.csv,start-2,microstructure,other
data,sub-8a9b_assay-microstructure_cond-control.csv,thirds,microstructure,other
data,sub-8a9b_assay-microstructure_cond-control.csv,thirds-2,microstructure,other
data,sub-8a9b_assay-microstructure_cond-control.csv,time_1,microstructure,other
data,sub-8a9b_assay-microstructure_cond-control.csv,time_2,microstructure,other
data,sub-8a9b_assay-microstructure_cond-control.csv,time_2-1,microstructure,other
data,sub-8a9b_assay-microstructure_cond-control.csv,time_2-2,microstructure,other
data,sub-8a9b_assay-microstructure_cond-control.csv,trace,microstructure,other
data,sub-8a9b_assay-microstructure_cond-control.csv,trace-2,microstructure,other
data,sub-8a9b_assay-microstructure_cond-deprivaiton.csv,activity,microstructure,other
data,sub-8a9b_assay-microstructure_cond-deprivaiton.csv,activity-2,microstructure,other
data,sub-8a9b_assay-microstructure_cond-deprivaiton.csv,cond,microstructure,other
data,sub-8a9b_assay-microstructure_cond-deprivaiton.csv,food,microstructure,other
data,sub-8a9b_assay-microstructure_cond-deprivaiton.csv,food-2,microstructure,other
data,sub-8a9b_assay-microstructure_cond-deprivaiton.csv,group,microstructure,other
data,sub-8a9b_assay-microstructure_cond-deprivaiton.csv,group-2,microstructure,other
data,sub-8a9b_assay-microstructure_cond-deprivaiton.csv,id,microstructure,other
data,sub-8a9b_assay-microstructure_cond-deprivaiton.csv,start,microstructure,other
data,sub-8a9b_assay-microstructure_cond-deprivaiton.csv,start-2,microstructure,other
data,sub-8a9b_assay-microstructure_cond-deprivaiton.csv,thirds,microstructure,other
data,sub-8a9b_assay-microstructure_cond-deprivaiton.csv,thirds-2,microstructure,other
data,sub-8a9b_assay-microstructure_cond-deprivaiton.csv,time_1,microstructure,other
data,sub-8a9b_assay-microstructure_cond-deprivaiton.csv,time_2,microstructure,other
data,sub-8a9b_assay-microstructure_cond-deprivaiton.csv,time_2-1,microstructure,other
data,sub-8a9b_assay-microstructure_cond-deprivaiton.csv,time_2-2,microstructure,other
data,sub-8a9b_assay-microstructure_cond-deprivaiton.csv,trace,microstructure,other
data,sub-8a9b_assay-microstructure_cond-deprivaiton.csv,trace-2,microstructure,other
data,sub-8ac8_assay-microstructure_cond-control.csv,activity,microstructure,other
data,sub-8ac8_assay-microstructure_cond-control.csv,activity-2,microstructure,other
data,sub-8ac8_assay-microstructure_cond-control.csv,cond,microstructure,other
data,sub-8ac8_assay-microstructure_cond-control.csv,food,microstructure,other
data,sub-8ac8_assay-microstructure_cond-control.csv,food-2,microstructure,other
data,sub-8ac8_assay-microstructure_cond-control.csv,group,microstructure,other
data,sub-8ac8_assay-microstructure_cond-control.csv,group-2,microstructure,other
data,sub-8ac8_assay-microstructure_cond-control.csv,id,microstructure,other
data,sub-8ac8_assay-microstructure_cond-control.csv,start,microstructure,other
data,sub-8ac8_assay-microstructure_cond-control.csv,start-2,microstructure,other
data,sub-8ac8_assay-microstructure_cond-control.csv,thirds,microstructure,other
data,sub-8ac8_assay-microstructure_cond-control.csv,thirds-2,microstructure,other
data,sub-8ac8_assay-microstructure_cond-control.csv,time_1,microstructure,other
data,sub-8ac8_assay-microstructure_cond-control.csv,time_2,microstructure,other
data,sub-8ac8_assay-microstructure_cond-control.csv,time_2-1,microstructure,other
data,sub-8ac8_assay-microstructure_cond-control.csv,time_2-2,microstructure,other
data,sub-8ac8_assay-microstructure_cond-control.csv,trace,microstructure,other
data,sub-8ac8_assay-microstructure_cond-control.csv,trace-2,microstructure,other
data,sub-8ac8_assay-microstructure_cond-deprivaiton.csv,activity,microstructure,other
data,sub-8ac8_assay-microstructure_cond-deprivaiton.csv,activity-2,microstructure,other
data,sub-8ac8_assay-microstructure_cond-deprivaiton.csv,cond,microstructure,other
data,sub-8ac8_assay-microstructure_cond-deprivaiton.csv,food,microstructure,other
data,sub-8ac8_assay-microstructure_cond-deprivaiton.csv,food-2,microstructure,other
data,sub-8ac8_assay-microstructure_cond-deprivaiton.csv,group,microstructure,other
data,sub-8ac8_assay-microstructure_cond-deprivaiton.csv,group-2,microstructure,other
data,sub-8ac8_assay-microstructure_cond-deprivaiton.csv,id,microstructure,other
data,sub-8ac8_assay-microstructure_cond-deprivaiton.csv,start,microstructure,other
data,sub-8ac8_assay-microstructure_cond-deprivaiton.csv,start-2,microstructure,other
data,sub-8ac8_assay-microstructure_cond-deprivaiton.csv,thirds,microstructure,other
data,sub-8ac8_assay-microstructure_cond-deprivaiton.csv,thirds-2,microstructure,other
data,sub-8ac8_assay-microstructure_cond-deprivaiton.csv,time_1,microstructure,other
data,sub-8ac8_assay-microstructure_cond-deprivaiton.csv,time_2,microstructure,other
data,sub-8ac8_assay-microstructure_cond-deprivaiton.csv,time_2-1,microstructure,other
data,sub-8ac8_assay-microstructure_cond-deprivaiton.csv,time_2-2,microstructure,other
data,sub-8ac8_assay-microstructure_cond-deprivaiton.csv,trace,microstructure,other
data,sub-8ac8_assay-microstructure_cond-deprivaiton.csv,trace-2,microstructure,other
data,sub-8b33_assay-microstructure_cond-control.csv,activity,microstructure,other
data,sub-8b33_assay-microstructure_cond-control.csv,activity-2,microstructure,other
data,sub-8b33_assay-microstructure_cond-control.csv,cond,microstructure,other
data,sub-8b33_assay-microstructure_cond-control.csv,food,microstructure,other
data,sub-8b33_assay-microstructure_cond-control.csv,food-2,microstructure,other
data,sub-8b33_assay-microstructure_cond-control.csv,group,microstructure,other
data,sub-8b33_assay-microstructure_cond-control.csv,group-2,microstructure,other
data,sub-8b33_assay-microstructure_cond-control.csv,id,microstructure,other
data,sub-8b33_assay-microstructure_cond-control.csv,start,microstructure,other
data,sub-8b33_assay-microstructure_cond-control.csv,start-2,microstructure,other
data,sub-8b33_assay-microstructure_cond-control.csv,thirds,microstructure,other
data,sub-8b33_assay-microstructure_cond-control.csv,thirds-2,microstructure,other
data,sub-8b33_assay-microstructure_cond-control.csv,time_1,microstructure,other
data,sub-8b33_assay-microstructure_cond-control.csv,time_2,microstructure,other
data,sub-8b33_assay-microstructure_cond-control.csv,time_2-1,microstructure,other
data,sub-8b33_assay-microstructure_cond-control.csv,time_2-2,microstructure,other
data,sub-8b33_assay-microstructure_cond-control.csv,trace,microstructure,other
data,sub-8b33_assay-microstructure_cond-control.csv,trace-2,microstructure,other
data,sub-8b33_assay-microstructure_cond-deprivaiton.csv,activity,microstructure,other
data,sub-8b33_assay-microstructure_cond-deprivaiton.csv,activity-2,microstructure,other
data,sub-8b33_assay-microstructure_cond-deprivaiton.csv,cond,microstructure,other
data,sub-8b33_assay-microstructure_cond-deprivaiton.csv,food,microstructure,other
data,sub-8b33_assay-microstructure_cond-deprivaiton.csv,food-2,microstructure,other
data,sub-8b33_assay-microstructure_cond-deprivaiton.csv,group,microstructure,other
data,sub-8b33_assay-microstructure_cond-deprivaiton.csv,group-2,microstructure,other
data,sub-8b33_assay-microstructure_cond-deprivaiton.csv,id,microstructure,other
data,sub-8b33_assay-microstructure_cond-deprivaiton.csv,start,microstructure,other
data,sub-8b33_assay-microstructure_cond-deprivaiton.csv,start-2,microstructure,other
data,sub-8b33_assay-microstructure_cond-deprivaiton.csv,thirds,microstructure,other
data,sub-8b33_assay-microstructure_cond-deprivaiton.csv,thirds-2,microstructure,other
data,sub-8b33_assay-microstructure_cond-deprivaiton.csv,time_1,microstructure,other
data,sub-8b33_assay-microstructure_cond-deprivaiton.csv,time_2,microstructure,other
data,sub-8b33_assay-microstructure_cond-deprivaiton.csv,time_2-1,microstructure,other
data,sub-8b33_assay-microstructure_cond-deprivaiton.csv,time_2-2,microstructure,other
data,sub-8b33_assay-microstructure_cond-deprivaiton.csv,trace,microstructure,other
data,sub-8b33_assay-microstructure_cond-deprivaiton.csv,trace-2,microstructure,other
data,sub-8b39_assay-microstructure_timepoint-a.csv,activity,microstructure,other
data,sub-8b39_assay-microstructure_timepoint-a.csv,food,microstructure,other
data,sub-8b39_assay-microstructure_timepoint-a.csv,group,microstructure,other
data,sub-8b39_assay-microstructure_timepoint-a.csv,id,microstructure,other
data,sub-8b39_assay-microstructure_timepoint-a.csv,start,microstructure,other
data,sub-8b39_assay-microstructure_timepoint-a.csv,time1,microstructure,other
data,sub-8b39_assay-microstructure_timepoint-a.csv,time2,microstructure,other
data,sub-8b39_assay-microstructure_timepoint-a.csv,timepoint,microstructure,other
data,sub-8b39_assay-microstructure_timepoint-a.csv,trace,microstructure,other
data,sub-8b39_assay-microstructure_timepoint-b.csv,activity,microstructure,other
data,sub-8b39_assay-microstructure_timepoint-b.csv,food,microstructure,other
data,sub-8b39_assay-microstructure_timepoint-b.csv,group,microstructure,other
data,sub-8b39_assay-microstructure_timepoint-b.csv,id,microstructure,other
data,sub-8b39_assay-microstructure_timepoint-b.csv,start,microstructure,other
data,sub-8b39_assay-microstructure_timepoint-b.csv,time1,microstructure,other
data,sub-8b39_assay-microstructure_timepoint-b.csv,time2,microstructure,other
data,sub-8b39_assay-microstructure_timepoint-b.csv,timepoint,microstructure,other
data,sub-8b39_assay-microstructure_timepoint-b.csv,trace,microstructure,other
data,sub-8dbe_assay-microstructure_cond-control.csv,activity,microstructure,other
data,sub-8dbe_assay-microstructure_cond-control.csv,activity-2,microstructure,other
data,sub-8dbe_assay-microstructure_cond-control.csv,cond,microstructure,other
data,sub-8dbe_assay-microstructure_cond-control.csv,food,microstructure,other
data,sub-8dbe_assay-microstructure_cond-control.csv,food-2,microstructure,other
data,sub-8dbe_assay-microstructure_cond-control.csv,group,microstructure,other
data,sub-8dbe_assay-microstructure_cond-control.csv,group-2,microstructure,other
data,sub-8dbe_assay-microstructure_cond-control.csv,id,microstructure,other
data,sub-8dbe_assay-microstructure_cond-control.csv,start,microstructure,other
data,sub-8dbe_assay-microstructure_cond-control.csv,start-2,microstructure,other
data,sub-8dbe_assay-microstructure_cond-control.csv,time_1,microstructure,other
data,sub-8dbe_assay-microstructure_cond-control.csv,time_2,microstructure,other
data,sub-8dbe_assay-microstructure_cond-control.csv,time_2-1,microstructure,other
data,sub-8dbe_assay-microstructure_cond-control.csv,time_2-2,microstructure,other
data,sub-8dbe_assay-microstructure_cond-control.csv,trace,microstructure,other
data,sub-8dbe_assay-microstructure_cond-control.csv,trace-2,microstructure,other
data,sub-8dbe_assay-microstructure_cond-deprivaiton.csv,activity,microstructure,other
data,sub-8dbe_assay-microstructure_cond-deprivaiton.csv,activity-2,microstructure,other
data,sub-8dbe_assay-microstructure_cond-deprivaiton.csv,cond,microstructure,other
data,sub-8dbe_assay-microstructure_cond-deprivaiton.csv,food,microstructure,other
data,sub-8dbe_assay-microstructure_cond-deprivaiton.csv,food-2,microstructure,other
data,sub-8dbe_assay-microstructure_cond-deprivaiton.csv,group,microstructure,other
data,sub-8dbe_assay-microstructure_cond-deprivaiton.csv,group-2,microstructure,other
data,sub-8dbe_assay-microstructure_cond-deprivaiton.csv,id,microstructure,other
data,sub-8dbe_assay-microstructure_cond-deprivaiton.csv,start,microstructure,other
data,sub-8dbe_assay-microstructure_cond-deprivaiton.csv,start-2,microstructure,other
data,sub-8dbe_assay-microstructure_cond-deprivaiton.csv,time_1,microstructure,other
data,sub-8dbe_assay-microstructure_cond-deprivaiton.csv,time_2,microstructure,other
data,sub-8dbe_assay-microstructure_cond-deprivaiton.csv,time_2-1,microstructure,other
data,sub-8dbe_assay-microstructure_cond-deprivaiton.csv,time_2-2,microstructure,other
data,sub-8dbe_assay-microstructure_cond-deprivaiton.csv,trace,microstructure,other
data,sub-8dbe_assay-microstructure_cond-deprivaiton.csv,trace-2,microstructure,other
data,sub-8e0c_assay-microstructure_cond-control.csv,activity,microstructure,other
data,sub-8e0c_assay-microstructure_cond-control.csv,activity-2,microstructure,other
data,sub-8e0c_assay-microstructure_cond-control.csv,cond,microstructure,other
data,sub-8e0c_assay-microstructure_cond-control.csv,food,microstructure,other
data,sub-8e0c_assay-microstructure_cond-control.csv,food-2,microstructure,other
data,sub-8e0c_assay-microstructure_cond-control.csv,group,microstructure,other
data,sub-8e0c_assay-microstructure_cond-control.csv,group-2,microstructure,other
data,sub-8e0c_assay-microstructure_cond-control.csv,id,microstructure,other
data,sub-8e0c_assay-microstructure_cond-control.csv,start,microstructure,other
data,sub-8e0c_assay-microstructure_cond-control.csv,start-2,microstructure,other
data,sub-8e0c_assay-microstructure_cond-control.csv,thirds,microstructure,other
data,sub-8e0c_assay-microstructure_cond-control.csv,thirds-2,microstructure,other
data,sub-8e0c_assay-microstructure_cond-control.csv,time_1,microstructure,other
data,sub-8e0c_assay-microstructure_cond-control.csv,time_2,microstructure,other
data,sub-8e0c_assay-microstructure_cond-control.csv,time_2-1,microstructure,other
data,sub-8e0c_assay-microstructure_cond-control.csv,time_2-2,microstructure,other
data,sub-8e0c_assay-microstructure_cond-control.csv,trace,microstructure,other
data,sub-8e0c_assay-microstructure_cond-control.csv,trace-2,microstructure,other
data,sub-8e0c_assay-microstructure_cond-deprivaiton.csv,activity,microstructure,other
data,sub-8e0c_assay-microstructure_cond-deprivaiton.csv,activity-2,microstructure,other
data,sub-8e0c_assay-microstructure_cond-deprivaiton.csv,cond,microstructure,other
data,sub-8e0c_assay-microstructure_cond-deprivaiton.csv,food,microstructure,other
data,sub-8e0c_assay-microstructure_cond-deprivaiton.csv,food-2,microstructure,other
data,sub-8e0c_assay-microstructure_cond-deprivaiton.csv,group,microstructure,other
data,sub-8e0c_assay-microstructure_cond-deprivaiton.csv,group-2,microstructure,other
data,sub-8e0c_assay-microstructure_cond-deprivaiton.csv,id,microstructure,other
data,sub-8e0c_assay-microstructure_cond-deprivaiton.csv,start,microstructure,other
data,sub-8e0c_assay-microstructure_cond-deprivaiton.csv,start-2,microstructure,other
data,sub-8e0c_assay-microstructure_cond-deprivaiton.csv,thirds,microstructure,other
data,sub-8e0c_assay-microstructure_cond-deprivaiton.csv,thirds-2,microstructure,other
data,sub-8e0c_assay-microstructure_cond-deprivaiton.csv,time_1,microstructure,other
data,sub-8e0c_assay-microstructure_cond-deprivaiton.csv,time_2,microstructure,other
data,sub-8e0c_assay-microstructure_cond-deprivaiton.csv,time_2-1,microstructure,other
data,sub-8e0c_assay-microstructure_cond-deprivaiton.csv,time_2-2,microstructure,other
data,sub-8e0c_assay-microstructure_cond-deprivaiton.csv,trace,microstructure,other
data,sub-8e0c_assay-microstructure_cond-deprivaiton.csv,trace-2,microstructure,other
data,sub-93a2_assay-microstructure_cond-control.csv,activity,microstructure,other
data,sub-93a2_assay-microstructure_cond-control.csv,activity-2,microstructure,other
data,sub-93a2_assay-microstructure_cond-control.csv,cond,microstructure,other
data,sub-93a2_assay-microstructure_cond-control.csv,food,microstructure,other
data,sub-93a2_assay-microstructure_cond-control.csv,food-2,microstructure,other
data,sub-93a2_assay-microstructure_cond-control.csv,group,microstructure,other
data,sub-93a2_assay-microstructure_cond-control.csv,group-2,microstructure,other
data,sub-93a2_assay-microstructure_cond-control.csv,id,microstructure,other
data,sub-93a2_assay-microstructure_cond-control.csv,start,microstructure,other
data,sub-93a2_assay-microstructure_cond-control.csv,start-2,microstructure,other
data,sub-93a2_assay-microstructure_cond-control.csv,thirds,microstructure,other
data,sub-93a2_assay-microstructure_cond-control.csv,thirds-2,microstructure,other
data,sub-93a2_assay-microstructure_cond-control.csv,time_1,microstructure,other
data,sub-93a2_assay-microstructure_cond-control.csv,time_2,microstructure,other
data,sub-93a2_assay-microstructure_cond-control.csv,time_2-1,microstructure,other
data,sub-93a2_assay-microstructure_cond-control.csv,time_2-2,microstructure,other
data,sub-93a2_assay-microstructure_cond-control.csv,trace,microstructure,other
data,sub-93a2_assay-microstructure_cond-control.csv,trace-2,microstructure,other
data,sub-93a2_assay-microstructure_cond-deprivaiton.csv,activity,microstructure,other
data,sub-93a2_assay-microstructure_cond-deprivaiton.csv,activity-2,microstructure,other
data,sub-93a2_assay-microstructure_cond-deprivaiton.csv,cond,microstructure,other
data,sub-93a2_assay-microstructure_cond-deprivaiton.csv,food,microstructure,other
data,sub-93a2_assay-microstructure_cond-deprivaiton.csv,food-2,microstructure,other
data,sub-93a2_assay-microstructure_cond-deprivaiton.csv,group,microstructure,other
data,sub-93a2_assay-microstructure_cond-deprivaiton.csv,group-2,microstructure,other
data,sub-93a2_assay-microstructure_cond-deprivaiton.csv,id,microstructure,other
data,sub-93a2_assay-microstructure_cond-deprivaiton.csv,start,microstructure,other
data,sub-93a2_assay-microstructure_cond-deprivaiton.csv,start-2,microstructure,other
data,sub-93a2_assay-microstructure_cond-deprivaiton.csv,thirds,microstructure,other
data,sub-93a2_assay-microstructure_cond-deprivaiton.csv,thirds-2,microstructure,other
data,sub-93a2_assay-microstructure_cond-deprivaiton.csv,time_1,microstructure,other
data,sub-93a2_assay-microstructure_cond-deprivaiton.csv,time_2,microstructure,other
data,sub-93a2_assay-microstructure_cond-deprivaiton.csv,time_2-1,microstructure,other
data,sub-93a2_assay-microstructure_cond-deprivaiton.csv,time_2-2,microstructure,other
data,sub-93a2_assay-microstructure_cond-deprivaiton.csv,trace,microstructure,other
data,sub-93a2_assay-microstructure_cond-deprivaiton.csv,trace-2,microstructure,other
data,sub-94a3_assay-microstructure_cond-control.csv,activity,microstructure,other
data,sub-94a3_assay-microstructure_cond-control.csv,activity-2,microstructure,other
data,sub-94a3_assay-microstructure_cond-control.csv,cond,microstructure,other
data,sub-94a3_assay-microstructure_cond-control.csv,food,microstructure,other
data,sub-94a3_assay-microstructure_cond-control.csv,food-2,microstructure,other
data,sub-94a3_assay-microstructure_cond-control.csv,id,microstructure,other
data,sub-94a3_assay-microstructure_cond-control.csv,start,microstructure,other
data,sub-94a3_assay-microstructure_cond-control.csv,start-2,microstructure,other
data,sub-94a3_assay-microstructure_cond-control.csv,time_1,microstructure,other
data,sub-94a3_assay-microstructure_cond-control.csv,time_2,microstructure,other
data,sub-94a3_assay-microstructure_cond-control.csv,time_2-1,microstructure,other
data,sub-94a3_assay-microstructure_cond-control.csv,time_2-2,microstructure,other
data,sub-94a3_assay-microstructure_cond-control.csv,trace,microstructure,other
data,sub-94a3_assay-microstructure_cond-control.csv,trace-2,microstructure,other
data,sub-94a3_assay-microstructure_cond-deprivaiton.csv,activity,microstructure,other
data,sub-94a3_assay-microstructure_cond-deprivaiton.csv,activity-2,microstructure,other
data,sub-94a3_assay-microstructure_cond-deprivaiton.csv,cond,microstructure,other
data,sub-94a3_assay-microstructure_cond-deprivaiton.csv,food,microstructure,other
data,sub-94a3_assay-microstructure_cond-deprivaiton.csv,food-2,microstructure,other
data,sub-94a3_assay-microstructure_cond-deprivaiton.csv,id,microstructure,other
data,sub-94a3_assay-microstructure_cond-deprivaiton.csv,start,microstructure,other
data,sub-94a3_assay-microstructure_cond-deprivaiton.csv,start-2,microstructure,other
data,sub-94a3_assay-microstructure_cond-deprivaiton.csv,time_1,microstructure,other
data,sub-94a3_assay-microstructure_cond-deprivaiton.csv,time_2,microstructure,other
data,sub-94a3_assay-microstructure_cond-deprivaiton.csv,time_2-1,microstructure,other
data,sub-94a3_assay-microstructure_cond-deprivaiton.csv,time_2-2,microstructure,other
data,sub-94a3_assay-microstructure_cond-deprivaiton.csv,trace,microstructure,other
data,sub-94a3_assay-microstructure_cond-deprivaiton.csv,trace-2,microstructure,other
data,sub-960c_assay-microstructure_timepoint-a.csv,activity,microstructure,other
data,sub-960c_assay-microstructure_timepoint-a.csv,food,microstructure,other
data,sub-960c_assay-microstructure_timepoint-a.csv,group,microstructure,other
data,sub-960c_assay-microstructure_timepoint-a.csv,id,microstructure,other
data,sub-960c_assay-microstructure_timepoint-a.csv,start,microstructure,other
data,sub-960c_assay-microstructure_timepoint-a.csv,time1,microstructure,other
data,sub-960c_assay-microstructure_timepoint-a.csv,time2,microstructure,other
data,sub-960c_assay-microstructure_timepoint-a.csv,timepoint,microstructure,other
data,sub-960c_assay-microstructure_timepoint-a.csv,trace,microstructure,other
data,sub-960c_assay-microstructure_timepoint-b.csv,activity,microstructure,other
data,sub-960c_assay-microstructure_timepoint-b.csv,food,microstructure,other
data,sub-960c_assay-microstructure_timepoint-b.csv,group,microstructure,other
data,sub-960c_assay-microstructure_timepoint-b.csv,id,microstructure,other
data,sub-960c_assay-microstructure_timepoint-b.csv,start,microstructure,other
data,sub-960c_assay-microstructure_timepoint-b.csv,time1,microstructure,other
data,sub-960c_assay-microstructure_timepoint-b.csv,time2,microstructure,other
data,sub-960c_assay-microstructure_timepoint-b.csv,timepoint,microstructure,other
data,sub-960c_assay-microstructure_timepoint-b.csv,trace,microstructure,other
data,sub-9746_assay-microstructure_timepoint-a.csv,activity,microstructure,other
data,sub-9746_assay-microstructure_timepoint-a.csv,food,microstructure,other
data,sub-9746_assay-microstructure_timepoint-a.csv,group,microstructure,other
data,sub-9746_assay-microstructure_timepoint-a.csv,id,microstructure,other
data,sub-9746_assay-microstructure_timepoint-a.csv,start,microstructure,other
data,sub-9746_assay-microstructure_timepoint-a.csv,time1,microstructure,other
data,sub-9746_assay-microstructure_timepoint-a.csv,time2,microstructure,other
data,sub-9746_assay-microstructure_timepoint-a.csv,timepoint,microstructure,other
data,sub-9746_assay-microstructure_timepoint-a.csv,trace,microstructure,other
data,sub-9746_assay-microstructure_timepoint-b.csv,activity,microstructure,other
data,sub-9746_assay-microstructure_timepoint-b.csv,food,microstructure,other
data,sub-9746_assay-microstructure_timepoint-b.csv,group,microstructure,other
data,sub-9746_assay-microstructure_timepoint-b.csv,id,microstructure,other
data,sub-9746_assay-microstructure_timepoint-b.csv,start,microstructure,other
data,sub-9746_assay-microstructure_timepoint-b.csv,time1,microstructure,other
data,sub-9746_assay-microstructure_timepoint-b.csv,time2,microstructure,other
data,sub-9746_assay-microstructure_timepoint-b.csv,timepoint,microstructure,other
data,sub-9746_assay-microstructure_timepoint-b.csv,trace,microstructure,other
data,sub-9935_assay-microstructure_timepoint-a.csv,activity,microstructure,other
data,sub-9935_assay-microstructure_timepoint-a.csv,food,microstructure,other
data,sub-9935_assay-microstructure_timepoint-a.csv,group,microstructure,other
data,sub-9935_assay-microstructure_timepoint-a.csv,id,microstructure,other
data,sub-9935_assay-microstructure_timepoint-a.csv,start,microstructure,other
data,sub-9935_assay-microstructure_timepoint-a.csv,time1,microstructure,other
data,sub-9935_assay-microstructure_timepoint-a.csv,time2,microstructure,other
data,sub-9935_assay-microstructure_timepoint-a.csv,timepoint,microstructure,other
data,sub-9935_assay-microstructure_timepoint-a.csv,trace,microstructure,other
data,sub-9935_assay-microstructure_timepoint-b.csv,activity,microstructure,other
data,sub-9935_assay-microstructure_timepoint-b.csv,food,microstructure,other
data,sub-9935_assay-microstructure_timepoint-b.csv,group,microstructure,other
data,sub-9935_assay-microstructure_timepoint-b.csv,id,microstructure,other
data,sub-9935_assay-microstructure_timepoint-b.csv,start,microstructure,other
data,sub-9935_assay-microstructure_timepoint-b.csv,time1,microstructure,other
data,sub-9935_assay-microstructure_timepoint-b.csv,time2,microstructure,other
data,sub-9935_assay-microstructure_timepoint-b.csv,timepoint,microstructure,other
data,sub-9935_assay-microstructure_timepoint-b.csv,trace,microstructure,other
data,sub-9996_assay-microstructure_timepoint-a.csv,activity,microstructure,other
data,sub-9996_assay-microstructure_timepoint-a.csv,food,microstructure,other
data,sub-9996_assay-microstructure_timepoint-a.csv,group,microstructure,other
data,sub-9996_assay-microstructure_timepoint-a.csv,id,microstructure,other
data,sub-9996_assay-microstructure_timepoint-a.csv,start,microstructure,other
data,sub-9996_assay-microstructure_timepoint-a.csv,time1,microstructure,other
data,sub-9996_assay-microstructure_timepoint-a.csv,time2,microstructure,other
data,sub-9996_assay-microstructure_timepoint-a.csv,timepoint,microstructure,other
data,sub-9996_assay-microstructure_timepoint-a.csv,trace,microstructure,other
data,sub-9996_assay-microstructure_timepoint-b.csv,activity,microstructure,other
data,sub-9996_assay-microstructure_timepoint-b.csv,food,microstructure,other
data,sub-9996_assay-microstructure_timepoint-b.csv,group,microstructure,other
data,sub-9996_assay-microstructure_timepoint-b.csv,id,microstructure,other
data,sub-9996_assay-microstructure_timepoint-b.csv,start,microstructure,other
data,sub-9996_assay-microstructure_timepoint-b.csv,time1,microstructure,other
data,sub-9996_assay-microstructure_timepoint-b.csv,time2,microstructure,other
data,sub-9996_assay-microstructure_timepoint-b.csv,timepoint,microstructure,other
data,sub-9996_assay-microstructure_timepoint-b.csv,trace,microstructure,other
data,sub-9bcd_assay-microstructure_cond-control.csv,activity,microstructure,other
data,sub-9bcd_assay-microstructure_cond-control.csv,activity-2,microstructure,other
data,sub-9bcd_assay-microstructure_cond-control.csv,cond,microstructure,other
data,sub-9bcd_assay-microstructure_cond-control.csv,food,microstructure,other
data,sub-9bcd_assay-microstructure_cond-control.csv,food-2,microstructure,other
data,sub-9bcd_assay-microstructure_cond-control.csv,group,microstructure,other
data,sub-9bcd_assay-microstructure_cond-control.csv,group-2,microstructure,other
data,sub-9bcd_assay-microstructure_cond-control.csv,id,microstructure,other
data,sub-9bcd_assay-microstructure_cond-control.csv,start,microstructure,other
data,sub-9bcd_assay-microstructure_cond-control.csv,start-2,microstructure,other
data,sub-9bcd_assay-microstructure_cond-control.csv,thirds,microstructure,other
data,sub-9bcd_assay-microstructure_cond-control.csv,thirds-2,microstructure,other
data,sub-9bcd_assay-microstructure_cond-control.csv,time_1,microstructure,other
data,sub-9bcd_assay-microstructure_cond-control.csv,time_2,microstructure,other
data,sub-9bcd_assay-microstructure_cond-control.csv,time_2-1,microstructure,other
data,sub-9bcd_assay-microstructure_cond-control.csv,time_2-2,microstructure,other
data,sub-9bcd_assay-microstructure_cond-control.csv,trace,microstructure,other
data,sub-9bcd_assay-microstructure_cond-control.csv,trace-2,microstructure,other
data,sub-9bcd_assay-microstructure_cond-deprivaiton.csv,activity,microstructure,other
data,sub-9bcd_assay-microstructure_cond-deprivaiton.csv,activity-2,microstructure,other
data,sub-9bcd_assay-microstructure_cond-deprivaiton.csv,cond,microstructure,other
data,sub-9bcd_assay-microstructure_cond-deprivaiton.csv,food,microstructure,other
data,sub-9bcd_assay-microstructure_cond-deprivaiton.csv,food-2,microstructure,other
data,sub-9bcd_assay-microstructure_cond-deprivaiton.csv,group,microstructure,other
data,sub-9bcd_assay-microstructure_cond-deprivaiton.csv,group-2,microstructure,other
data,sub-9bcd_assay-microstructure_cond-deprivaiton.csv,id,microstructure,other
data,sub-9bcd_assay-microstructure_cond-deprivaiton.csv,start,microstructure,other
data,sub-9bcd_assay-microstructure_cond-deprivaiton.csv,start-2,microstructure,other
data,sub-9bcd_assay-microstructure_cond-deprivaiton.csv,thirds,microstructure,other
data,sub-9bcd_assay-microstructure_cond-deprivaiton.csv,thirds-2,microstructure,other
data,sub-9bcd_assay-microstructure_cond-deprivaiton.csv,time_1,microstructure,other
data,sub-9bcd_assay-microstructure_cond-deprivaiton.csv,time_2,microstructure,other
data,sub-9bcd_assay-microstructure_cond-deprivaiton.csv,time_2-1,microstructure,other
data,sub-9bcd_assay-microstructure_cond-deprivaiton.csv,time_2-2,microstructure,other
data,sub-9bcd_assay-microstructure_cond-deprivaiton.csv,trace,microstructure,other
data,sub-9bcd_assay-microstructure_cond-deprivaiton.csv,trace-2,microstructure,other
data,sub-9d62_assay-microstructure_timepoint-a.csv,activity,microstructure,other
data,sub-9d62_assay-microstructure_timepoint-a.csv,food,microstructure,other
data,sub-9d62_assay-microstructure_timepoint-a.csv,group,microstructure,other
data,sub-9d62_assay-microstructure_timepoint-a.csv,id,microstructure,other
data,sub-9d62_assay-microstructure_timepoint-a.csv,start,microstructure,other
data,sub-9d62_assay-microstructure_timepoint-a.csv,time1,microstructure,other
data,sub-9d62_assay-microstructure_timepoint-a.csv,time2,microstructure,other
data,sub-9d62_assay-microstructure_timepoint-a.csv,timepoint,microstructure,other
data,sub-9d62_assay-microstructure_timepoint-a.csv,trace,microstructure,other
data,sub-9d62_assay-microstructure_timepoint-b.csv,activity,microstructure,other
data,sub-9d62_assay-microstructure_timepoint-b.csv,food,microstructure,other
data,sub-9d62_assay-microstructure_timepoint-b.csv,group,microstructure,other
data,sub-9d62_assay-microstructure_timepoint-b.csv,id,microstructure,other
data,sub-9d62_assay-microstructure_timepoint-b.csv,start,microstructure,other
data,sub-9d62_assay-microstructure_timepoint-b.csv,time1,microstructure,other
data,sub-9d62_assay-microstructure_timepoint-b.csv,time2,microstructure,other
data,sub-9d62_assay-microstructure_timepoint-b.csv,timepoint,microstructure,other
data,sub-9d62_assay-microstructure_timepoint-b.csv,trace,microstructure,other
data,sub-9d89_assay-microstructure_cond-control.csv,activity,microstructure,other
data,sub-9d89_assay-microstructure_cond-control.csv,activity-2,microstructure,other
data,sub-9d89_assay-microstructure_cond-control.csv,cond,microstructure,other
data,sub-9d89_assay-microstructure_cond-control.csv,food,microstructure,other
data,sub-9d89_assay-microstructure_cond-control.csv,food-2,microstructure,other
data,sub-9d89_assay-microstructure_cond-control.csv,group,microstructure,other
data,sub-9d89_assay-microstructure_cond-control.csv,group-2,microstructure,other
data,sub-9d89_assay-microstructure_cond-control.csv,id,microstructure,other
data,sub-9d89_assay-microstructure_cond-control.csv,start,microstructure,other
data,sub-9d89_assay-microstructure_cond-control.csv,start-2,microstructure,other
data,sub-9d89_assay-microstructure_cond-control.csv,thirds,microstructure,other
data,sub-9d89_assay-microstructure_cond-control.csv,thirds-2,microstructure,other
data,sub-9d89_assay-microstructure_cond-control.csv,time_1,microstructure,other
data,sub-9d89_assay-microstructure_cond-control.csv,time_2,microstructure,other
data,sub-9d89_assay-microstructure_cond-control.csv,time_2-1,microstructure,other
data,sub-9d89_assay-microstructure_cond-control.csv,time_2-2,microstructure,other
data,sub-9d89_assay-microstructure_cond-control.csv,trace,microstructure,other
data,sub-9d89_assay-microstructure_cond-control.csv,trace-2,microstructure,other
data,sub-9d89_assay-microstructure_cond-deprivaiton.csv,activity,microstructure,other
data,sub-9d89_assay-microstructure_cond-deprivaiton.csv,activity-2,microstructure,other
data,sub-9d89_assay-microstructure_cond-deprivaiton.csv,cond,microstructure,other
data,sub-9d89_assay-microstructure_cond-deprivaiton.csv,food,microstructure,other
data,sub-9d89_assay-microstructure_cond-deprivaiton.csv,food-2,microstructure,other
data,sub-9d89_assay-microstructure_cond-deprivaiton.csv,group,microstructure,other
data,sub-9d89_assay-microstructure_cond-deprivaiton.csv,group-2,microstructure,other
data,sub-9d89_assay-microstructure_cond-deprivaiton.csv,id,microstructure,other
data,sub-9d89_assay-microstructure_cond-deprivaiton.csv,start,microstructure,other
data,sub-9d89_assay-microstructure_cond-deprivaiton.csv,start-2,microstructure,other
data,sub-9d89_assay-microstructure_cond-deprivaiton.csv,thirds,microstructure,other
data,sub-9d89_assay-microstructure_cond-deprivaiton.csv,thirds-2,microstructure,other
data,sub-9d89_assay-microstructure_cond-deprivaiton.csv,time_1,microstructure,other
data,sub-9d89_assay-microstructure_cond-deprivaiton.csv,time_2,microstructure,other
data,sub-9d89_assay-microstructure_cond-deprivaiton.csv,time_2-1,microstructure,other
data,sub-9d89_assay-microstructure_cond-deprivaiton.csv,time_2-2,microstructure,other
data,sub-9d89_assay-microstructure_cond-deprivaiton.csv,trace,microstructure,other
data,sub-9d89_assay-microstructure_cond-deprivaiton.csv,trace-2,microstructure,other
data,sub-9ec8_assay-microstructure_timepoint-a.csv,activity,microstructure,other
data,sub-9ec8_assay-microstructure_timepoint-a.csv,food,microstructure,other
data,sub-9ec8_assay-microstructure_timepoint-a.csv,group,microstructure,other
data,sub-9ec8_assay-microstructure_timepoint-a.csv,id,microstructure,other
data,sub-9ec8_assay-microstructure_timepoint-a.csv,start,microstructure,other
data,sub-9ec8_assay-microstructure_timepoint-a.csv,time1,microstructure,other
data,sub-9ec8_assay-microstructure_timepoint-a.csv,time2,microstructure,other
data,sub-9ec8_assay-microstructure_timepoint-a.csv,timepoint,microstructure,other
data,sub-9ec8_assay-microstructure_timepoint-a.csv,trace,microstructure,other
data,sub-9ec8_assay-microstructure_timepoint-b.csv,activity,microstructure,other
data,sub-9ec8_assay-microstructure_timepoint-b.csv,food,microstructure,other
data,sub-9ec8_assay-microstructure_timepoint-b.csv,group,microstructure,other
data,sub-9ec8_assay-microstructure_timepoint-b.csv,id,microstructure,other
data,sub-9ec8_assay-microstructure_timepoint-b.csv,start,microstructure,other
data,sub-9ec8_assay-microstructure_timepoint-b.csv,time1,microstructure,other
data,sub-9ec8_assay-microstructure_timepoint-b.csv,time2,microstructure,other
data,sub-9ec8_assay-microstructure_timepoint-b.csv,timepoint,microstructure,other
data,sub-9ec8_assay-microstructure_timepoint-b.csv,trace,microstructure,other
data,sub-a72e_assay-microstructure_timepoint-a.csv,activity,microstructure,other
data,sub-a72e_assay-microstructure_timepoint-a.csv,food,microstructure,other
data,sub-a72e_assay-microstructure_timepoint-a.csv,group,microstructure,other
data,sub-a72e_assay-microstructure_timepoint-a.csv,id,microstructure,other
data,sub-a72e_assay-microstructure_timepoint-a.csv,start,microstructure,other
data,sub-a72e_assay-microstructure_timepoint-a.csv,time1,microstructure,other
data,sub-a72e_assay-microstructure_timepoint-a.csv,time2,microstructure,other
data,sub-a72e_assay-microstructure_timepoint-a.csv,timepoint,microstructure,other
data,sub-a72e_assay-microstructure_timepoint-a.csv,trace,microstructure,other
data,sub-a72e_assay-microstructure_timepoint-b.csv,activity,microstructure,other
data,sub-a72e_assay-microstructure_timepoint-b.csv,food,microstructure,other
data,sub-a72e_assay-microstructure_timepoint-b.csv,group,microstructure,other
data,sub-a72e_assay-microstructure_timepoint-b.csv,id,microstructure,other
data,sub-a72e_assay-microstructure_timepoint-b.csv,start,microstructure,other
data,sub-a72e_assay-microstructure_timepoint-b.csv,time1,microstructure,other
data,sub-a72e_assay-microstructure_timepoint-b.csv,time2,microstructure,other
data,sub-a72e_assay-microstructure_timepoint-b.csv,timepoint,microstructure,other
data,sub-a72e_assay-microstructure_timepoint-b.csv,trace,microstructure,other
data,sub-aaca_assay-microstructure_timepoint-a.csv,activity,microstructure,other
data,sub-aaca_assay-microstructure_timepoint-a.csv,food,microstructure,other
data,sub-aaca_assay-microstructure_timepoint-a.csv,group,microstructure,other
data,sub-aaca_assay-microstructure_timepoint-a.csv,id,microstructure,other
data,sub-aaca_assay-microstructure_timepoint-a.csv,start,microstructure,other
data,sub-aaca_assay-microstructure_timepoint-a.csv,time1,microstructure,other
data,sub-aaca_assay-microstructure_timepoint-a.csv,time2,microstructure,other
data,sub-aaca_assay-microstructure_timepoint-a.csv,timepoint,microstructure,other
data,sub-aaca_assay-microstructure_timepoint-a.csv,trace,microstructure,other
data,sub-aaca_assay-microstructure_timepoint-b.csv,activity,microstructure,other
data,sub-aaca_assay-microstructure_timepoint-b.csv,food,microstructure,other
data,sub-aaca_assay-microstructure_timepoint-b.csv,group,microstructure,other
data,sub-aaca_assay-microstructure_timepoint-b.csv,id,microstructure,other
data,sub-aaca_assay-microstructure_timepoint-b.csv,start,microstructure,other
data,sub-aaca_assay-microstructure_timepoint-b.csv,time1,microstructure,other
data,sub-aaca_assay-microstructure_timepoint-b.csv,time2,microstructure,other
data,sub-aaca_assay-microstructure_timepoint-b.csv,timepoint,microstructure,other
data,sub-aaca_assay-microstructure_timepoint-b.csv,trace,microstructure,other
data,sub-ab1d_assay-microstructure_cond-control.csv,activity,microstructure,other
data,sub-ab1d_assay-microstructure_cond-control.csv,activity-2,microstructure,other
data,sub-ab1d_assay-microstructure_cond-control.csv,cond,microstructure,other
data,sub-ab1d_assay-microstructure_cond-control.csv,food,microstructure,other
data,sub-ab1d_assay-microstructure_cond-control.csv,food-2,microstructure,other
data,sub-ab1d_assay-microstructure_cond-control.csv,group,microstructure,other
data,sub-ab1d_assay-microstructure_cond-control.csv,group-2,microstructure,other
data,sub-ab1d_assay-microstructure_cond-control.csv,id,microstructure,other
data,sub-ab1d_assay-microstructure_cond-control.csv,start,microstructure,other
data,sub-ab1d_assay-microstructure_cond-control.csv,start-2,microstructure,other
data,sub-ab1d_assay-microstructure_cond-control.csv,thirds,microstructure,other
data,sub-ab1d_assay-microstructure_cond-control.csv,thirds-2,microstructure,other
data,sub-ab1d_assay-microstructure_cond-control.csv,time_1,microstructure,other
data,sub-ab1d_assay-microstructure_cond-control.csv,time_2,microstructure,other
data,sub-ab1d_assay-microstructure_cond-control.csv,time_2-1,microstructure,other
data,sub-ab1d_assay-microstructure_cond-control.csv,time_2-2,microstructure,other
data,sub-ab1d_assay-microstructure_cond-control.csv,trace,microstructure,other
data,sub-ab1d_assay-microstructure_cond-control.csv,trace-2,microstructure,other
data,sub-ab1d_assay-microstructure_cond-deprivaiton.csv,activity,microstructure,other
data,sub-ab1d_assay-microstructure_cond-deprivaiton.csv,activity-2,microstructure,other
data,sub-ab1d_assay-microstructure_cond-deprivaiton.csv,cond,microstructure,other
data,sub-ab1d_assay-microstructure_cond-deprivaiton.csv,food,microstructure,other
data,sub-ab1d_assay-microstructure_cond-deprivaiton.csv,food-2,microstructure,other
data,sub-ab1d_assay-microstructure_cond-deprivaiton.csv,group,microstructure,other
data,sub-ab1d_assay-microstructure_cond-deprivaiton.csv,group-2,microstructure,other
data,sub-ab1d_assay-microstructure_cond-deprivaiton.csv,id,microstructure,other
data,sub-ab1d_assay-microstructure_cond-deprivaiton.csv,start,microstructure,other
data,sub-ab1d_assay-microstructure_cond-deprivaiton.csv,start-2,microstructure,other
data,sub-ab1d_assay-microstructure_cond-deprivaiton.csv,thirds,microstructure,other
data,sub-ab1d_assay-microstructure_cond-deprivaiton.csv,thirds-2,microstructure,other
data,sub-ab1d_assay-microstructure_cond-deprivaiton.csv,time_1,microstructure,other
data,sub-ab1d_assay-microstructure_cond-deprivaiton.csv,time_2,microstructure,other
data,sub-ab1d_assay-microstructure_cond-deprivaiton.csv,time_2-1,microstructure,other
data,sub-ab1d_assay-microstructure_cond-deprivaiton.csv,time_2-2,microstructure,other
data,sub-ab1d_assay-microstructure_cond-deprivaiton.csv,trace,microstructure,other
data,sub-ab1d_assay-microstructure_cond-deprivaiton.csv,trace-2,microstructure,other
data,sub-ac90_assay-microstructure_cond-control.csv,activity,microstructure,other
data,sub-ac90_assay-microstructure_cond-control.csv,activity-2,microstructure,other
data,sub-ac90_assay-microstructure_cond-control.csv,cond,microstructure,other
data,sub-ac90_assay-microstructure_cond-control.csv,food,microstructure,other
data,sub-ac90_assay-microstructure_cond-control.csv,food-2,microstructure,other
data,sub-ac90_assay-microstructure_cond-control.csv,group,microstructure,other
data,sub-ac90_assay-microstructure_cond-control.csv,group-2,microstructure,other
data,sub-ac90_assay-microstructure_cond-control.csv,id,microstructure,other
data,sub-ac90_assay-microstructure_cond-control.csv,start,microstructure,other
data,sub-ac90_assay-microstructure_cond-control.csv,start-2,microstructure,other
data,sub-ac90_assay-microstructure_cond-control.csv,thirds,microstructure,other
data,sub-ac90_assay-microstructure_cond-control.csv,thirds-2,microstructure,other
data,sub-ac90_assay-microstructure_cond-control.csv,time_1,microstructure,other
data,sub-ac90_assay-microstructure_cond-control.csv,time_2,microstructure,other
data,sub-ac90_assay-microstructure_cond-control.csv,time_2-1,microstructure,other
data,sub-ac90_assay-microstructure_cond-control.csv,time_2-2,microstructure,other
data,sub-ac90_assay-microstructure_cond-control.csv,trace,microstructure,other
data,sub-ac90_assay-microstructure_cond-control.csv,trace-2,microstructure,other
data,sub-ac90_assay-microstructure_cond-deprivaiton.csv,activity,microstructure,other
data,sub-ac90_assay-microstructure_cond-deprivaiton.csv,activity-2,microstructure,other
data,sub-ac90_assay-microstructure_cond-deprivaiton.csv,cond,microstructure,other
data,sub-ac90_assay-microstructure_cond-deprivaiton.csv,food,microstructure,other
data,sub-ac90_assay-microstructure_cond-deprivaiton.csv,food-2,microstructure,other
data,sub-ac90_assay-microstructure_cond-deprivaiton.csv,group,microstructure,other
data,sub-ac90_assay-microstructure_cond-deprivaiton.csv,group-2,microstructure,other
data,sub-ac90_assay-microstructure_cond-deprivaiton.csv,id,microstructure,other
data,sub-ac90_assay-microstructure_cond-deprivaiton.csv,start,microstructure,other
data,sub-ac90_assay-microstructure_cond-deprivaiton.csv,start-2,microstructure,other
data,sub-ac90_assay-microstructure_cond-deprivaiton.csv,thirds,microstructure,other
data,sub-ac90_assay-microstructure_cond-deprivaiton.csv,thirds-2,microstructure,other
data,sub-ac90_assay-microstructure_cond-deprivaiton.csv,time_1,microstructure,other
data,sub-ac90_assay-microstructure_cond-deprivaiton.csv,time_2,microstructure,other
data,sub-ac90_assay-microstructure_cond-deprivaiton.csv,time_2-1,microstructure,other
data,sub-ac90_assay-microstructure_cond-deprivaiton.csv,time_2-2,microstructure,other
data,sub-ac90_assay-microstructure_cond-deprivaiton.csv,trace,microstructure,other
data,sub-ac90_assay-microstructure_cond-deprivaiton.csv,trace-2,microstructure,other
data,sub-b134_assay-microstructure_timepoint-a.csv,activity,microstructure,other
data,sub-b134_assay-microstructure_timepoint-a.csv,food,microstructure,other
data,sub-b134_assay-microstructure_timepoint-a.csv,group,microstructure,other
data,sub-b134_assay-microstructure_timepoint-a.csv,id,microstructure,other
data,sub-b134_assay-microstructure_timepoint-a.csv,start,microstructure,other
data,sub-b134_assay-microstructure_timepoint-a.csv,time1,microstructure,other
data,sub-b134_assay-microstructure_timepoint-a.csv,time2,microstructure,other
data,sub-b134_assay-microstructure_timepoint-a.csv,timepoint,microstructure,other
data,sub-b134_assay-microstructure_timepoint-a.csv,trace,microstructure,other
data,sub-b134_assay-microstructure_timepoint-b.csv,activity,microstructure,other
data,sub-b134_assay-microstructure_timepoint-b.csv,food,microstructure,other
data,sub-b134_assay-microstructure_timepoint-b.csv,group,microstructure,other
data,sub-b134_assay-microstructure_timepoint-b.csv,id,microstructure,other
data,sub-b134_assay-microstructure_timepoint-b.csv,start,microstructure,other
data,sub-b134_assay-microstructure_timepoint-b.csv,time1,microstructure,other
data,sub-b134_assay-microstructure_timepoint-b.csv,time2,microstructure,other
data,sub-b134_assay-microstructure_timepoint-b.csv,timepoint,microstructure,other
data,sub-b134_assay-microstructure_timepoint-b.csv,trace,microstructure,other
data,sub-b22f_assay-microstructure_cond-control.csv,activity,microstructure,other
data,sub-b22f_assay-microstructure_cond-control.csv,activity-2,microstructure,other
data,sub-b22f_assay-microstructure_cond-control.csv,cond,microstructure,other
data,sub-b22f_assay-microstructure_cond-control.csv,food,microstructure,other
data,sub-b22f_assay-microstructure_cond-control.csv,food-2,microstructure,other
data,sub-b22f_assay-microstructure_cond-control.csv,id,microstructure,other
data,sub-b22f_assay-microstructure_cond-control.csv,start,microstructure,other
data,sub-b22f_assay-microstructure_cond-control.csv,start-2,microstructure,other
data,sub-b22f_assay-microstructure_cond-control.csv,time_1,microstructure,other
data,sub-b22f_assay-microstructure_cond-control.csv,time_2,microstructure,other
data,sub-b22f_assay-microstructure_cond-control.csv,time_2-1,microstructure,other
data,sub-b22f_assay-microstructure_cond-control.csv,time_2-2,microstructure,other
data,sub-b22f_assay-microstructure_cond-control.csv,trace,microstructure,other
data,sub-b22f_assay-microstructure_cond-control.csv,trace-2,microstructure,other
data,sub-b22f_assay-microstructure_cond-deprivaiton.csv,activity,microstructure,other
data,sub-b22f_assay-microstructure_cond-deprivaiton.csv,activity-2,microstructure,other
data,sub-b22f_assay-microstructure_cond-deprivaiton.csv,cond,microstructure,other
data,sub-b22f_assay-microstructure_cond-deprivaiton.csv,food,microstructure,other
data,sub-b22f_assay-microstructure_cond-deprivaiton.csv,food-2,microstructure,other
data,sub-b22f_assay-microstructure_cond-deprivaiton.csv,id,microstructure,other
data,sub-b22f_assay-microstructure_cond-deprivaiton.csv,start,microstructure,other
data,sub-b22f_assay-microstructure_cond-deprivaiton.csv,start-2,microstructure,other
data,sub-b22f_assay-microstructure_cond-deprivaiton.csv,time_1,microstructure,other
data,sub-b22f_assay-microstructure_cond-deprivaiton.csv,time_2,microstructure,other
data,sub-b22f_assay-microstructure_cond-deprivaiton.csv,time_2-1,microstructure,other
data,sub-b22f_assay-microstructure_cond-deprivaiton.csv,time_2-2,microstructure,other
data,sub-b22f_assay-microstructure_cond-deprivaiton.csv,trace,microstructure,other
data,sub-b22f_assay-microstructure_cond-deprivaiton.csv,trace-2,microstructure,other
data,sub-b451_assay-microstructure_timepoint-a.csv,activity,microstructure,other
data,sub-b451_assay-microstructure_timepoint-a.csv,food,microstructure,other
data,sub-b451_assay-microstructure_timepoint-a.csv,group,microstructure,other
data,sub-b451_assay-microstructure_timepoint-a.csv,id,microstructure,other
data,sub-b451_assay-microstructure_timepoint-a.csv,start,microstructure,other
data,sub-b451_assay-microstructure_timepoint-a.csv,time1,microstructure,other
data,sub-b451_assay-microstructure_timepoint-a.csv,time2,microstructure,other
data,sub-b451_assay-microstructure_timepoint-a.csv,timepoint,microstructure,other
data,sub-b451_assay-microstructure_timepoint-a.csv,trace,microstructure,other
data,sub-b451_assay-microstructure_timepoint-b.csv,activity,microstructure,other
data,sub-b451_assay-microstructure_timepoint-b.csv,food,microstructure,other
data,sub-b451_assay-microstructure_timepoint-b.csv,group,microstructure,other
data,sub-b451_assay-microstructure_timepoint-b.csv,id,microstructure,other
data,sub-b451_assay-microstructure_timepoint-b.csv,start,microstructure,other
data,sub-b451_assay-microstructure_timepoint-b.csv,time1,microstructure,other
data,sub-b451_assay-microstructure_timepoint-b.csv,time2,microstructure,other
data,sub-b451_assay-microstructure_timepoint-b.csv,timepoint,microstructure,other
data,sub-b451_assay-microstructure_timepoint-b.csv,trace,microstructure,other
data,sub-b615_assay-microstructure_cond-control.csv,activity,microstructure,other
data,sub-b615_assay-microstructure_cond-control.csv,activity-2,microstructure,other
data,sub-b615_assay-microstructure_cond-control.csv,cond,microstructure,other
data,sub-b615_assay-microstructure_cond-control.csv,food,microstructure,other
data,sub-b615_assay-microstructure_cond-control.csv,food-2,microstructure,other
data,sub-b615_assay-microstructure_cond-control.csv,group,microstructure,other
data,sub-b615_assay-microstructure_cond-control.csv,group-2,microstructure,other
data,sub-b615_assay-microstructure_cond-control.csv,id,microstructure,other
data,sub-b615_assay-microstructure_cond-control.csv,start,microstructure,other
data,sub-b615_assay-microstructure_cond-control.csv,start-2,microstructure,other
data,sub-b615_assay-microstructure_cond-control.csv,thirds,microstructure,other
data,sub-b615_assay-microstructure_cond-control.csv,thirds-2,microstructure,other
data,sub-b615_assay-microstructure_cond-control.csv,time_1,microstructure,other
data,sub-b615_assay-microstructure_cond-control.csv,time_2,microstructure,other
data,sub-b615_assay-microstructure_cond-control.csv,time_2-1,microstructure,other
data,sub-b615_assay-microstructure_cond-control.csv,time_2-2,microstructure,other
data,sub-b615_assay-microstructure_cond-control.csv,trace,microstructure,other
data,sub-b615_assay-microstructure_cond-control.csv,trace-2,microstructure,other
data,sub-b615_assay-microstructure_cond-deprivaiton.csv,activity,microstructure,other
data,sub-b615_assay-microstructure_cond-deprivaiton.csv,activity-2,microstructure,other
data,sub-b615_assay-microstructure_cond-deprivaiton.csv,cond,microstructure,other
data,sub-b615_assay-microstructure_cond-deprivaiton.csv,food,microstructure,other
data,sub-b615_assay-microstructure_cond-deprivaiton.csv,food-2,microstructure,other
data,sub-b615_assay-microstructure_cond-deprivaiton.csv,group,microstructure,other
data,sub-b615_assay-microstructure_cond-deprivaiton.csv,group-2,microstructure,other
data,sub-b615_assay-microstructure_cond-deprivaiton.csv,id,microstructure,other
data,sub-b615_assay-microstructure_cond-deprivaiton.csv,start,microstructure,other
data,sub-b615_assay-microstructure_cond-deprivaiton.csv,start-2,microstructure,other
data,sub-b615_assay-microstructure_cond-deprivaiton.csv,thirds,microstructure,other
data,sub-b615_assay-microstructure_cond-deprivaiton.csv,thirds-2,microstructure,other
data,sub-b615_assay-microstructure_cond-deprivaiton.csv,time_1,microstructure,other
data,sub-b615_assay-microstructure_cond-deprivaiton.csv,time_2,microstructure,other
data,sub-b615_assay-microstructure_cond-deprivaiton.csv,time_2-1,microstructure,other
data,sub-b615_assay-microstructure_cond-deprivaiton.csv,time_2-2,microstructure,other
data,sub-b615_assay-microstructure_cond-deprivaiton.csv,trace,microstructure,other
data,sub-b615_assay-microstructure_cond-deprivaiton.csv,trace-2,microstructure,other
data,sub-b6d5_assay-microstructure_cond-control.csv,activity,microstructure,other
data,sub-b6d5_assay-microstructure_cond-control.csv,activity-2,microstructure,other
data,sub-b6d5_assay-microstructure_cond-control.csv,cond,microstructure,other
data,sub-b6d5_assay-microstructure_cond-control.csv,food,microstructure,other
data,sub-b6d5_assay-microstructure_cond-control.csv,food-2,microstructure,other
data,sub-b6d5_assay-microstructure_cond-control.csv,group,microstructure,other
data,sub-b6d5_assay-microstructure_cond-control.csv,group-2,microstructure,other
data,sub-b6d5_assay-microstructure_cond-control.csv,id,microstructure,other
data,sub-b6d5_assay-microstructure_cond-control.csv,start,microstructure,other
data,sub-b6d5_assay-microstructure_cond-control.csv,start-2,microstructure,other
data,sub-b6d5_assay-microstructure_cond-control.csv,thirds,microstructure,other
data,sub-b6d5_assay-microstructure_cond-control.csv,thirds-2,microstructure,other
data,sub-b6d5_assay-microstructure_cond-control.csv,time_1,microstructure,other
data,sub-b6d5_assay-microstructure_cond-control.csv,time_2,microstructure,other
data,sub-b6d5_assay-microstructure_cond-control.csv,time_2-1,microstructure,other
data,sub-b6d5_assay-microstructure_cond-control.csv,time_2-2,microstructure,other
data,sub-b6d5_assay-microstructure_cond-control.csv,trace,microstructure,other
data,sub-b6d5_assay-microstructure_cond-control.csv,trace-2,microstructure,other
data,sub-b6d5_assay-microstructure_cond-deprivaiton.csv,activity,microstructure,other
data,sub-b6d5_assay-microstructure_cond-deprivaiton.csv,activity-2,microstructure,other
data,sub-b6d5_assay-microstructure_cond-deprivaiton.csv,cond,microstructure,other
data,sub-b6d5_assay-microstructure_cond-deprivaiton.csv,food,microstructure,other
data,sub-b6d5_assay-microstructure_cond-deprivaiton.csv,food-2,microstructure,other
data,sub-b6d5_assay-microstructure_cond-deprivaiton.csv,group,microstructure,other
data,sub-b6d5_assay-microstructure_cond-deprivaiton.csv,group-2,microstructure,other
data,sub-b6d5_assay-microstructure_cond-deprivaiton.csv,id,microstructure,other
data,sub-b6d5_assay-microstructure_cond-deprivaiton.csv,start,microstructure,other
data,sub-b6d5_assay-microstructure_cond-deprivaiton.csv,start-2,microstructure,other
data,sub-b6d5_assay-microstructure_cond-deprivaiton.csv,thirds,microstructure,other
data,sub-b6d5_assay-microstructure_cond-deprivaiton.csv,thirds-2,microstructure,other
data,sub-b6d5_assay-microstructure_cond-deprivaiton.csv,time_1,microstructure,other
data,sub-b6d5_assay-microstructure_cond-deprivaiton.csv,time_2,microstructure,other
data,sub-b6d5_assay-microstructure_cond-deprivaiton.csv,time_2-1,microstructure,other
data,sub-b6d5_assay-microstructure_cond-deprivaiton.csv,time_2-2,microstructure,other
data,sub-b6d5_assay-microstructure_cond-deprivaiton.csv,trace,microstructure,other
data,sub-b6d5_assay-microstructure_cond-deprivaiton.csv,trace-2,microstructure,other
data,sub-b7da_assay-microstructure_cond-control.csv,activity,microstructure,other
data,sub-b7da_assay-microstructure_cond-control.csv,activity-2,microstructure,other
data,sub-b7da_assay-microstructure_cond-control.csv,cond,microstructure,other
data,sub-b7da_assay-microstructure_cond-control.csv,food,microstructure,other
data,sub-b7da_assay-microstructure_cond-control.csv,food-2,microstructure,other
data,sub-b7da_assay-microstructure_cond-control.csv,group,microstructure,other
data,sub-b7da_assay-microstructure_cond-control.csv,group-2,microstructure,other
data,sub-b7da_assay-microstructure_cond-control.csv,id,microstructure,other
data,sub-b7da_assay-microstructure_cond-control.csv,start,microstructure,other
data,sub-b7da_assay-microstructure_cond-control.csv,start-2,microstructure,other
data,sub-b7da_assay-microstructure_cond-control.csv,thirds,microstructure,other
data,sub-b7da_assay-microstructure_cond-control.csv,thirds-2,microstructure,other
data,sub-b7da_assay-microstructure_cond-control.csv,time_1,microstructure,other
data,sub-b7da_assay-microstructure_cond-control.csv,time_2,microstructure,other
data,sub-b7da_assay-microstructure_cond-control.csv,time_2-1,microstructure,other
data,sub-b7da_assay-microstructure_cond-control.csv,time_2-2,microstructure,other
data,sub-b7da_assay-microstructure_cond-control.csv,trace,microstructure,other
data,sub-b7da_assay-microstructure_cond-control.csv,trace-2,microstructure,other
data,sub-b7da_assay-microstructure_cond-deprivaiton.csv,activity,microstructure,other
data,sub-b7da_assay-microstructure_cond-deprivaiton.csv,activity-2,microstructure,other
data,sub-b7da_assay-microstructure_cond-deprivaiton.csv,cond,microstructure,other
data,sub-b7da_assay-microstructure_cond-deprivaiton.csv,food,microstructure,other
data,sub-b7da_assay-microstructure_cond-deprivaiton.csv,food-2,microstructure,other
data,sub-b7da_assay-microstructure_cond-deprivaiton.csv,group,microstructure,other
data,sub-b7da_assay-microstructure_cond-deprivaiton.csv,group-2,microstructure,other
data,sub-b7da_assay-microstructure_cond-deprivaiton.csv,id,microstructure,other
data,sub-b7da_assay-microstructure_cond-deprivaiton.csv,start,microstructure,other
data,sub-b7da_assay-microstructure_cond-deprivaiton.csv,start-2,microstructure,other
data,sub-b7da_assay-microstructure_cond-deprivaiton.csv,thirds,microstructure,other
data,sub-b7da_assay-microstructure_cond-deprivaiton.csv,thirds-2,microstructure,other
data,sub-b7da_assay-microstructure_cond-deprivaiton.csv,time_1,microstructure,other
data,sub-b7da_assay-microstructure_cond-deprivaiton.csv,time_2,microstructure,other
data,sub-b7da_assay-microstructure_cond-deprivaiton.csv,time_2-1,microstructure,other
data,sub-b7da_assay-microstructure_cond-deprivaiton.csv,time_2-2,microstructure,other
data,sub-b7da_assay-microstructure_cond-deprivaiton.csv,trace,microstructure,other
data,sub-b7da_assay-microstructure_cond-deprivaiton.csv,trace-2,microstructure,other
data,sub-bb2b_assay-microstructure_cond-control.csv,activity,microstructure,other
data,sub-bb2b_assay-microstructure_cond-control.csv,activity-2,microstructure,other
data,sub-bb2b_assay-microstructure_cond-control.csv,cond,microstructure,other
data,sub-bb2b_assay-microstructure_cond-control.csv,food,microstructure,other
data,sub-bb2b_assay-microstructure_cond-control.csv,food-2,microstructure,other
data,sub-bb2b_assay-microstructure_cond-control.csv,group,microstructure,other
data,sub-bb2b_assay-microstructure_cond-control.csv,group-2,microstructure,other
data,sub-bb2b_assay-microstructure_cond-control.csv,id,microstructure,other
data,sub-bb2b_assay-microstructure_cond-control.csv,start,microstructure,other
data,sub-bb2b_assay-microstructure_cond-control.csv,start-2,microstructure,other
data,sub-bb2b_assay-microstructure_cond-control.csv,thirds,microstructure,other
data,sub-bb2b_assay-microstructure_cond-control.csv,thirds-2,microstructure,other
data,sub-bb2b_assay-microstructure_cond-control.csv,time_1,microstructure,other
data,sub-bb2b_assay-microstructure_cond-control.csv,time_2,microstructure,other
data,sub-bb2b_assay-microstructure_cond-control.csv,time_2-1,microstructure,other
data,sub-bb2b_assay-microstructure_cond-control.csv,time_2-2,microstructure,other
data,sub-bb2b_assay-microstructure_cond-control.csv,trace,microstructure,other
data,sub-bb2b_assay-microstructure_cond-control.csv,trace-2,microstructure,other
data,sub-bb2b_assay-microstructure_cond-deprivaiton.csv,activity,microstructure,other
data,sub-bb2b_assay-microstructure_cond-deprivaiton.csv,activity-2,microstructure,other
data,sub-bb2b_assay-microstructure_cond-deprivaiton.csv,cond,microstructure,other
data,sub-bb2b_assay-microstructure_cond-deprivaiton.csv,food,microstructure,other
data,sub-bb2b_assay-microstructure_cond-deprivaiton.csv,food-2,microstructure,other
data,sub-bb2b_assay-microstructure_cond-deprivaiton.csv,group,microstructure,other
data,sub-bb2b_assay-microstructure_cond-deprivaiton.csv,group-2,microstructure,other
data,sub-bb2b_assay-microstructure_cond-deprivaiton.csv,id,microstructure,other
data,sub-bb2b_assay-microstructure_cond-deprivaiton.csv,start,microstructure,other
data,sub-bb2b_assay-microstructure_cond-deprivaiton.csv,start-2,microstructure,other
data,sub-bb2b_assay-microstructure_cond-deprivaiton.csv,thirds,microstructure,other
data,sub-bb2b_assay-microstructure_cond-deprivaiton.csv,time_1,microstructure,other
data,sub-bb2b_assay-microstructure_cond-deprivaiton.csv,time_2,microstructure,other
data,sub-bb2b_assay-microstructure_cond-deprivaiton.csv,time_2-1,microstructure,other
data,sub-bb2b_assay-microstructure_cond-deprivaiton.csv,time_2-2,microstructure,other
data,sub-bb2b_assay-microstructure_cond-deprivaiton.csv,trace,microstructure,other
data,sub-bb2b_assay-microstructure_cond-deprivaiton.csv,trace-2,microstructure,other
data,sub-bb72_assay-microstructure_cond-control.csv,activity,microstructure,other
data,sub-bb72_assay-microstructure_cond-control.csv,activity-2,microstructure,other
data,sub-bb72_assay-microstructure_cond-control.csv,cond,microstructure,other
data,sub-bb72_assay-microstructure_cond-control.csv,food,microstructure,other
data,sub-bb72_assay-microstructure_cond-control.csv,food-2,microstructure,other
data,sub-bb72_assay-microstructure_cond-control.csv,group,microstructure,other
data,sub-bb72_assay-microstructure_cond-control.csv,group-2,microstructure,other
data,sub-bb72_assay-microstructure_cond-control.csv,id,microstructure,other
data,sub-bb72_assay-microstructure_cond-control.csv,start,microstructure,other
data,sub-bb72_assay-microstructure_cond-control.csv,start-2,microstructure,other
data,sub-bb72_assay-microstructure_cond-control.csv,thirds,microstructure,other
data,sub-bb72_assay-microstructure_cond-control.csv,thirds-2,microstructure,other
data,sub-bb72_assay-microstructure_cond-control.csv,time_1,microstructure,other
data,sub-bb72_assay-microstructure_cond-control.csv,time_2,microstructure,other
data,sub-bb72_assay-microstructure_cond-control.csv,time_2-1,microstructure,other
data,sub-bb72_assay-microstructure_cond-control.csv,time_2-2,microstructure,other
data,sub-bb72_assay-microstructure_cond-control.csv,trace,microstructure,other
data,sub-bb72_assay-microstructure_cond-control.csv,trace-2,microstructure,other
data,sub-bb72_assay-microstructure_cond-deprivaiton.csv,activity,microstructure,other
data,sub-bb72_assay-microstructure_cond-deprivaiton.csv,activity-2,microstructure,other
data,sub-bb72_assay-microstructure_cond-deprivaiton.csv,cond,microstructure,other
data,sub-bb72_assay-microstructure_cond-deprivaiton.csv,food,microstructure,other
data,sub-bb72_assay-microstructure_cond-deprivaiton.csv,food-2,microstructure,other
data,sub-bb72_assay-microstructure_cond-deprivaiton.csv,group,microstructure,other
data,sub-bb72_assay-microstructure_cond-deprivaiton.csv,group-2,microstructure,other
data,sub-bb72_assay-microstructure_cond-deprivaiton.csv,id,microstructure,other
data,sub-bb72_assay-microstructure_cond-deprivaiton.csv,start,microstructure,other
data,sub-bb72_assay-microstructure_cond-deprivaiton.csv,start-2,microstructure,other
data,sub-bb72_assay-microstructure_cond-deprivaiton.csv,thirds,microstructure,other
data,sub-bb72_assay-microstructure_cond-deprivaiton.csv,thirds-2,microstructure,other
data,sub-bb72_assay-microstructure_cond-deprivaiton.csv,time_1,microstructure,other
data,sub-bb72_assay-microstructure_cond-deprivaiton.csv,time_2,microstructure,other
data,sub-bb72_assay-microstructure_cond-deprivaiton.csv,time_2-1,microstructure,other
data,sub-bb72_assay-microstructure_cond-deprivaiton.csv,time_2-2,microstructure,other
data,sub-bb72_assay-microstructure_cond-deprivaiton.csv,trace,microstructure,other
data,sub-bb72_assay-microstructure_cond-deprivaiton.csv,trace-2,microstructure,other
data,sub-bc10_assay-microstructure_cond-control.csv,activity,microstructure,other
data,sub-bc10_assay-microstructure_cond-control.csv,activity-2,microstructure,other
data,sub-bc10_assay-microstructure_cond-control.csv,cond,microstructure,other
data,sub-bc10_assay-microstructure_cond-control.csv,food,microstructure,other
data,sub-bc10_assay-microstructure_cond-control.csv,food-2,microstructure,other
data,sub-bc10_assay-microstructure_cond-control.csv,group,microstructure,other
data,sub-bc10_assay-microstructure_cond-control.csv,group-2,microstructure,other
data,sub-bc10_assay-microstructure_cond-control.csv,id,microstructure,other
data,sub-bc10_assay-microstructure_cond-control.csv,start,microstructure,other
data,sub-bc10_assay-microstructure_cond-control.csv,start-2,microstructure,other
data,sub-bc10_assay-microstructure_cond-control.csv,thirds,microstructure,other
data,sub-bc10_assay-microstructure_cond-control.csv,thirds-2,microstructure,other
data,sub-bc10_assay-microstructure_cond-control.csv,time_1,microstructure,other
data,sub-bc10_assay-microstructure_cond-control.csv,time_2,microstructure,other
data,sub-bc10_assay-microstructure_cond-control.csv,time_2-1,microstructure,other
data,sub-bc10_assay-microstructure_cond-control.csv,time_2-2,microstructure,other
data,sub-bc10_assay-microstructure_cond-control.csv,trace,microstructure,other
data,sub-bc10_assay-microstructure_cond-control.csv,trace-2,microstructure,other
data,sub-bc10_assay-microstructure_cond-deprivaiton.csv,activity,microstructure,other
data,sub-bc10_assay-microstructure_cond-deprivaiton.csv,activity-2,microstructure,other
data,sub-bc10_assay-microstructure_cond-deprivaiton.csv,cond,microstructure,other
data,sub-bc10_assay-microstructure_cond-deprivaiton.csv,food,microstructure,other
data,sub-bc10_assay-microstructure_cond-deprivaiton.csv,food-2,microstructure,other
data,sub-bc10_assay-microstructure_cond-deprivaiton.csv,group,microstructure,other
data,sub-bc10_assay-microstructure_cond-deprivaiton.csv,group-2,microstructure,other
data,sub-bc10_assay-microstructure_cond-deprivaiton.csv,id,microstructure,other
data,sub-bc10_assay-microstructure_cond-deprivaiton.csv,start,microstructure,other
data,sub-bc10_assay-microstructure_cond-deprivaiton.csv,start-2,microstructure,other
data,sub-bc10_assay-microstructure_cond-deprivaiton.csv,thirds,microstructure,other
data,sub-bc10_assay-microstructure_cond-deprivaiton.csv,thirds-2,microstructure,other
data,sub-bc10_assay-microstructure_cond-deprivaiton.csv,time_1,microstructure,other
data,sub-bc10_assay-microstructure_cond-deprivaiton.csv,time_2,microstructure,other
data,sub-bc10_assay-microstructure_cond-deprivaiton.csv,time_2-1,microstructure,other
data,sub-bc10_assay-microstructure_cond-deprivaiton.csv,time_2-2,microstructure,other
data,sub-bc10_assay-microstructure_cond-deprivaiton.csv,trace,microstructure,other
data,sub-bc10_assay-microstructure_cond-deprivaiton.csv,trace-2,microstructure,other
data,sub-be51_assay-microstructure_cond-control.csv,activity,microstructure,other
data,sub-be51_assay-microstructure_cond-control.csv,activity-2,microstructure,other
data,sub-be51_assay-microstructure_cond-control.csv,cond,microstructure,other
data,sub-be51_assay-microstructure_cond-control.csv,food,microstructure,other
data,sub-be51_assay-microstructure_cond-control.csv,food-2,microstructure,other
data,sub-be51_assay-microstructure_cond-control.csv,group,microstructure,other
data,sub-be51_assay-microstructure_cond-control.csv,group-2,microstructure,other
data,sub-be51_assay-microstructure_cond-control.csv,id,microstructure,other
data,sub-be51_assay-microstructure_cond-control.csv,start,microstructure,other
data,sub-be51_assay-microstructure_cond-control.csv,start-2,microstructure,other
data,sub-be51_assay-microstructure_cond-control.csv,thirds,microstructure,other
data,sub-be51_assay-microstructure_cond-control.csv,thirds-2,microstructure,other
data,sub-be51_assay-microstructure_cond-control.csv,time_1,microstructure,other
data,sub-be51_assay-microstructure_cond-control.csv,time_2,microstructure,other
data,sub-be51_assay-microstructure_cond-control.csv,time_2-1,microstructure,other
data,sub-be51_assay-microstructure_cond-control.csv,time_2-2,microstructure,other
data,sub-be51_assay-microstructure_cond-control.csv,trace,microstructure,other
data,sub-be51_assay-microstructure_cond-control.csv,trace-2,microstructure,other
data,sub-be51_assay-microstructure_cond-deprivaiton.csv,activity,microstructure,other
data,sub-be51_assay-microstructure_cond-deprivaiton.csv,activity-2,microstructure,other
data,sub-be51_assay-microstructure_cond-deprivaiton.csv,cond,microstructure,other
data,sub-be51_assay-microstructure_cond-deprivaiton.csv,food,microstructure,other
data,sub-be51_assay-microstructure_cond-deprivaiton.csv,food-2,microstructure,other
data,sub-be51_assay-microstructure_cond-deprivaiton.csv,group,microstructure,other
data,sub-be51_assay-microstructure_cond-deprivaiton.csv,group-2,microstructure,other
data,sub-be51_assay-microstructure_cond-deprivaiton.csv,id,microstructure,other
data,sub-be51_assay-microstructure_cond-deprivaiton.csv,start,microstructure,other
data,sub-be51_assay-microstructure_cond-deprivaiton.csv,start-2,microstructure,other
data,sub-be51_assay-microstructure_cond-deprivaiton.csv,thirds,microstructure,other
data,sub-be51_assay-microstructure_cond-deprivaiton.csv,thirds-2,microstructure,other
data,sub-be51_assay-microstructure_cond-deprivaiton.csv,time_1,microstructure,other
data,sub-be51_assay-microstructure_cond-deprivaiton.csv,time_2,microstructure,other
data,sub-be51_assay-microstructure_cond-deprivaiton.csv,time_2-1,microstructure,other
data,sub-be51_assay-microstructure_cond-deprivaiton.csv,time_2-2,microstructure,other
data,sub-be51_assay-microstructure_cond-deprivaiton.csv,trace,microstructure,other
data,sub-be51_assay-microstructure_cond-deprivaiton.csv,trace-2,microstructure,other
data,sub-bfb5_assay-microstructure_cond-control.csv,activity,microstructure,other
data,sub-bfb5_assay-microstructure_cond-control.csv,activity-2,microstructure,other
data,sub-bfb5_assay-microstructure_cond-control.csv,cond,microstructure,other
data,sub-bfb5_assay-microstructure_cond-control.csv,food,microstructure,other
data,sub-bfb5_assay-microstructure_cond-control.csv,food-2,microstructure,other
data,sub-bfb5_assay-microstructure_cond-control.csv,group,microstructure,other
data,sub-bfb5_assay-microstructure_cond-control.csv,group-2,microstructure,other
data,sub-bfb5_assay-microstructure_cond-control.csv,id,microstructure,other
data,sub-bfb5_assay-microstructure_cond-control.csv,start,microstructure,other
data,sub-bfb5_assay-microstructure_cond-control.csv,start-2,microstructure,other
data,sub-bfb5_assay-microstructure_cond-control.csv,thirds,microstructure,other
data,sub-bfb5_assay-microstructure_cond-control.csv,thirds-2,microstructure,other
data,sub-bfb5_assay-microstructure_cond-control.csv,time_1,microstructure,other
data,sub-bfb5_assay-microstructure_cond-control.csv,time_2,microstructure,other
data,sub-bfb5_assay-microstructure_cond-control.csv,time_2-1,microstructure,other
data,sub-bfb5_assay-microstructure_cond-control.csv,time_2-2,microstructure,other
data,sub-bfb5_assay-microstructure_cond-control.csv,trace,microstructure,other
data,sub-bfb5_assay-microstructure_cond-control.csv,trace-2,microstructure,other
data,sub-bfb5_assay-microstructure_cond-deprivaiton.csv,activity,microstructure,other
data,sub-bfb5_assay-microstructure_cond-deprivaiton.csv,activity-2,microstructure,other
data,sub-bfb5_assay-microstructure_cond-deprivaiton.csv,cond,microstructure,other
data,sub-bfb5_assay-microstructure_cond-deprivaiton.csv,food,microstructure,other
data,sub-bfb5_assay-microstructure_cond-deprivaiton.csv,food-2,microstructure,other
data,sub-bfb5_assay-microstructure_cond-deprivaiton.csv,group,microstructure,other
data,sub-bfb5_assay-microstructure_cond-deprivaiton.csv,group-2,microstructure,other
data,sub-bfb5_assay-microstructure_cond-deprivaiton.csv,id,microstructure,other
data,sub-bfb5_assay-microstructure_cond-deprivaiton.csv,start,microstructure,other
data,sub-bfb5_assay-microstructure_cond-deprivaiton.csv,start-2,microstructure,other
data,sub-bfb5_assay-microstructure_cond-deprivaiton.csv,thirds,microstructure,other
data,sub-bfb5_assay-microstructure_cond-deprivaiton.csv,thirds-2,microstructure,other
data,sub-bfb5_assay-microstructure_cond-deprivaiton.csv,time_1,microstructure,other
data,sub-bfb5_assay-microstructure_cond-deprivaiton.csv,time_2,microstructure,other
data,sub-bfb5_assay-microstructure_cond-deprivaiton.csv,time_2-1,microstructure,other
data,sub-bfb5_assay-microstructure_cond-deprivaiton.csv,time_2-2,microstructure,other
data,sub-bfb5_assay-microstructure_cond-deprivaiton.csv,trace,microstructure,other
data,sub-bfb5_assay-microstructure_cond-deprivaiton.csv,trace-2,microstructure,other
data,sub-c4a4_assay-microstructure_cond-control.csv,activity,microstructure,other
data,sub-c4a4_assay-microstructure_cond-control.csv,activity-2,microstructure,other
data,sub-c4a4_assay-microstructure_cond-control.csv,cond,microstructure,other
data,sub-c4a4_assay-microstructure_cond-control.csv,food,microstructure,other
data,sub-c4a4_assay-microstructure_cond-control.csv,food-2,microstructure,other
data,sub-c4a4_assay-microstructure_cond-control.csv,group,microstructure,other
data,sub-c4a4_assay-microstructure_cond-control.csv,group-2,microstructure,other
data,sub-c4a4_assay-microstructure_cond-control.csv,id,microstructure,other
data,sub-c4a4_assay-microstructure_cond-control.csv,start,microstructure,other
data,sub-c4a4_assay-microstructure_cond-control.csv,start-2,microstructure,other
data,sub-c4a4_assay-microstructure_cond-control.csv,thirds,microstructure,other
data,sub-c4a4_assay-microstructure_cond-control.csv,thirds-2,microstructure,other
data,sub-c4a4_assay-microstructure_cond-control.csv,time_1,microstructure,other
data,sub-c4a4_assay-microstructure_cond-control.csv,time_2,microstructure,other
data,sub-c4a4_assay-microstructure_cond-control.csv,time_2-1,microstructure,other
data,sub-c4a4_assay-microstructure_cond-control.csv,time_2-2,microstructure,other
data,sub-c4a4_assay-microstructure_cond-control.csv,trace,microstructure,other
data,sub-c4a4_assay-microstructure_cond-control.csv,trace-2,microstructure,other
data,sub-c4a4_assay-microstructure_cond-deprivaiton.csv,activity,microstructure,other
data,sub-c4a4_assay-microstructure_cond-deprivaiton.csv,activity-2,microstructure,other
data,sub-c4a4_assay-microstructure_cond-deprivaiton.csv,cond,microstructure,other
data,sub-c4a4_assay-microstructure_cond-deprivaiton.csv,food,microstructure,other
data,sub-c4a4_assay-microstructure_cond-deprivaiton.csv,food-2,microstructure,other
data,sub-c4a4_assay-microstructure_cond-deprivaiton.csv,group,microstructure,other
data,sub-c4a4_assay-microstructure_cond-deprivaiton.csv,group-2,microstructure,other
data,sub-c4a4_assay-microstructure_cond-deprivaiton.csv,id,microstructure,other
data,sub-c4a4_assay-microstructure_cond-deprivaiton.csv,start,microstructure,other
data,sub-c4a4_assay-microstructure_cond-deprivaiton.csv,start-2,microstructure,other
data,sub-c4a4_assay-microstructure_cond-deprivaiton.csv,thirds,microstructure,other
data,sub-c4a4_assay-microstructure_cond-deprivaiton.csv,thirds-2,microstructure,other
data,sub-c4a4_assay-microstructure_cond-deprivaiton.csv,time_1,microstructure,other
data,sub-c4a4_assay-microstructure_cond-deprivaiton.csv,time_2,microstructure,other
data,sub-c4a4_assay-microstructure_cond-deprivaiton.csv,time_2-1,microstructure,other
data,sub-c4a4_assay-microstructure_cond-deprivaiton.csv,time_2-2,microstructure,other
data,sub-c4a4_assay-microstructure_cond-deprivaiton.csv,trace,microstructure,other
data,sub-c4a4_assay-microstructure_cond-deprivaiton.csv,trace-2,microstructure,other
data,sub-c4dc_assay-microstructure_timepoint-a.csv,activity,microstructure,other
data,sub-c4dc_assay-microstructure_timepoint-a.csv,food,microstructure,other
data,sub-c4dc_assay-microstructure_timepoint-a.csv,group,microstructure,other
data,sub-c4dc_assay-microstructure_timepoint-a.csv,id,microstructure,other
data,sub-c4dc_assay-microstructure_timepoint-a.csv,start,microstructure,other
data,sub-c4dc_assay-microstructure_timepoint-a.csv,time1,microstructure,other
data,sub-c4dc_assay-microstructure_timepoint-a.csv,time2,microstructure,other
data,sub-c4dc_assay-microstructure_timepoint-a.csv,timepoint,microstructure,other
data,sub-c4dc_assay-microstructure_timepoint-a.csv,trace,microstructure,other
data,sub-c4dc_assay-microstructure_timepoint-b.csv,activity,microstructure,other
data,sub-c4dc_assay-microstructure_timepoint-b.csv,food,microstructure,other
data,sub-c4dc_assay-microstructure_timepoint-b.csv,group,microstructure,other
data,sub-c4dc_assay-microstructure_timepoint-b.csv,id,microstructure,other
data,sub-c4dc_assay-microstructure_timepoint-b.csv,start,microstructure,other
data,sub-c4dc_assay-microstructure_timepoint-b.csv,time1,microstructure,other
data,sub-c4dc_assay-microstructure_timepoint-b.csv,time2,microstructure,other
data,sub-c4dc_assay-microstructure_timepoint-b.csv,timepoint,microstructure,other
data,sub-c4dc_assay-microstructure_timepoint-b.csv,trace,microstructure,other
data,sub-c524_assay-microstructure_timepoint-a.csv,activity,microstructure,other
data,sub-c524_assay-microstructure_timepoint-a.csv,food,microstructure,other
data,sub-c524_assay-microstructure_timepoint-a.csv,group,microstructure,other
data,sub-c524_assay-microstructure_timepoint-a.csv,id,microstructure,other
data,sub-c524_assay-microstructure_timepoint-a.csv,start,microstructure,other
data,sub-c524_assay-microstructure_timepoint-a.csv,time1,microstructure,other
data,sub-c524_assay-microstructure_timepoint-a.csv,time2,microstructure,other
data,sub-c524_assay-microstructure_timepoint-a.csv,timepoint,microstructure,other
data,sub-c524_assay-microstructure_timepoint-a.csv,trace,microstructure,other
data,sub-c524_assay-microstructure_timepoint-b.csv,activity,microstructure,other
data,sub-c524_assay-microstructure_timepoint-b.csv,food,microstructure,other
data,sub-c524_assay-microstructure_timepoint-b.csv,group,microstructure,other
data,sub-c524_assay-microstructure_timepoint-b.csv,id,microstructure,other
data,sub-c524_assay-microstructure_timepoint-b.csv,start,microstructure,other
data,sub-c524_assay-microstructure_timepoint-b.csv,time1,microstructure,other
data,sub-c524_assay-microstructure_timepoint-b.csv,time2,microstructure,other
data,sub-c524_assay-microstructure_timepoint-b.csv,timepoint,microstructure,other
data,sub-c524_assay-microstructure_timepoint-b.csv,trace,microstructure,other
data,sub-c52c_assay-microstructure_timepoint-a.csv,activity,microstructure,other
data,sub-c52c_assay-microstructure_timepoint-a.csv,food,microstructure,other
data,sub-c52c_assay-microstructure_timepoint-a.csv,group,microstructure,other
data,sub-c52c_assay-microstructure_timepoint-a.csv,id,microstructure,other
data,sub-c52c_assay-microstructure_timepoint-a.csv,start,microstructure,other
data,sub-c52c_assay-microstructure_timepoint-a.csv,time1,microstructure,other
data,sub-c52c_assay-microstructure_timepoint-a.csv,time2,microstructure,other
data,sub-c52c_assay-microstructure_timepoint-a.csv,timepoint,microstructure,other
data,sub-c52c_assay-microstructure_timepoint-a.csv,trace,microstructure,other
data,sub-c52c_assay-microstructure_timepoint-b.csv,activity,microstructure,other
data,sub-c52c_assay-microstructure_timepoint-b.csv,food,microstructure,other
data,sub-c52c_assay-microstructure_timepoint-b.csv,group,microstructure,other
data,sub-c52c_assay-microstructure_timepoint-b.csv,id,microstructure,other
data,sub-c52c_assay-microstructure_timepoint-b.csv,start,microstructure,other
data,sub-c52c_assay-microstructure_timepoint-b.csv,time1,microstructure,other
data,sub-c52c_assay-microstructure_timepoint-b.csv,time2,microstructure,other
data,sub-c52c_assay-microstructure_timepoint-b.csv,timepoint,microstructure,other
data,sub-c52c_assay-microstructure_timepoint-b.csv,trace,microstructure,other
data,sub-c5c4_assay-microstructure_timepoint-a.csv,activity,microstructure,other
data,sub-c5c4_assay-microstructure_timepoint-a.csv,food,microstructure,other
data,sub-c5c4_assay-microstructure_timepoint-a.csv,group,microstructure,other
data,sub-c5c4_assay-microstructure_timepoint-a.csv,id,microstructure,other
data,sub-c5c4_assay-microstructure_timepoint-a.csv,start,microstructure,other
data,sub-c5c4_assay-microstructure_timepoint-a.csv,time1,microstructure,other
data,sub-c5c4_assay-microstructure_timepoint-a.csv,time2,microstructure,other
data,sub-c5c4_assay-microstructure_timepoint-a.csv,timepoint,microstructure,other
data,sub-c5c4_assay-microstructure_timepoint-a.csv,trace,microstructure,other
data,sub-c5c4_assay-microstructure_timepoint-b.csv,activity,microstructure,other
data,sub-c5c4_assay-microstructure_timepoint-b.csv,food,microstructure,other
data,sub-c5c4_assay-microstructure_timepoint-b.csv,group,microstructure,other
data,sub-c5c4_assay-microstructure_timepoint-b.csv,id,microstructure,other
data,sub-c5c4_assay-microstructure_timepoint-b.csv,start,microstructure,other
data,sub-c5c4_assay-microstructure_timepoint-b.csv,time1,microstructure,other
data,sub-c5c4_assay-microstructure_timepoint-b.csv,time2,microstructure,other
data,sub-c5c4_assay-microstructure_timepoint-b.csv,timepoint,microstructure,other
data,sub-c5c4_assay-microstructure_timepoint-b.csv,trace,microstructure,other
data,sub-c901_assay-microstructure_cond-control.csv,activity,microstructure,other
data,sub-c901_assay-microstructure_cond-control.csv,activity-2,microstructure,other
data,sub-c901_assay-microstructure_cond-control.csv,cond,microstructure,other
data,sub-c901_assay-microstructure_cond-control.csv,food,microstructure,other
data,sub-c901_assay-microstructure_cond-control.csv,food-2,microstructure,other
data,sub-c901_assay-microstructure_cond-control.csv,group,microstructure,other
data,sub-c901_assay-microstructure_cond-control.csv,group-2,microstructure,other
data,sub-c901_assay-microstructure_cond-control.csv,id,microstructure,other
data,sub-c901_assay-microstructure_cond-control.csv,start,microstructure,other
data,sub-c901_assay-microstructure_cond-control.csv,start-2,microstructure,other
data,sub-c901_assay-microstructure_cond-control.csv,thirds,microstructure,other
data,sub-c901_assay-microstructure_cond-control.csv,thirds-2,microstructure,other
data,sub-c901_assay-microstructure_cond-control.csv,time_1,microstructure,other
data,sub-c901_assay-microstructure_cond-control.csv,time_2,microstructure,other
data,sub-c901_assay-microstructure_cond-control.csv,time_2-1,microstructure,other
data,sub-c901_assay-microstructure_cond-control.csv,time_2-2,microstructure,other
data,sub-c901_assay-microstructure_cond-control.csv,trace,microstructure,other
data,sub-c901_assay-microstructure_cond-control.csv,trace-2,microstructure,other
data,sub-c901_assay-microstructure_cond-deprivaiton.csv,activity,microstructure,other
data,sub-c901_assay-microstructure_cond-deprivaiton.csv,activity-2,microstructure,other
data,sub-c901_assay-microstructure_cond-deprivaiton.csv,cond,microstructure,other
data,sub-c901_assay-microstructure_cond-deprivaiton.csv,food,microstructure,other
data,sub-c901_assay-microstructure_cond-deprivaiton.csv,food-2,microstructure,other
data,sub-c901_assay-microstructure_cond-deprivaiton.csv,group,microstructure,other
data,sub-c901_assay-microstructure_cond-deprivaiton.csv,group-2,microstructure,other
data,sub-c901_assay-microstructure_cond-deprivaiton.csv,id,microstructure,other
data,sub-c901_assay-microstructure_cond-deprivaiton.csv,start,microstructure,other
data,sub-c901_assay-microstructure_cond-deprivaiton.csv,start-2,microstructure,other
data,sub-c901_assay-microstructure_cond-deprivaiton.csv,thirds,microstructure,other
data,sub-c901_assay-microstructure_cond-deprivaiton.csv,thirds-2,microstructure,other
data,sub-c901_assay-microstructure_cond-deprivaiton.csv,time_1,microstructure,other
data,sub-c901_assay-microstructure_cond-deprivaiton.csv,time_2,microstructure,other
data,sub-c901_assay-microstructure_cond-deprivaiton.csv,time_2-1,microstructure,other
data,sub-c901_assay-microstructure_cond-deprivaiton.csv,time_2-2,microstructure,other
data,sub-c901_assay-microstructure_cond-deprivaiton.csv,trace,microstructure,other
data,sub-c901_assay-microstructure_cond-deprivaiton.csv,trace-2,microstructure,other
data,sub-cb3f_assay-microstructure_cond-control.csv,activity,microstructure,other
data,sub-cb3f_assay-microstructure_cond-control.csv,activity-2,microstructure,other
data,sub-cb3f_assay-microstructure_cond-control.csv,cond,microstructure,other
data,sub-cb3f_assay-microstructure_cond-control.csv,food,microstructure,other
data,sub-cb3f_assay-microstructure_cond-control.csv,food-2,microstructure,other
data,sub-cb3f_assay-microstructure_cond-control.csv,group,microstructure,other
data,sub-cb3f_assay-microstructure_cond-control.csv,group-2,microstructure,other
data,sub-cb3f_assay-microstructure_cond-control.csv,id,microstructure,other
data,sub-cb3f_assay-microstructure_cond-control.csv,start,microstructure,other
data,sub-cb3f_assay-microstructure_cond-control.csv,start-2,microstructure,other
data,sub-cb3f_assay-microstructure_cond-control.csv,thirds,microstructure,other
data,sub-cb3f_assay-microstructure_cond-control.csv,thirds-2,microstructure,other
data,sub-cb3f_assay-microstructure_cond-control.csv,time_1,microstructure,other
data,sub-cb3f_assay-microstructure_cond-control.csv,time_2,microstructure,other
data,sub-cb3f_assay-microstructure_cond-control.csv,time_2-1,microstructure,other
data,sub-cb3f_assay-microstructure_cond-control.csv,time_2-2,microstructure,other
data,sub-cb3f_assay-microstructure_cond-control.csv,trace,microstructure,other
data,sub-cb3f_assay-microstructure_cond-control.csv,trace-2,microstructure,other
data,sub-cb3f_assay-microstructure_cond-deprivaiton.csv,activity,microstructure,other
data,sub-cb3f_assay-microstructure_cond-deprivaiton.csv,activity-2,microstructure,other
data,sub-cb3f_assay-microstructure_cond-deprivaiton.csv,cond,microstructure,other
data,sub-cb3f_assay-microstructure_cond-deprivaiton.csv,food,microstructure,other
data,sub-cb3f_assay-microstructure_cond-deprivaiton.csv,food-2,microstructure,other
data,sub-cb3f_assay-microstructure_cond-deprivaiton.csv,group,microstructure,other
data,sub-cb3f_assay-microstructure_cond-deprivaiton.csv,group-2,microstructure,other
data,sub-cb3f_assay-microstructure_cond-deprivaiton.csv,id,microstructure,other
data,sub-cb3f_assay-microstructure_cond-deprivaiton.csv,start,microstructure,other
data,sub-cb3f_assay-microstructure_cond-deprivaiton.csv,start-2,microstructure,other
data,sub-cb3f_assay-microstructure_cond-deprivaiton.csv,thirds,microstructure,other
data,sub-cb3f_assay-microstructure_cond-deprivaiton.csv,thirds-2,microstructure,other
data,sub-cb3f_assay-microstructure_cond-deprivaiton.csv,time_1,microstructure,other
data,sub-cb3f_assay-microstructure_cond-deprivaiton.csv,time_2,microstructure,other
data,sub-cb3f_assay-microstructure_cond-deprivaiton.csv,time_2-1,microstructure,other
data,sub-cb3f_assay-microstructure_cond-deprivaiton.csv,time_2-2,microstructure,other
data,sub-cb3f_assay-microstructure_cond-deprivaiton.csv,trace,microstructure,other
data,sub-cb3f_assay-microstructure_cond-deprivaiton.csv,trace-2,microstructure,other
data,sub-cba4_assay-microstructure_cond-control.csv,activity,microstructure,other
data,sub-cba4_assay-microstructure_cond-control.csv,activity-2,microstructure,other
data,sub-cba4_assay-microstructure_cond-control.csv,cond,microstructure,other
data,sub-cba4_assay-microstructure_cond-control.csv,food,microstructure,other
data,sub-cba4_assay-microstructure_cond-control.csv,food-2,microstructure,other
data,sub-cba4_assay-microstructure_cond-control.csv,group,microstructure,other
data,sub-cba4_assay-microstructure_cond-control.csv,group-2,microstructure,other
data,sub-cba4_assay-microstructure_cond-control.csv,id,microstructure,other
data,sub-cba4_assay-microstructure_cond-control.csv,start,microstructure,other
data,sub-cba4_assay-microstructure_cond-control.csv,start-2,microstructure,other
data,sub-cba4_assay-microstructure_cond-control.csv,thirds,microstructure,other
data,sub-cba4_assay-microstructure_cond-control.csv,thirds-2,microstructure,other
data,sub-cba4_assay-microstructure_cond-control.csv,time_1,microstructure,other
data,sub-cba4_assay-microstructure_cond-control.csv,time_2,microstructure,other
data,sub-cba4_assay-microstructure_cond-control.csv,time_2-1,microstructure,other
data,sub-cba4_assay-microstructure_cond-control.csv,time_2-2,microstructure,other
data,sub-cba4_assay-microstructure_cond-control.csv,trace,microstructure,other
data,sub-cba4_assay-microstructure_cond-control.csv,trace-2,microstructure,other
data,sub-cba4_assay-microstructure_cond-deprivaiton.csv,activity,microstructure,other
data,sub-cba4_assay-microstructure_cond-deprivaiton.csv,activity-2,microstructure,other
data,sub-cba4_assay-microstructure_cond-deprivaiton.csv,cond,microstructure,other
data,sub-cba4_assay-microstructure_cond-deprivaiton.csv,food,microstructure,other
data,sub-cba4_assay-microstructure_cond-deprivaiton.csv,food-2,microstructure,other
data,sub-cba4_assay-microstructure_cond-deprivaiton.csv,group,microstructure,other
data,sub-cba4_assay-microstructure_cond-deprivaiton.csv,group-2,microstructure,other
data,sub-cba4_assay-microstructure_cond-deprivaiton.csv,id,microstructure,other
data,sub-cba4_assay-microstructure_cond-deprivaiton.csv,start,microstructure,other
data,sub-cba4_assay-microstructure_cond-deprivaiton.csv,start-2,microstructure,other
data,sub-cba4_assay-microstructure_cond-deprivaiton.csv,thirds,microstructure,other
data,sub-cba4_assay-microstructure_cond-deprivaiton.csv,thirds-2,microstructure,other
data,sub-cba4_assay-microstructure_cond-deprivaiton.csv,time_1,microstructure,other
data,sub-cba4_assay-microstructure_cond-deprivaiton.csv,time_2,microstructure,other
data,sub-cba4_assay-microstructure_cond-deprivaiton.csv,time_2-1,microstructure,other
data,sub-cba4_assay-microstructure_cond-deprivaiton.csv,time_2-2,microstructure,other
data,sub-cba4_assay-microstructure_cond-deprivaiton.csv,trace,microstructure,other
data,sub-cba4_assay-microstructure_cond-deprivaiton.csv,trace-2,microstructure,other
data,sub-cfd3_assay-microstructure_timepoint-a.csv,activity,microstructure,other
data,sub-cfd3_assay-microstructure_timepoint-a.csv,food,microstructure,other
data,sub-cfd3_assay-microstructure_timepoint-a.csv,group,microstructure,other
data,sub-cfd3_assay-microstructure_timepoint-a.csv,id,microstructure,other
data,sub-cfd3_assay-microstructure_timepoint-a.csv,start,microstructure,other
data,sub-cfd3_assay-microstructure_timepoint-a.csv,time1,microstructure,other
data,sub-cfd3_assay-microstructure_timepoint-a.csv,time2,microstructure,other
data,sub-cfd3_assay-microstructure_timepoint-a.csv,timepoint,microstructure,other
data,sub-cfd3_assay-microstructure_timepoint-a.csv,trace,microstructure,other
data,sub-cfd3_assay-microstructure_timepoint-b.csv,activity,microstructure,other
data,sub-cfd3_assay-microstructure_timepoint-b.csv,food,microstructure,other
data,sub-cfd3_assay-microstructure_timepoint-b.csv,group,microstructure,other
data,sub-cfd3_assay-microstructure_timepoint-b.csv,id,microstructure,other
data,sub-cfd3_assay-microstructure_timepoint-b.csv,start,microstructure,other
data,sub-cfd3_assay-microstructure_timepoint-b.csv,time1,microstructure,other
data,sub-cfd3_assay-microstructure_timepoint-b.csv,time2,microstructure,other
data,sub-cfd3_assay-microstructure_timepoint-b.csv,timepoint,microstructure,other
data,sub-cfd3_assay-microstructure_timepoint-b.csv,trace,microstructure,other
data,sub-d1b5_assay-microstructure_cond-control.csv,activity,microstructure,other
data,sub-d1b5_assay-microstructure_cond-control.csv,activity-2,microstructure,other
data,sub-d1b5_assay-microstructure_cond-control.csv,cond,microstructure,other
data,sub-d1b5_assay-microstructure_cond-control.csv,food,microstructure,other
data,sub-d1b5_assay-microstructure_cond-control.csv,food-2,microstructure,other
data,sub-d1b5_assay-microstructure_cond-control.csv,group,microstructure,other
data,sub-d1b5_assay-microstructure_cond-control.csv,group-2,microstructure,other
data,sub-d1b5_assay-microstructure_cond-control.csv,id,microstructure,other
data,sub-d1b5_assay-microstructure_cond-control.csv,start,microstructure,other
data,sub-d1b5_assay-microstructure_cond-control.csv,start-2,microstructure,other
data,sub-d1b5_assay-microstructure_cond-control.csv,thirds,microstructure,other
data,sub-d1b5_assay-microstructure_cond-control.csv,thirds-2,microstructure,other
data,sub-d1b5_assay-microstructure_cond-control.csv,time_1,microstructure,other
data,sub-d1b5_assay-microstructure_cond-control.csv,time_2,microstructure,other
data,sub-d1b5_assay-microstructure_cond-control.csv,time_2-1,microstructure,other
data,sub-d1b5_assay-microstructure_cond-control.csv,time_2-2,microstructure,other
data,sub-d1b5_assay-microstructure_cond-control.csv,trace,microstructure,other
data,sub-d1b5_assay-microstructure_cond-control.csv,trace-2,microstructure,other
data,sub-d1b5_assay-microstructure_cond-deprivaiton.csv,activity,microstructure,other
data,sub-d1b5_assay-microstructure_cond-deprivaiton.csv,activity-2,microstructure,other
data,sub-d1b5_assay-microstructure_cond-deprivaiton.csv,cond,microstructure,other
data,sub-d1b5_assay-microstructure_cond-deprivaiton.csv,food,microstructure,other
data,sub-d1b5_assay-microstructure_cond-deprivaiton.csv,food-2,microstructure,other
data,sub-d1b5_assay-microstructure_cond-deprivaiton.csv,group,microstructure,other
data,sub-d1b5_assay-microstructure_cond-deprivaiton.csv,group-2,microstructure,other
data,sub-d1b5_assay-microstructure_cond-deprivaiton.csv,id,microstructure,other
data,sub-d1b5_assay-microstructure_cond-deprivaiton.csv,start,microstructure,other
data,sub-d1b5_assay-microstructure_cond-deprivaiton.csv,start-2,microstructure,other
data,sub-d1b5_assay-microstructure_cond-deprivaiton.csv,thirds,microstructure,other
data,sub-d1b5_assay-microstructure_cond-deprivaiton.csv,thirds-2,microstructure,other
data,sub-d1b5_assay-microstructure_cond-deprivaiton.csv,time_1,microstructure,other
data,sub-d1b5_assay-microstructure_cond-deprivaiton.csv,time_2,microstructure,other
data,sub-d1b5_assay-microstructure_cond-deprivaiton.csv,time_2-1,microstructure,other
data,sub-d1b5_assay-microstructure_cond-deprivaiton.csv,time_2-2,microstructure,other
data,sub-d1b5_assay-microstructure_cond-deprivaiton.csv,trace,microstructure,other
data,sub-d1b5_assay-microstructure_cond-deprivaiton.csv,trace-2,microstructure,other
data,sub-d2aa_assay-microstructure_timepoint-a.csv,activity,microstructure,other
data,sub-d2aa_assay-microstructure_timepoint-a.csv,food,microstructure,other
data,sub-d2aa_assay-microstructure_timepoint-a.csv,group,microstructure,other
data,sub-d2aa_assay-microstructure_timepoint-a.csv,id,microstructure,other
data,sub-d2aa_assay-microstructure_timepoint-a.csv,start,microstructure,other
data,sub-d2aa_assay-microstructure_timepoint-a.csv,time1,microstructure,other
data,sub-d2aa_assay-microstructure_timepoint-a.csv,time2,microstructure,other
data,sub-d2aa_assay-microstructure_timepoint-a.csv,timepoint,microstructure,other
data,sub-d2aa_assay-microstructure_timepoint-a.csv,trace,microstructure,other
data,sub-d2aa_assay-microstructure_timepoint-b.csv,activity,microstructure,other
data,sub-d2aa_assay-microstructure_timepoint-b.csv,food,microstructure,other
data,sub-d2aa_assay-microstructure_timepoint-b.csv,group,microstructure,other
data,sub-d2aa_assay-microstructure_timepoint-b.csv,id,microstructure,other
data,sub-d2aa_assay-microstructure_timepoint-b.csv,start,microstructure,other
data,sub-d2aa_assay-microstructure_timepoint-b.csv,time1,microstructure,other
data,sub-d2aa_assay-microstructure_timepoint-b.csv,time2,microstructure,other
data,sub-d2aa_assay-microstructure_timepoint-b.csv,timepoint,microstructure,other
data,sub-d2aa_assay-microstructure_timepoint-b.csv,trace,microstructure,other
data,sub-d33f_assay-microstructure_cond-control.csv,activity,microstructure,other
data,sub-d33f_assay-microstructure_cond-control.csv,activity-2,microstructure,other
data,sub-d33f_assay-microstructure_cond-control.csv,cond,microstructure,other
data,sub-d33f_assay-microstructure_cond-control.csv,food,microstructure,other
data,sub-d33f_assay-microstructure_cond-control.csv,food-2,microstructure,other
data,sub-d33f_assay-microstructure_cond-control.csv,group,microstructure,other
data,sub-d33f_assay-microstructure_cond-control.csv,group-2,microstructure,other
data,sub-d33f_assay-microstructure_cond-control.csv,id,microstructure,other
data,sub-d33f_assay-microstructure_cond-control.csv,start,microstructure,other
data,sub-d33f_assay-microstructure_cond-control.csv,start-2,microstructure,other
data,sub-d33f_assay-microstructure_cond-control.csv,thirds,microstructure,other
data,sub-d33f_assay-microstructure_cond-control.csv,thirds-2,microstructure,other
data,sub-d33f_assay-microstructure_cond-control.csv,time_1,microstructure,other
data,sub-d33f_assay-microstructure_cond-control.csv,time_2,microstructure,other
data,sub-d33f_assay-microstructure_cond-control.csv,time_2-1,microstructure,other
data,sub-d33f_assay-microstructure_cond-control.csv,time_2-2,microstructure,other
data,sub-d33f_assay-microstructure_cond-control.csv,trace,microstructure,other
data,sub-d33f_assay-microstructure_cond-control.csv,trace-2,microstructure,other
data,sub-d33f_assay-microstructure_cond-deprivaiton.csv,activity,microstructure,other
data,sub-d33f_assay-microstructure_cond-deprivaiton.csv,activity-2,microstructure,other
data,sub-d33f_assay-microstructure_cond-deprivaiton.csv,cond,microstructure,other
data,sub-d33f_assay-microstructure_cond-deprivaiton.csv,food,microstructure,other
data,sub-d33f_assay-microstructure_cond-deprivaiton.csv,food-2,microstructure,other
data,sub-d33f_assay-microstructure_cond-deprivaiton.csv,group,microstructure,other
data,sub-d33f_assay-microstructure_cond-deprivaiton.csv,group-2,microstructure,other
data,sub-d33f_assay-microstructure_cond-deprivaiton.csv,id,microstructure,other
data,sub-d33f_assay-microstructure_cond-deprivaiton.csv,start,microstructure,other
data,sub-d33f_assay-microstructure_cond-deprivaiton.csv,start-2,microstructure,other
data,sub-d33f_assay-microstructure_cond-deprivaiton.csv,thirds,microstructure,other
data,sub-d33f_assay-microstructure_cond-deprivaiton.csv,thirds-2,microstructure,other
data,sub-d33f_assay-microstructure_cond-deprivaiton.csv,time_1,microstructure,other
data,sub-d33f_assay-microstructure_cond-deprivaiton.csv,time_2,microstructure,other
data,sub-d33f_assay-microstructure_cond-deprivaiton.csv,time_2-1,microstructure,other
data,sub-d33f_assay-microstructure_cond-deprivaiton.csv,time_2-2,microstructure,other
data,sub-d33f_assay-microstructure_cond-deprivaiton.csv,trace,microstructure,other
data,sub-d33f_assay-microstructure_cond-deprivaiton.csv,trace-2,microstructure,other
data,sub-d379_assay-microstructure_cond-control.csv,activity,microstructure,other
data,sub-d379_assay-microstructure_cond-control.csv,activity-2,microstructure,other
data,sub-d379_assay-microstructure_cond-control.csv,cond,microstructure,other
data,sub-d379_assay-microstructure_cond-control.csv,food,microstructure,other
data,sub-d379_assay-microstructure_cond-control.csv,food-2,microstructure,other
data,sub-d379_assay-microstructure_cond-control.csv,group,microstructure,other
data,sub-d379_assay-microstructure_cond-control.csv,group-2,microstructure,other
data,sub-d379_assay-microstructure_cond-control.csv,id,microstructure,other
data,sub-d379_assay-microstructure_cond-control.csv,start,microstructure,other
data,sub-d379_assay-microstructure_cond-control.csv,start-2,microstructure,other
data,sub-d379_assay-microstructure_cond-control.csv,thirds,microstructure,other
data,sub-d379_assay-microstructure_cond-control.csv,thirds-2,microstructure,other
data,sub-d379_assay-microstructure_cond-control.csv,time_1,microstructure,other
data,sub-d379_assay-microstructure_cond-control.csv,time_2,microstructure,other
data,sub-d379_assay-microstructure_cond-control.csv,time_2-1,microstructure,other
data,sub-d379_assay-microstructure_cond-control.csv,time_2-2,microstructure,other
data,sub-d379_assay-microstructure_cond-control.csv,trace,microstructure,other
data,sub-d379_assay-microstructure_cond-control.csv,trace-2,microstructure,other
data,sub-d379_assay-microstructure_cond-deprivaiton.csv,activity,microstructure,other
data,sub-d379_assay-microstructure_cond-deprivaiton.csv,activity-2,microstructure,other
data,sub-d379_assay-microstructure_cond-deprivaiton.csv,cond,microstructure,other
data,sub-d379_assay-microstructure_cond-deprivaiton.csv,food,microstructure,other
data,sub-d379_assay-microstructure_cond-deprivaiton.csv,food-2,microstructure,other
data,sub-d379_assay-microstructure_cond-deprivaiton.csv,group,microstructure,other
data,sub-d379_assay-microstructure_cond-deprivaiton.csv,group-2,microstructure,other
data,sub-d379_assay-microstructure_cond-deprivaiton.csv,id,microstructure,other
data,sub-d379_assay-microstructure_cond-deprivaiton.csv,start,microstructure,other
data,sub-d379_assay-microstructure_cond-deprivaiton.csv,start-2,microstructure,other
data,sub-d379_assay-microstructure_cond-deprivaiton.csv,thirds,microstructure,other
data,sub-d379_assay-microstructure_cond-deprivaiton.csv,thirds-2,microstructure,other
data,sub-d379_assay-microstructure_cond-deprivaiton.csv,time_1,microstructure,other
data,sub-d379_assay-microstructure_cond-deprivaiton.csv,time_2,microstructure,other
data,sub-d379_assay-microstructure_cond-deprivaiton.csv,time_2-1,microstructure,other
data,sub-d379_assay-microstructure_cond-deprivaiton.csv,time_2-2,microstructure,other
data,sub-d379_assay-microstructure_cond-deprivaiton.csv,trace,microstructure,other
data,sub-d379_assay-microstructure_cond-deprivaiton.csv,trace-2,microstructure,other
data,sub-d426_assay-microstructure_cond-control.csv,activity,microstructure,other
data,sub-d426_assay-microstructure_cond-control.csv,activity-2,microstructure,other
data,sub-d426_assay-microstructure_cond-control.csv,cond,microstructure,other
data,sub-d426_assay-microstructure_cond-control.csv,food,microstructure,other
data,sub-d426_assay-microstructure_cond-control.csv,food-2,microstructure,other
data,sub-d426_assay-microstructure_cond-control.csv,id,microstructure,other
data,sub-d426_assay-microstructure_cond-control.csv,start,microstructure,other
data,sub-d426_assay-microstructure_cond-control.csv,start-2,microstructure,other
data,sub-d426_assay-microstructure_cond-control.csv,time_1,microstructure,other
data,sub-d426_assay-microstructure_cond-control.csv,time_2,microstructure,other
data,sub-d426_assay-microstructure_cond-control.csv,time_2-1,microstructure,other
data,sub-d426_assay-microstructure_cond-control.csv,time_2-2,microstructure,other
data,sub-d426_assay-microstructure_cond-control.csv,trace,microstructure,other
data,sub-d426_assay-microstructure_cond-control.csv,trace-2,microstructure,other
data,sub-d426_assay-microstructure_cond-deprivaiton.csv,activity,microstructure,other
data,sub-d426_assay-microstructure_cond-deprivaiton.csv,activity-2,microstructure,other
data,sub-d426_assay-microstructure_cond-deprivaiton.csv,cond,microstructure,other
data,sub-d426_assay-microstructure_cond-deprivaiton.csv,food,microstructure,other
data,sub-d426_assay-microstructure_cond-deprivaiton.csv,food-2,microstructure,other
data,sub-d426_assay-microstructure_cond-deprivaiton.csv,group,microstructure,other
data,sub-d426_assay-microstructure_cond-deprivaiton.csv,group-2,microstructure,other
data,sub-d426_assay-microstructure_cond-deprivaiton.csv,id,microstructure,other
data,sub-d426_assay-microstructure_cond-deprivaiton.csv,start,microstructure,other
data,sub-d426_assay-microstructure_cond-deprivaiton.csv,start-2,microstructure,other
data,sub-d426_assay-microstructure_cond-deprivaiton.csv,time_1,microstructure,other
data,sub-d426_assay-microstructure_cond-deprivaiton.csv,time_2,microstructure,other
data,sub-d426_assay-microstructure_cond-deprivaiton.csv,time_2-1,microstructure,other
data,sub-d426_assay-microstructure_cond-deprivaiton.csv,time_2-2,microstructure,other
data,sub-d426_assay-microstructure_cond-deprivaiton.csv,trace,microstructure,other
data,sub-d426_assay-microstructure_cond-deprivaiton.csv,trace-2,microstructure,other
data,sub-d706_assay-microstructure_cond-control.csv,activity,microstructure,other
data,sub-d706_assay-microstructure_cond-control.csv,activity-2,microstructure,other
data,sub-d706_assay-microstructure_cond-control.csv,cond,microstructure,other
data,sub-d706_assay-microstructure_cond-control.csv,food,microstructure,other
data,sub-d706_assay-microstructure_cond-control.csv,food-2,microstructure,other
data,sub-d706_assay-microstructure_cond-control.csv,group,microstructure,other
data,sub-d706_assay-microstructure_cond-control.csv,group-2,microstructure,other
data,sub-d706_assay-microstructure_cond-control.csv,id,microstructure,other
data,sub-d706_assay-microstructure_cond-control.csv,start,microstructure,other
data,sub-d706_assay-microstructure_cond-control.csv,start-2,microstructure,other
data,sub-d706_assay-microstructure_cond-control.csv,thirds,microstructure,other
data,sub-d706_assay-microstructure_cond-control.csv,thirds-2,microstructure,other
data,sub-d706_assay-microstructure_cond-control.csv,time_1,microstructure,other
data,sub-d706_assay-microstructure_cond-control.csv,time_2,microstructure,other
data,sub-d706_assay-microstructure_cond-control.csv,time_2-1,microstructure,other
data,sub-d706_assay-microstructure_cond-control.csv,time_2-2,microstructure,other
data,sub-d706_assay-microstructure_cond-control.csv,trace,microstructure,other
data,sub-d706_assay-microstructure_cond-control.csv,trace-2,microstructure,other
data,sub-d706_assay-microstructure_cond-deprivaiton.csv,activity,microstructure,other
data,sub-d706_assay-microstructure_cond-deprivaiton.csv,activity-2,microstructure,other
data,sub-d706_assay-microstructure_cond-deprivaiton.csv,cond,microstructure,other
data,sub-d706_assay-microstructure_cond-deprivaiton.csv,food,microstructure,other
data,sub-d706_assay-microstructure_cond-deprivaiton.csv,food-2,microstructure,other
data,sub-d706_assay-microstructure_cond-deprivaiton.csv,group,microstructure,other
data,sub-d706_assay-microstructure_cond-deprivaiton.csv,group-2,microstructure,other
data,sub-d706_assay-microstructure_cond-deprivaiton.csv,id,microstructure,other
data,sub-d706_assay-microstructure_cond-deprivaiton.csv,start,microstructure,other
data,sub-d706_assay-microstructure_cond-deprivaiton.csv,start-2,microstructure,other
data,sub-d706_assay-microstructure_cond-deprivaiton.csv,thirds,microstructure,other
data,sub-d706_assay-microstructure_cond-deprivaiton.csv,thirds-2,microstructure,other
data,sub-d706_assay-microstructure_cond-deprivaiton.csv,time_1,microstructure,other
data,sub-d706_assay-microstructure_cond-deprivaiton.csv,time_2,microstructure,other
data,sub-d706_assay-microstructure_cond-deprivaiton.csv,time_2-1,microstructure,other
data,sub-d706_assay-microstructure_cond-deprivaiton.csv,time_2-2,microstructure,other
data,sub-d706_assay-microstructure_cond-deprivaiton.csv,trace,microstructure,other
data,sub-d706_assay-microstructure_cond-deprivaiton.csv,trace-2,microstructure,other
data,sub-da6e_assay-microstructure_timepoint-a.csv,activity,microstructure,other
data,sub-da6e_assay-microstructure_timepoint-a.csv,food,microstructure,other
data,sub-da6e_assay-microstructure_timepoint-a.csv,group,microstructure,other
data,sub-da6e_assay-microstructure_timepoint-a.csv,id,microstructure,other
data,sub-da6e_assay-microstructure_timepoint-a.csv,start,microstructure,other
data,sub-da6e_assay-microstructure_timepoint-a.csv,time1,microstructure,other
data,sub-da6e_assay-microstructure_timepoint-a.csv,time2,microstructure,other
data,sub-da6e_assay-microstructure_timepoint-a.csv,timepoint,microstructure,other
data,sub-da6e_assay-microstructure_timepoint-a.csv,trace,microstructure,other
data,sub-da6e_assay-microstructure_timepoint-b.csv,activity,microstructure,other
data,sub-da6e_assay-microstructure_timepoint-b.csv,food,microstructure,other
data,sub-da6e_assay-microstructure_timepoint-b.csv,group,microstructure,other
data,sub-da6e_assay-microstructure_timepoint-b.csv,id,microstructure,other
data,sub-da6e_assay-microstructure_timepoint-b.csv,start,microstructure,other
data,sub-da6e_assay-microstructure_timepoint-b.csv,time1,microstructure,other
data,sub-da6e_assay-microstructure_timepoint-b.csv,time2,microstructure,other
data,sub-da6e_assay-microstructure_timepoint-b.csv,timepoint,microstructure,other
data,sub-da6e_assay-microstructure_timepoint-b.csv,trace,microstructure,other
data,sub-dc6d_assay-microstructure_cond-control.csv,activity,microstructure,other
data,sub-dc6d_assay-microstructure_cond-control.csv,activity-2,microstructure,other
data,sub-dc6d_assay-microstructure_cond-control.csv,cond,microstructure,other
data,sub-dc6d_assay-microstructure_cond-control.csv,food,microstructure,other
data,sub-dc6d_assay-microstructure_cond-control.csv,food-2,microstructure,other
data,sub-dc6d_assay-microstructure_cond-control.csv,group,microstructure,other
data,sub-dc6d_assay-microstructure_cond-control.csv,group-2,microstructure,other
data,sub-dc6d_assay-microstructure_cond-control.csv,id,microstructure,other
data,sub-dc6d_assay-microstructure_cond-control.csv,start,microstructure,other
data,sub-dc6d_assay-microstructure_cond-control.csv,start-2,microstructure,other
data,sub-dc6d_assay-microstructure_cond-control.csv,thirds,microstructure,other
data,sub-dc6d_assay-microstructure_cond-control.csv,thirds-2,microstructure,other
data,sub-dc6d_assay-microstructure_cond-control.csv,time_1,microstructure,other
data,sub-dc6d_assay-microstructure_cond-control.csv,time_2,microstructure,other
data,sub-dc6d_assay-microstructure_cond-control.csv,time_2-1,microstructure,other
data,sub-dc6d_assay-microstructure_cond-control.csv,time_2-2,microstructure,other
data,sub-dc6d_assay-microstructure_cond-control.csv,trace,microstructure,other
data,sub-dc6d_assay-microstructure_cond-control.csv,trace-2,microstructure,other
data,sub-dc6d_assay-microstructure_cond-deprivaiton.csv,activity,microstructure,other
data,sub-dc6d_assay-microstructure_cond-deprivaiton.csv,activity-2,microstructure,other
data,sub-dc6d_assay-microstructure_cond-deprivaiton.csv,cond,microstructure,other
data,sub-dc6d_assay-microstructure_cond-deprivaiton.csv,food,microstructure,other
data,sub-dc6d_assay-microstructure_cond-deprivaiton.csv,food-2,microstructure,other
data,sub-dc6d_assay-microstructure_cond-deprivaiton.csv,group,microstructure,other
data,sub-dc6d_assay-microstructure_cond-deprivaiton.csv,group-2,microstructure,other
data,sub-dc6d_assay-microstructure_cond-deprivaiton.csv,id,microstructure,other
data,sub-dc6d_assay-microstructure_cond-deprivaiton.csv,start,microstructure,other
data,sub-dc6d_assay-microstructure_cond-deprivaiton.csv,start-2,microstructure,other
data,sub-dc6d_assay-microstructure_cond-deprivaiton.csv,thirds,microstructure,other
data,sub-dc6d_assay-microstructure_cond-deprivaiton.csv,thirds-2,microstructure,other
data,sub-dc6d_assay-microstructure_cond-deprivaiton.csv,time_1,microstructure,other
data,sub-dc6d_assay-microstructure_cond-deprivaiton.csv,time_2,microstructure,other
data,sub-dc6d_assay-microstructure_cond-deprivaiton.csv,time_2-1,microstructure,other
data,sub-dc6d_assay-microstructure_cond-deprivaiton.csv,time_2-2,microstructure,other
data,sub-dc6d_assay-microstructure_cond-deprivaiton.csv,trace,microstructure,other
data,sub-dc6d_assay-microstructure_cond-deprivaiton.csv,trace-2,microstructure,other
data,sub-de79_assay-microstructure_cond-control.csv,activity,microstructure,other
data,sub-de79_assay-microstructure_cond-control.csv,activity-2,microstructure,other
data,sub-de79_assay-microstructure_cond-control.csv,cond,microstructure,other
data,sub-de79_assay-microstructure_cond-control.csv,food,microstructure,other
data,sub-de79_assay-microstructure_cond-control.csv,food-2,microstructure,other
data,sub-de79_assay-microstructure_cond-control.csv,group,microstructure,other
data,sub-de79_assay-microstructure_cond-control.csv,group-2,microstructure,other
data,sub-de79_assay-microstructure_cond-control.csv,id,microstructure,other
data,sub-de79_assay-microstructure_cond-control.csv,start,microstructure,other
data,sub-de79_assay-microstructure_cond-control.csv,start-2,microstructure,other
data,sub-de79_assay-microstructure_cond-control.csv,thirds,microstructure,other
data,sub-de79_assay-microstructure_cond-control.csv,thirds-2,microstructure,other
data,sub-de79_assay-microstructure_cond-control.csv,time_1,microstructure,other
data,sub-de79_assay-microstructure_cond-control.csv,time_2,microstructure,other
data,sub-de79_assay-microstructure_cond-control.csv,time_2-1,microstructure,other
data,sub-de79_assay-microstructure_cond-control.csv,time_2-2,microstructure,other
data,sub-de79_assay-microstructure_cond-control.csv,trace,microstructure,other
data,sub-de79_assay-microstructure_cond-control.csv,trace-2,microstructure,other
data,sub-de79_assay-microstructure_cond-deprivaiton.csv,activity,microstructure,other
data,sub-de79_assay-microstructure_cond-deprivaiton.csv,activity-2,microstructure,other
data,sub-de79_assay-microstructure_cond-deprivaiton.csv,cond,microstructure,other
data,sub-de79_assay-microstructure_cond-deprivaiton.csv,food,microstructure,other
data,sub-de79_assay-microstructure_cond-deprivaiton.csv,food-2,microstructure,other
data,sub-de79_assay-microstructure_cond-deprivaiton.csv,group,microstructure,other
data,sub-de79_assay-microstructure_cond-deprivaiton.csv,group-2,microstructure,other
data,sub-de79_assay-microstructure_cond-deprivaiton.csv,id,microstructure,other
data,sub-de79_assay-microstructure_cond-deprivaiton.csv,start,microstructure,other
data,sub-de79_assay-microstructure_cond-deprivaiton.csv,start-2,microstructure,other
data,sub-de79_assay-microstructure_cond-deprivaiton.csv,thirds,microstructure,other
data,sub-de79_assay-microstructure_cond-deprivaiton.csv,thirds-2,microstructure,other
data,sub-de79_assay-microstructure_cond-deprivaiton.csv,time_1,microstructure,other
data,sub-de79_assay-microstructure_cond-deprivaiton.csv,time_2,microstructure,other
data,sub-de79_assay-microstructure_cond-deprivaiton.csv,time_2-1,microstructure,other
data,sub-de79_assay-microstructure_cond-deprivaiton.csv,time_2-2,microstructure,other
data,sub-de79_assay-microstructure_cond-deprivaiton.csv,trace,microstructure,other
data,sub-de79_assay-microstructure_cond-deprivaiton.csv,trace-2,microstructure,other
data,sub-df5d_assay-microstructure_cond-control.csv,activity,microstructure,other
data,sub-df5d_assay-microstructure_cond-control.csv,activity-2,microstructure,other
data,sub-df5d_assay-microstructure_cond-control.csv,cond,microstructure,other
data,sub-df5d_assay-microstructure_cond-control.csv,food,microstructure,other
data,sub-df5d_assay-microstructure_cond-control.csv,food-2,microstructure,other
data,sub-df5d_assay-microstructure_cond-control.csv,group,microstructure,other
data,sub-df5d_assay-microstructure_cond-control.csv,group-2,microstructure,other
data,sub-df5d_assay-microstructure_cond-control.csv,id,microstructure,other
data,sub-df5d_assay-microstructure_cond-control.csv,start,microstructure,other
data,sub-df5d_assay-microstructure_cond-control.csv,start-2,microstructure,other
data,sub-df5d_assay-microstructure_cond-control.csv,thirds,microstructure,other
data,sub-df5d_assay-microstructure_cond-control.csv,thirds-2,microstructure,other
data,sub-df5d_assay-microstructure_cond-control.csv,time_1,microstructure,other
data,sub-df5d_assay-microstructure_cond-control.csv,time_2,microstructure,other
data,sub-df5d_assay-microstructure_cond-control.csv,time_2-1,microstructure,other
data,sub-df5d_assay-microstructure_cond-control.csv,time_2-2,microstructure,other
data,sub-df5d_assay-microstructure_cond-control.csv,trace,microstructure,other
data,sub-df5d_assay-microstructure_cond-control.csv,trace-2,microstructure,other
data,sub-df5d_assay-microstructure_cond-deprivaiton.csv,activity,microstructure,other
data,sub-df5d_assay-microstructure_cond-deprivaiton.csv,activity-2,microstructure,other
data,sub-df5d_assay-microstructure_cond-deprivaiton.csv,cond,microstructure,other
data,sub-df5d_assay-microstructure_cond-deprivaiton.csv,food,microstructure,other
data,sub-df5d_assay-microstructure_cond-deprivaiton.csv,food-2,microstructure,other
data,sub-df5d_assay-microstructure_cond-deprivaiton.csv,group,microstructure,other
data,sub-df5d_assay-microstructure_cond-deprivaiton.csv,group-2,microstructure,other
data,sub-df5d_assay-microstructure_cond-deprivaiton.csv,id,microstructure,other
data,sub-df5d_assay-microstructure_cond-deprivaiton.csv,start,microstructure,other
data,sub-df5d_assay-microstructure_cond-deprivaiton.csv,start-2,microstructure,other
data,sub-df5d_assay-microstructure_cond-deprivaiton.csv,thirds,microstructure,other
data,sub-df5d_assay-microstructure_cond-deprivaiton.csv,thirds-2,microstructure,other
data,sub-df5d_assay-microstructure_cond-deprivaiton.csv,time_1,microstructure,other
data,sub-df5d_assay-microstructure_cond-deprivaiton.csv,time_2,microstructure,other
data,sub-df5d_assay-microstructure_cond-deprivaiton.csv,time_2-1,microstructure,other
data,sub-df5d_assay-microstructure_cond-deprivaiton.csv,time_2-2,microstructure,other
data,sub-df5d_assay-microstructure_cond-deprivaiton.csv,trace,microstructure,other
data,sub-df5d_assay-microstructure_cond-deprivaiton.csv,trace-2,microstructure,other
data,sub-e3c3_assay-microstructure_cond-control.csv,activity,microstructure,other
data,sub-e3c3_assay-microstructure_cond-control.csv,activity-2,microstructure,other
data,sub-e3c3_assay-microstructure_cond-control.csv,cond,microstructure,other
data,sub-e3c3_assay-microstructure_cond-control.csv,food,microstructure,other
data,sub-e3c3_assay-microstructure_cond-control.csv,food-2,microstructure,other
data,sub-e3c3_assay-microstructure_cond-control.csv,group,microstructure,other
data,sub-e3c3_assay-microstructure_cond-control.csv,group-2,microstructure,other
data,sub-e3c3_assay-microstructure_cond-control.csv,id,microstructure,other
data,sub-e3c3_assay-microstructure_cond-control.csv,start,microstructure,other
data,sub-e3c3_assay-microstructure_cond-control.csv,start-2,microstructure,other
data,sub-e3c3_assay-microstructure_cond-control.csv,thirds,microstructure,other
data,sub-e3c3_assay-microstructure_cond-control.csv,thirds-2,microstructure,other
data,sub-e3c3_assay-microstructure_cond-control.csv,time_1,microstructure,other
data,sub-e3c3_assay-microstructure_cond-control.csv,time_2,microstructure,other
data,sub-e3c3_assay-microstructure_cond-control.csv,time_2-1,microstructure,other
data,sub-e3c3_assay-microstructure_cond-control.csv,time_2-2,microstructure,other
data,sub-e3c3_assay-microstructure_cond-control.csv,trace,microstructure,other
data,sub-e3c3_assay-microstructure_cond-control.csv,trace-2,microstructure,other
data,sub-e3c3_assay-microstructure_cond-deprivaiton.csv,activity,microstructure,other
data,sub-e3c3_assay-microstructure_cond-deprivaiton.csv,activity-2,microstructure,other
data,sub-e3c3_assay-microstructure_cond-deprivaiton.csv,cond,microstructure,other
data,sub-e3c3_assay-microstructure_cond-deprivaiton.csv,food,microstructure,other
data,sub-e3c3_assay-microstructure_cond-deprivaiton.csv,food-2,microstructure,other
data,sub-e3c3_assay-microstructure_cond-deprivaiton.csv,group,microstructure,other
data,sub-e3c3_assay-microstructure_cond-deprivaiton.csv,group-2,microstructure,other
data,sub-e3c3_assay-microstructure_cond-deprivaiton.csv,id,microstructure,other
data,sub-e3c3_assay-microstructure_cond-deprivaiton.csv,start,microstructure,other
data,sub-e3c3_assay-microstructure_cond-deprivaiton.csv,start-2,microstructure,other
data,sub-e3c3_assay-microstructure_cond-deprivaiton.csv,thirds,microstructure,other
data,sub-e3c3_assay-microstructure_cond-deprivaiton.csv,thirds-2,microstructure,other
data,sub-e3c3_assay-microstructure_cond-deprivaiton.csv,time_1,microstructure,other
data,sub-e3c3_assay-microstructure_cond-deprivaiton.csv,time_2,microstructure,other
data,sub-e3c3_assay-microstructure_cond-deprivaiton.csv,time_2-1,microstructure,other
data,sub-e3c3_assay-microstructure_cond-deprivaiton.csv,time_2-2,microstructure,other
data,sub-e3c3_assay-microstructure_cond-deprivaiton.csv,trace,microstructure,other
data,sub-e3c3_assay-microstructure_cond-deprivaiton.csv,trace-2,microstructure,other
data,sub-e6b2_assay-microstructure_timepoint-a.csv,activity,microstructure,other
data,sub-e6b2_assay-microstructure_timepoint-a.csv,food,microstructure,other
data,sub-e6b2_assay-microstructure_timepoint-a.csv,group,microstructure,other
data,sub-e6b2_assay-microstructure_timepoint-a.csv,id,microstructure,other
data,sub-e6b2_assay-microstructure_timepoint-a.csv,start,microstructure,other
data,sub-e6b2_assay-microstructure_timepoint-a.csv,time1,microstructure,other
data,sub-e6b2_assay-microstructure_timepoint-a.csv,time2,microstructure,other
data,sub-e6b2_assay-microstructure_timepoint-a.csv,timepoint,microstructure,other
data,sub-e6b2_assay-microstructure_timepoint-a.csv,trace,microstructure,other
data,sub-e6b2_assay-microstructure_timepoint-b.csv,activity,microstructure,other
data,sub-e6b2_assay-microstructure_timepoint-b.csv,food,microstructure,other
data,sub-e6b2_assay-microstructure_timepoint-b.csv,group,microstructure,other
data,sub-e6b2_assay-microstructure_timepoint-b.csv,id,microstructure,other
data,sub-e6b2_assay-microstructure_timepoint-b.csv,start,microstructure,other
data,sub-e6b2_assay-microstructure_timepoint-b.csv,time1,microstructure,other
data,sub-e6b2_assay-microstructure_timepoint-b.csv,time2,microstructure,other
data,sub-e6b2_assay-microstructure_timepoint-b.csv,timepoint,microstructure,other
data,sub-e6b2_assay-microstructure_timepoint-b.csv,trace,microstructure,other
data,sub-e7ac_assay-microstructure_cond-control.csv,activity,microstructure,other
data,sub-e7ac_assay-microstructure_cond-control.csv,activity-2,microstructure,other
data,sub-e7ac_assay-microstructure_cond-control.csv,cond,microstructure,other
data,sub-e7ac_assay-microstructure_cond-control.csv,food,microstructure,other
data,sub-e7ac_assay-microstructure_cond-control.csv,food-2,microstructure,other
data,sub-e7ac_assay-microstructure_cond-control.csv,group,microstructure,other
data,sub-e7ac_assay-microstructure_cond-control.csv,group-2,microstructure,other
data,sub-e7ac_assay-microstructure_cond-control.csv,id,microstructure,other
data,sub-e7ac_assay-microstructure_cond-control.csv,start,microstructure,other
data,sub-e7ac_assay-microstructure_cond-control.csv,start-2,microstructure,other
data,sub-e7ac_assay-microstructure_cond-control.csv,thirds,microstructure,other
data,sub-e7ac_assay-microstructure_cond-control.csv,thirds-2,microstructure,other
data,sub-e7ac_assay-microstructure_cond-control.csv,time_1,microstructure,other
data,sub-e7ac_assay-microstructure_cond-control.csv,time_2,microstructure,other
data,sub-e7ac_assay-microstructure_cond-control.csv,time_2-1,microstructure,other
data,sub-e7ac_assay-microstructure_cond-control.csv,time_2-2,microstructure,other
data,sub-e7ac_assay-microstructure_cond-control.csv,trace,microstructure,other
data,sub-e7ac_assay-microstructure_cond-control.csv,trace-2,microstructure,other
data,sub-e7ac_assay-microstructure_cond-deprivaiton.csv,activity,microstructure,other
data,sub-e7ac_assay-microstructure_cond-deprivaiton.csv,activity-2,microstructure,other
data,sub-e7ac_assay-microstructure_cond-deprivaiton.csv,cond,microstructure,other
data,sub-e7ac_assay-microstructure_cond-deprivaiton.csv,food,microstructure,other
data,sub-e7ac_assay-microstructure_cond-deprivaiton.csv,food-2,microstructure,other
data,sub-e7ac_assay-microstructure_cond-deprivaiton.csv,group,microstructure,other
data,sub-e7ac_assay-microstructure_cond-deprivaiton.csv,group-2,microstructure,other
data,sub-e7ac_assay-microstructure_cond-deprivaiton.csv,id,microstructure,other
data,sub-e7ac_assay-microstructure_cond-deprivaiton.csv,start,microstructure,other
data,sub-e7ac_assay-microstructure_cond-deprivaiton.csv,start-2,microstructure,other
data,sub-e7ac_assay-microstructure_cond-deprivaiton.csv,thirds,microstructure,other
data,sub-e7ac_assay-microstructure_cond-deprivaiton.csv,thirds-2,microstructure,other
data,sub-e7ac_assay-microstructure_cond-deprivaiton.csv,time_1,microstructure,other
data,sub-e7ac_assay-microstructure_cond-deprivaiton.csv,time_2,microstructure,other
data,sub-e7ac_assay-microstructure_cond-deprivaiton.csv,time_2-1,microstructure,other
data,sub-e7ac_assay-microstructure_cond-deprivaiton.csv,time_2-2,microstructure,other
data,sub-e7ac_assay-microstructure_cond-deprivaiton.csv,trace,microstructure,other
data,sub-e7ac_assay-microstructure_cond-deprivaiton.csv,trace-2,microstructure,other
data,sub-e7dc_assay-microstructure_timepoint-a.csv,activity,microstructure,other
data,sub-e7dc_assay-microstructure_timepoint-a.csv,food,microstructure,other
data,sub-e7dc_assay-microstructure_timepoint-a.csv,group,microstructure,other
data,sub-e7dc_assay-microstructure_timepoint-a.csv,id,microstructure,other
data,sub-e7dc_assay-microstructure_timepoint-a.csv,start,microstructure,other
data,sub-e7dc_assay-microstructure_timepoint-a.csv,time1,microstructure,other
data,sub-e7dc_assay-microstructure_timepoint-a.csv,time2,microstructure,other
data,sub-e7dc_assay-microstructure_timepoint-a.csv,timepoint,microstructure,other
data,sub-e7dc_assay-microstructure_timepoint-a.csv,trace,microstructure,other
data,sub-e7dc_assay-microstructure_timepoint-b.csv,activity,microstructure,other
data,sub-e7dc_assay-microstructure_timepoint-b.csv,food,microstructure,other
data,sub-e7dc_assay-microstructure_timepoint-b.csv,group,microstructure,other
data,sub-e7dc_assay-microstructure_timepoint-b.csv,id,microstructure,other
data,sub-e7dc_assay-microstructure_timepoint-b.csv,start,microstructure,other
data,sub-e7dc_assay-microstructure_timepoint-b.csv,time1,microstructure,other
data,sub-e7dc_assay-microstructure_timepoint-b.csv,time2,microstructure,other
data,sub-e7dc_assay-microstructure_timepoint-b.csv,timepoint,microstructure,other
data,sub-e7dc_assay-microstructure_timepoint-b.csv,trace,microstructure,other
data,sub-e874_assay-microstructure_cond-control.csv,activity,microstructure,other
data,sub-e874_assay-microstructure_cond-control.csv,activity-2,microstructure,other
data,sub-e874_assay-microstructure_cond-control.csv,cond,microstructure,other
data,sub-e874_assay-microstructure_cond-control.csv,food,microstructure,other
data,sub-e874_assay-microstructure_cond-control.csv,food-2,microstructure,other
data,sub-e874_assay-microstructure_cond-control.csv,group,microstructure,other
data,sub-e874_assay-microstructure_cond-control.csv,group-2,microstructure,other
data,sub-e874_assay-microstructure_cond-control.csv,id,microstructure,other
data,sub-e874_assay-microstructure_cond-control.csv,start,microstructure,other
data,sub-e874_assay-microstructure_cond-control.csv,start-2,microstructure,other
data,sub-e874_assay-microstructure_cond-control.csv,thirds,microstructure,other
data,sub-e874_assay-microstructure_cond-control.csv,thirds-2,microstructure,other
data,sub-e874_assay-microstructure_cond-control.csv,time_1,microstructure,other
data,sub-e874_assay-microstructure_cond-control.csv,time_2,microstructure,other
data,sub-e874_assay-microstructure_cond-control.csv,time_2-1,microstructure,other
data,sub-e874_assay-microstructure_cond-control.csv,time_2-2,microstructure,other
data,sub-e874_assay-microstructure_cond-control.csv,trace,microstructure,other
data,sub-e874_assay-microstructure_cond-control.csv,trace-2,microstructure,other
data,sub-e874_assay-microstructure_cond-deprivaiton.csv,activity,microstructure,other
data,sub-e874_assay-microstructure_cond-deprivaiton.csv,activity-2,microstructure,other
data,sub-e874_assay-microstructure_cond-deprivaiton.csv,cond,microstructure,other
data,sub-e874_assay-microstructure_cond-deprivaiton.csv,food,microstructure,other
data,sub-e874_assay-microstructure_cond-deprivaiton.csv,food-2,microstructure,other
data,sub-e874_assay-microstructure_cond-deprivaiton.csv,group,microstructure,other
data,sub-e874_assay-microstructure_cond-deprivaiton.csv,group-2,microstructure,other
data,sub-e874_assay-microstructure_cond-deprivaiton.csv,id,microstructure,other
data,sub-e874_assay-microstructure_cond-deprivaiton.csv,start,microstructure,other
data,sub-e874_assay-microstructure_cond-deprivaiton.csv,start-2,microstructure,other
data,sub-e874_assay-microstructure_cond-deprivaiton.csv,thirds,microstructure,other
data,sub-e874_assay-microstructure_cond-deprivaiton.csv,thirds-2,microstructure,other
data,sub-e874_assay-microstructure_cond-deprivaiton.csv,time_1,microstructure,other
data,sub-e874_assay-microstructure_cond-deprivaiton.csv,time_2,microstructure,other
data,sub-e874_assay-microstructure_cond-deprivaiton.csv,time_2-1,microstructure,other
data,sub-e874_assay-microstructure_cond-deprivaiton.csv,time_2-2,microstructure,other
data,sub-e874_assay-microstructure_cond-deprivaiton.csv,trace,microstructure,other
data,sub-e874_assay-microstructure_cond-deprivaiton.csv,trace-2,microstructure,other
data,sub-eac6_assay-microstructure_timepoint-a.csv,activity,microstructure,other
data,sub-eac6_assay-microstructure_timepoint-a.csv,food,microstructure,other
data,sub-eac6_assay-microstructure_timepoint-a.csv,group,microstructure,other
data,sub-eac6_assay-microstructure_timepoint-a.csv,id,microstructure,other
data,sub-eac6_assay-microstructure_timepoint-a.csv,start,microstructure,other
data,sub-eac6_assay-microstructure_timepoint-a.csv,time1,microstructure,other
data,sub-eac6_assay-microstructure_timepoint-a.csv,time2,microstructure,other
data,sub-eac6_assay-microstructure_timepoint-a.csv,timepoint,microstructure,other
data,sub-eac6_assay-microstructure_timepoint-a.csv,trace,microstructure,other
data,sub-eac6_assay-microstructure_timepoint-b.csv,activity,microstructure,other
data,sub-eac6_assay-microstructure_timepoint-b.csv,food,microstructure,other
data,sub-eac6_assay-microstructure_timepoint-b.csv,group,microstructure,other
data,sub-eac6_assay-microstructure_timepoint-b.csv,id,microstructure,other
data,sub-eac6_assay-microstructure_timepoint-b.csv,start,microstructure,other
data,sub-eac6_assay-microstructure_timepoint-b.csv,time1,microstructure,other
data,sub-eac6_assay-microstructure_timepoint-b.csv,time2,microstructure,other
data,sub-eac6_assay-microstructure_timepoint-b.csv,timepoint,microstructure,other
data,sub-eac6_assay-microstructure_timepoint-b.csv,trace,microstructure,other
data,sub-ef17_assay-microstructure_cond-control.csv,activity,microstructure,other
data,sub-ef17_assay-microstructure_cond-control.csv,activity-2,microstructure,other
data,sub-ef17_assay-microstructure_cond-control.csv,cond,microstructure,other
data,sub-ef17_assay-microstructure_cond-control.csv,food,microstructure,other
data,sub-ef17_assay-microstructure_cond-control.csv,food-2,microstructure,other
data,sub-ef17_assay-microstructure_cond-control.csv,group,microstructure,other
data,sub-ef17_assay-microstructure_cond-control.csv,group-2,microstructure,other
data,sub-ef17_assay-microstructure_cond-control.csv,id,microstructure,other
data,sub-ef17_assay-microstructure_cond-control.csv,start,microstructure,other
data,sub-ef17_assay-microstructure_cond-control.csv,start-2,microstructure,other
data,sub-ef17_assay-microstructure_cond-control.csv,thirds,microstructure,other
data,sub-ef17_assay-microstructure_cond-control.csv,thirds-2,microstructure,other
data,sub-ef17_assay-microstructure_cond-control.csv,time_1,microstructure,other
data,sub-ef17_assay-microstructure_cond-control.csv,time_2,microstructure,other
data,sub-ef17_assay-microstructure_cond-control.csv,time_2-1,microstructure,other
data,sub-ef17_assay-microstructure_cond-control.csv,time_2-2,microstructure,other
data,sub-ef17_assay-microstructure_cond-control.csv,trace,microstructure,other
data,sub-ef17_assay-microstructure_cond-control.csv,trace-2,microstructure,other
data,sub-ef17_assay-microstructure_cond-deprivaiton.csv,activity,microstructure,other
data,sub-ef17_assay-microstructure_cond-deprivaiton.csv,activity-2,microstructure,other
data,sub-ef17_assay-microstructure_cond-deprivaiton.csv,cond,microstructure,other
data,sub-ef17_assay-microstructure_cond-deprivaiton.csv,food,microstructure,other
data,sub-ef17_assay-microstructure_cond-deprivaiton.csv,food-2,microstructure,other
data,sub-ef17_assay-microstructure_cond-deprivaiton.csv,group,microstructure,other
data,sub-ef17_assay-microstructure_cond-deprivaiton.csv,group-2,microstructure,other
data,sub-ef17_assay-microstructure_cond-deprivaiton.csv,id,microstructure,other
data,sub-ef17_assay-microstructure_cond-deprivaiton.csv,start,microstructure,other
data,sub-ef17_assay-microstructure_cond-deprivaiton.csv,start-2,microstructure,other
data,sub-ef17_assay-microstructure_cond-deprivaiton.csv,thirds,microstructure,other
data,sub-ef17_assay-microstructure_cond-deprivaiton.csv,thirds-2,microstructure,other
data,sub-ef17_assay-microstructure_cond-deprivaiton.csv,time_1,microstructure,other
data,sub-ef17_assay-microstructure_cond-deprivaiton.csv,time_2,microstructure,other
data,sub-ef17_assay-microstructure_cond-deprivaiton.csv,time_2-1,microstructure,other
data,sub-ef17_assay-microstructure_cond-deprivaiton.csv,time_2-2,microstructure,other
data,sub-ef17_assay-microstructure_cond-deprivaiton.csv,trace,microstructure,other
data,sub-ef17_assay-microstructure_cond-deprivaiton.csv,trace-2,microstructure,other
data,sub-f1e2_assay-microstructure_timepoint-a.csv,activity,microstructure,other
data,sub-f1e2_assay-microstructure_timepoint-a.csv,food,microstructure,other
data,sub-f1e2_assay-microstructure_timepoint-a.csv,group,microstructure,other
data,sub-f1e2_assay-microstructure_timepoint-a.csv,id,microstructure,other
data,sub-f1e2_assay-microstructure_timepoint-a.csv,start,microstructure,other
data,sub-f1e2_assay-microstructure_timepoint-a.csv,time1,microstructure,other
data,sub-f1e2_assay-microstructure_timepoint-a.csv,time2,microstructure,other
data,sub-f1e2_assay-microstructure_timepoint-a.csv,timepoint,microstructure,other
data,sub-f1e2_assay-microstructure_timepoint-a.csv,trace,microstructure,other
data,sub-f1e2_assay-microstructure_timepoint-b.csv,activity,microstructure,other
data,sub-f1e2_assay-microstructure_timepoint-b.csv,food,microstructure,other
data,sub-f1e2_assay-microstructure_timepoint-b.csv,group,microstructure,other
data,sub-f1e2_assay-microstructure_timepoint-b.csv,id,microstructure,other
data,sub-f1e2_assay-microstructure_timepoint-b.csv,start,microstructure,other
data,sub-f1e2_assay-microstructure_timepoint-b.csv,time1,microstructure,other
data,sub-f1e2_assay-microstructure_timepoint-b.csv,time2,microstructure,other
data,sub-f1e2_assay-microstructure_timepoint-b.csv,timepoint,microstructure,other
data,sub-f1e2_assay-microstructure_timepoint-b.csv,trace,microstructure,other
data,sub-f47d_assay-microstructure_cond-control.csv,activity,microstructure,other
data,sub-f47d_assay-microstructure_cond-control.csv,activity-2,microstructure,other
data,sub-f47d_assay-microstructure_cond-control.csv,cond,microstructure,other
data,sub-f47d_assay-microstructure_cond-control.csv,food,microstructure,other
data,sub-f47d_assay-microstructure_cond-control.csv,food-2,microstructure,other
data,sub-f47d_assay-microstructure_cond-control.csv,group,microstructure,other
data,sub-f47d_assay-microstructure_cond-control.csv,group-2,microstructure,other
data,sub-f47d_assay-microstructure_cond-control.csv,id,microstructure,other
data,sub-f47d_assay-microstructure_cond-control.csv,start,microstructure,other
data,sub-f47d_assay-microstructure_cond-control.csv,start-2,microstructure,other
data,sub-f47d_assay-microstructure_cond-control.csv,thirds,microstructure,other
data,sub-f47d_assay-microstructure_cond-control.csv,thirds-2,microstructure,other
data,sub-f47d_assay-microstructure_cond-control.csv,time_1,microstructure,other
data,sub-f47d_assay-microstructure_cond-control.csv,time_2,microstructure,other
data,sub-f47d_assay-microstructure_cond-control.csv,time_2-1,microstructure,other
data,sub-f47d_assay-microstructure_cond-control.csv,time_2-2,microstructure,other
data,sub-f47d_assay-microstructure_cond-control.csv,trace,microstructure,other
data,sub-f47d_assay-microstructure_cond-control.csv,trace-2,microstructure,other
data,sub-f47d_assay-microstructure_cond-deprivaiton.csv,activity,microstructure,other
data,sub-f47d_assay-microstructure_cond-deprivaiton.csv,activity-2,microstructure,other
data,sub-f47d_assay-microstructure_cond-deprivaiton.csv,cond,microstructure,other
data,sub-f47d_assay-microstructure_cond-deprivaiton.csv,food,microstructure,other
data,sub-f47d_assay-microstructure_cond-deprivaiton.csv,food-2,microstructure,other
data,sub-f47d_assay-microstructure_cond-deprivaiton.csv,group,microstructure,other
data,sub-f47d_assay-microstructure_cond-deprivaiton.csv,group-2,microstructure,other
data,sub-f47d_assay-microstructure_cond-deprivaiton.csv,id,microstructure,other
data,sub-f47d_assay-microstructure_cond-deprivaiton.csv,start,microstructure,other
data,sub-f47d_assay-microstructure_cond-deprivaiton.csv,start-2,microstructure,other
data,sub-f47d_assay-microstructure_cond-deprivaiton.csv,thirds,microstructure,other
data,sub-f47d_assay-microstructure_cond-deprivaiton.csv,thirds-2,microstructure,other
data,sub-f47d_assay-microstructure_cond-deprivaiton.csv,time_1,microstructure,other
data,sub-f47d_assay-microstructure_cond-deprivaiton.csv,time_2,microstructure,other
data,sub-f47d_assay-microstructure_cond-deprivaiton.csv,time_2-1,microstructure,other
data,sub-f47d_assay-microstructure_cond-deprivaiton.csv,time_2-2,microstructure,other
data,sub-f47d_assay-microstructure_cond-deprivaiton.csv,trace,microstructure,other
data,sub-f47d_assay-microstructure_cond-deprivaiton.csv,trace-2,microstructure,other
data,sub-f5ab_assay-microstructure_cond-control.csv,activity,microstructure,other
data,sub-f5ab_assay-microstructure_cond-control.csv,activity-2,microstructure,other
data,sub-f5ab_assay-microstructure_cond-control.csv,cond,microstructure,other
data,sub-f5ab_assay-microstructure_cond-control.csv,food,microstructure,other
data,sub-f5ab_assay-microstructure_cond-control.csv,food-2,microstructure,other
data,sub-f5ab_assay-microstructure_cond-control.csv,id,microstructure,other
data,sub-f5ab_assay-microstructure_cond-control.csv,start,microstructure,other
data,sub-f5ab_assay-microstructure_cond-control.csv,start-2,microstructure,other
data,sub-f5ab_assay-microstructure_cond-control.csv,time_1,microstructure,other
data,sub-f5ab_assay-microstructure_cond-control.csv,time_2,microstructure,other
data,sub-f5ab_assay-microstructure_cond-control.csv,time_2-1,microstructure,other
data,sub-f5ab_assay-microstructure_cond-control.csv,time_2-2,microstructure,other
data,sub-f5ab_assay-microstructure_cond-control.csv,trace,microstructure,other
data,sub-f5ab_assay-microstructure_cond-control.csv,trace-2,microstructure,other
data,sub-f5ab_assay-microstructure_cond-deprivaiton.csv,activity,microstructure,other
data,sub-f5ab_assay-microstructure_cond-deprivaiton.csv,activity-2,microstructure,other
data,sub-f5ab_assay-microstructure_cond-deprivaiton.csv,cond,microstructure,other
data,sub-f5ab_assay-microstructure_cond-deprivaiton.csv,food,microstructure,other
data,sub-f5ab_assay-microstructure_cond-deprivaiton.csv,food-2,microstructure,other
data,sub-f5ab_assay-microstructure_cond-deprivaiton.csv,id,microstructure,other
data,sub-f5ab_assay-microstructure_cond-deprivaiton.csv,start,microstructure,other
data,sub-f5ab_assay-microstructure_cond-deprivaiton.csv,start-2,microstructure,other
data,sub-f5ab_assay-microstructure_cond-deprivaiton.csv,time_1,microstructure,other
data,sub-f5ab_assay-microstructure_cond-deprivaiton.csv,time_2,microstructure,other
data,sub-f5ab_assay-microstructure_cond-deprivaiton.csv,time_2-1,microstructure,other
data,sub-f5ab_assay-microstructure_cond-deprivaiton.csv,time_2-2,microstructure,other
data,sub-f5ab_assay-microstructure_cond-deprivaiton.csv,trace,microstructure,other
data,sub-f5ab_assay-microstructure_cond-deprivaiton.csv,trace-2,microstructure,other
