study_folder,file_name,variable_name
1988_whole_vs_parts,assay-intake_data.csv,cond
1988_whole_vs_parts,assay-intake_data.csv,desire_eat_post
1988_whole_vs_parts,assay-intake_data.csv,desire_eat_pre
1988_whole_vs_parts,assay-intake_data.csv,desire_eat_screen
1988_whole_vs_parts,assay-intake_data.csv,fullness_post
1988_whole_vs_parts,assay-intake_data.csv,fullness_pre
1988_whole_vs_parts,assay-intake_data.csv,hunger_post
1988_whole_vs_parts,assay-intake_data.csv,hunger_pre
1988_whole_vs_parts,assay-intake_data.csv,id
1988_whole_vs_parts,assay-intake_data.csv,much_eat_post
1988_whole_vs_parts,assay-intake_data.csv,much_eat_pre
1988_whole_vs_parts,assay-intake_data.csv,sandwich_g
1988_whole_vs_parts,assay-intake_data.csv,sandwich_kcal
1988_whole_vs_parts,assay-intake_data.csv,session
1988_whole_vs_parts,assay-intake_data.csv,taste_screen
1988_whole_vs_parts,assay-intake_data.csv,thirst_post
1988_whole_vs_parts,assay-intake_data.csv,thirst_pre
1988_whole_vs_parts,assay-intake_data.csv,water_g
1990_eatdis_salad_preload,assay-hunger_data.csv,cond
1990_eatdis_salad_preload,assay-hunger_data.csv,group
1990_eatdis_salad_preload,assay-hunger_data.csv,hunger
1990_eatdis_salad_preload,assay-hunger_data.csv,id
1990_eatdis_salad_preload,assay-hunger_data.csv,time
1990_eatdis_salad_preload,assay-intake_cond-highcal_data.csv,appearance_apple
1990_eatdis_salad_preload,assay-intake_cond-highcal_data.csv,appearance_chips
1990_eatdis_salad_preload,assay-intake_cond-highcal_data.csv,appearance_cookie
1990_eatdis_salad_preload,assay-intake_cond-highcal_data.csv,appearance_cottage_cheese
1990_eatdis_salad_preload,assay-intake_cond-highcal_data.csv,appearance_hed_salad
1990_eatdis_salad_preload,assay-intake_cond-highcal_data.csv,appearance_led_salad
1990_eatdis_salad_preload,assay-intake_cond-highcal_data.csv,appearance_snickers
1990_eatdis_salad_preload,assay-intake_cond-highcal_data.csv,appearance_turkey
1990_eatdis_salad_preload,assay-intake_cond-highcal_data.csv,cond
1990_eatdis_salad_preload,assay-intake_cond-highcal_data.csv,desire_apple
1990_eatdis_salad_preload,assay-intake_cond-highcal_data.csv,desire_chips
1990_eatdis_salad_preload,assay-intake_cond-highcal_data.csv,desire_cookie
1990_eatdis_salad_preload,assay-intake_cond-highcal_data.csv,desire_cottage_cheese
1990_eatdis_salad_preload,assay-intake_cond-highcal_data.csv,desire_hed_salad
1990_eatdis_salad_preload,assay-intake_cond-highcal_data.csv,desire_led_salad
1990_eatdis_salad_preload,assay-intake_cond-highcal_data.csv,desire_snickers
1990_eatdis_salad_preload,assay-intake_cond-highcal_data.csv,desire_turkey
1990_eatdis_salad_preload,assay-intake_cond-highcal_data.csv,group
1990_eatdis_salad_preload,assay-intake_cond-highcal_data.csv,id
1990_eatdis_salad_preload,assay-intake_cond-highcal_data.csv,odor_apple
1990_eatdis_salad_preload,assay-intake_cond-highcal_data.csv,odor_chips
1990_eatdis_salad_preload,assay-intake_cond-highcal_data.csv,odor_cookie
1990_eatdis_salad_preload,assay-intake_cond-highcal_data.csv,odor_cottage_cheese
1990_eatdis_salad_preload,assay-intake_cond-highcal_data.csv,odor_hed_salad
1990_eatdis_salad_preload,assay-intake_cond-highcal_data.csv,odor_led_salad
1990_eatdis_salad_preload,assay-intake_cond-highcal_data.csv,odor_snickers
1990_eatdis_salad_preload,assay-intake_cond-highcal_data.csv,odor_turkey
1990_eatdis_salad_preload,assay-intake_cond-highcal_data.csv,taste_apple
1990_eatdis_salad_preload,assay-intake_cond-highcal_data.csv,taste_chips
1990_eatdis_salad_preload,assay-intake_cond-highcal_data.csv,taste_cookie
1990_eatdis_salad_preload,assay-intake_cond-highcal_data.csv,taste_cottage_cheese
1990_eatdis_salad_preload,assay-intake_cond-highcal_data.csv,taste_hed_salad
1990_eatdis_salad_preload,assay-intake_cond-highcal_data.csv,taste_led_salad
1990_eatdis_salad_preload,assay-intake_cond-highcal_data.csv,taste_snickers
1990_eatdis_salad_preload,assay-intake_cond-highcal_data.csv,taste_turkey
1990_eatdis_salad_preload,assay-intake_cond-highcal_data.csv,texture_apple
1990_eatdis_salad_preload,assay-intake_cond-highcal_data.csv,texture_chips
1990_eatdis_salad_preload,assay-intake_cond-highcal_data.csv,texture_cookie
1990_eatdis_salad_preload,assay-intake_cond-highcal_data.csv,texture_cottage_cheese
1990_eatdis_salad_preload,assay-intake_cond-highcal_data.csv,texture_hed_salad
1990_eatdis_salad_preload,assay-intake_cond-highcal_data.csv,texture_led_salad
1990_eatdis_salad_preload,assay-intake_cond-highcal_data.csv,texture_snickers
1990_eatdis_salad_preload,assay-intake_cond-highcal_data.csv,texture_turkey
1990_eatdis_salad_preload,assay-intake_cond-highcal_data.csv,time
1990_eatdis_salad_preload,assay-sss_calc-diff_data.csv,cond
1990_eatdis_salad_preload,assay-sss_calc-diff_data.csv,dif_appearance_apple
1990_eatdis_salad_preload,assay-sss_calc-diff_data.csv,dif_appearance_chips
1990_eatdis_salad_preload,assay-sss_calc-diff_data.csv,dif_appearance_cookie
1990_eatdis_salad_preload,assay-sss_calc-diff_data.csv,dif_appearance_cottage_cheese
1990_eatdis_salad_preload,assay-sss_calc-diff_data.csv,dif_appearance_hed_salad
1990_eatdis_salad_preload,assay-sss_calc-diff_data.csv,dif_appearance_led_salad
1990_eatdis_salad_preload,assay-sss_calc-diff_data.csv,dif_appearance_snickers
1990_eatdis_salad_preload,assay-sss_calc-diff_data.csv,dif_appearance_turkey
1990_eatdis_salad_preload,assay-sss_calc-diff_data.csv,dif_desire_apple
1990_eatdis_salad_preload,assay-sss_calc-diff_data.csv,dif_desire_chips
1990_eatdis_salad_preload,assay-sss_calc-diff_data.csv,dif_desire_cookie
1990_eatdis_salad_preload,assay-sss_calc-diff_data.csv,dif_desire_cottage_cheese
1990_eatdis_salad_preload,assay-sss_calc-diff_data.csv,dif_desire_hed_salad
1990_eatdis_salad_preload,assay-sss_calc-diff_data.csv,dif_desire_led_salad
1990_eatdis_salad_preload,assay-sss_calc-diff_data.csv,dif_desire_snickers
1990_eatdis_salad_preload,assay-sss_calc-diff_data.csv,dif_desire_turkey
1990_eatdis_salad_preload,assay-sss_calc-diff_data.csv,dif_odor_apple
1990_eatdis_salad_preload,assay-sss_calc-diff_data.csv,dif_odor_chips
1990_eatdis_salad_preload,assay-sss_calc-diff_data.csv,dif_odor_cookie
1990_eatdis_salad_preload,assay-sss_calc-diff_data.csv,dif_odor_cottage_cheese
1990_eatdis_salad_preload,assay-sss_calc-diff_data.csv,dif_odor_hed_salad
1990_eatdis_salad_preload,assay-sss_calc-diff_data.csv,dif_odor_led_salad
1990_eatdis_salad_preload,assay-sss_calc-diff_data.csv,dif_odor_snickers
1990_eatdis_salad_preload,assay-sss_calc-diff_data.csv,dif_odor_turkey
1990_eatdis_salad_preload,assay-sss_calc-diff_data.csv,dif_taste_apple
1990_eatdis_salad_preload,assay-sss_calc-diff_data.csv,dif_taste_chips
1990_eatdis_salad_preload,assay-sss_calc-diff_data.csv,dif_taste_cookie
1990_eatdis_salad_preload,assay-sss_calc-diff_data.csv,dif_taste_cottage_cheese
1990_eatdis_salad_preload,assay-sss_calc-diff_data.csv,dif_taste_hed_salad
1990_eatdis_salad_preload,assay-sss_calc-diff_data.csv,dif_taste_led_salad
1990_eatdis_salad_preload,assay-sss_calc-diff_data.csv,dif_taste_snickers
1990_eatdis_salad_preload,assay-sss_calc-diff_data.csv,dif_taste_turkey
1990_eatdis_salad_preload,assay-sss_calc-diff_data.csv,dif_texture_apple
1990_eatdis_salad_preload,assay-sss_calc-diff_data.csv,dif_texture_chips
1990_eatdis_salad_preload,assay-sss_calc-diff_data.csv,dif_texture_cookie
1990_eatdis_salad_preload,assay-sss_calc-diff_data.csv,dif_texture_cottage_cheese
1990_eatdis_salad_preload,assay-sss_calc-diff_data.csv,dif_texture_hed_salad
1990_eatdis_salad_preload,assay-sss_calc-diff_data.csv,dif_texture_led_salad
1990_eatdis_salad_preload,assay-sss_calc-diff_data.csv,dif_texture_snickers
1990_eatdis_salad_preload,assay-sss_calc-diff_data.csv,dif_texture_turkey
1990_eatdis_salad_preload,assay-sss_calc-diff_data.csv,group
1990_eatdis_salad_preload,assay-sss_calc-diff_data.csv,id
1990_eatdis_salad_preload,assay-sss_calc-diff_data.csv,uneaten_appearance
1990_eatdis_salad_preload,assay-sss_calc-diff_data.csv,uneaten_desire
1990_eatdis_salad_preload,assay-sss_calc-diff_data.csv,uneaten_odor
1990_eatdis_salad_preload,assay-sss_calc-diff_data.csv,uneaten_taste
1990_eatdis_salad_preload,assay-sss_calc-diff_data.csv,uneaten_texture
1990_sociofeed_dannys_dinner,assay-intake_data.csv,alert_post
1990_sociofeed_dannys_dinner,assay-intake_data.csv,alert_pre
1990_sociofeed_dannys_dinner,assay-intake_data.csv,anxiety_post
1990_sociofeed_dannys_dinner,assay-intake_data.csv,anxiety_pre
1990_sociofeed_dannys_dinner,assay-intake_data.csv,cho_perc_cal
1990_sociofeed_dannys_dinner,assay-intake_data.csv,cond
1990_sociofeed_dannys_dinner,assay-intake_data.csv,cookie
1990_sociofeed_dannys_dinner,assay-intake_data.csv,cookie_cal
1990_sociofeed_dannys_dinner,assay-intake_data.csv,cookie_cho
1990_sociofeed_dannys_dinner,assay-intake_data.csv,cookie_fat
1990_sociofeed_dannys_dinner,assay-intake_data.csv,cookie_pro
1990_sociofeed_dannys_dinner,assay-intake_data.csv,cucumber
1990_sociofeed_dannys_dinner,assay-intake_data.csv,cucumber_cal
1990_sociofeed_dannys_dinner,assay-intake_data.csv,cucumber_cho
1990_sociofeed_dannys_dinner,assay-intake_data.csv,cucumber_fat
1990_sociofeed_dannys_dinner,assay-intake_data.csv,cucumber_pro
1990_sociofeed_dannys_dinner,assay-intake_data.csv,dressing
1990_sociofeed_dannys_dinner,assay-intake_data.csv,dressing_cal
1990_sociofeed_dannys_dinner,assay-intake_data.csv,dressing_cho
1990_sociofeed_dannys_dinner,assay-intake_data.csv,dressing_fat
1990_sociofeed_dannys_dinner,assay-intake_data.csv,dressing_pro
1990_sociofeed_dannys_dinner,assay-intake_data.csv,dsrt_cal
1990_sociofeed_dannys_dinner,assay-intake_data.csv,dsrt_cho
1990_sociofeed_dannys_dinner,assay-intake_data.csv,dsrt_fat
1990_sociofeed_dannys_dinner,assay-intake_data.csv,dsrt_perc_din
1990_sociofeed_dannys_dinner,assay-intake_data.csv,dsrt_pro
1990_sociofeed_dannys_dinner,assay-intake_data.csv,fat_perc_cal
1990_sociofeed_dannys_dinner,assay-intake_data.csv,friend
1990_sociofeed_dannys_dinner,assay-intake_data.csv,fullness_post
1990_sociofeed_dannys_dinner,assay-intake_data.csv,fullness_pre
1990_sociofeed_dannys_dinner,assay-intake_data.csv,hunger_post
1990_sociofeed_dannys_dinner,assay-intake_data.csv,hunger_pre
1990_sociofeed_dannys_dinner,assay-intake_data.csv,icecream
1990_sociofeed_dannys_dinner,assay-intake_data.csv,icecream_cal
1990_sociofeed_dannys_dinner,assay-intake_data.csv,icecream_cho
1990_sociofeed_dannys_dinner,assay-intake_data.csv,icecream_fat
1990_sociofeed_dannys_dinner,assay-intake_data.csv,icecream_pro
1990_sociofeed_dannys_dinner,assay-intake_data.csv,id
1990_sociofeed_dannys_dinner,assay-intake_data.csv,lettuce
1990_sociofeed_dannys_dinner,assay-intake_data.csv,lettuce_cal
1990_sociofeed_dannys_dinner,assay-intake_data.csv,lettuce_cho
1990_sociofeed_dannys_dinner,assay-intake_data.csv,lettuce_fat
1990_sociofeed_dannys_dinner,assay-intake_data.csv,lettuce_pro
1990_sociofeed_dannys_dinner,assay-intake_data.csv,lowcal_dressing
1990_sociofeed_dannys_dinner,assay-intake_data.csv,lowcal_dressing_cal
1990_sociofeed_dannys_dinner,assay-intake_data.csv,lowcal_dressing_cho
1990_sociofeed_dannys_dinner,assay-intake_data.csv,lowcal_dressing_fat
1990_sociofeed_dannys_dinner,assay-intake_data.csv,lowcal_dressing_pro
1990_sociofeed_dannys_dinner,assay-intake_data.csv,margarine
1990_sociofeed_dannys_dinner,assay-intake_data.csv,margarine_cal
1990_sociofeed_dannys_dinner,assay-intake_data.csv,margarine_cho
1990_sociofeed_dannys_dinner,assay-intake_data.csv,margarine_fat
1990_sociofeed_dannys_dinner,assay-intake_data.csv,margarine_pro
1990_sociofeed_dannys_dinner,assay-intake_data.csv,meat_sauce
1990_sociofeed_dannys_dinner,assay-intake_data.csv,meat_sauce_cal
1990_sociofeed_dannys_dinner,assay-intake_data.csv,meat_sauce_cho
1990_sociofeed_dannys_dinner,assay-intake_data.csv,meat_sauce_fat
1990_sociofeed_dannys_dinner,assay-intake_data.csv,meat_sauce_pro
1990_sociofeed_dannys_dinner,assay-intake_data.csv,nauseous_post
1990_sociofeed_dannys_dinner,assay-intake_data.csv,nauseous_pre
1990_sociofeed_dannys_dinner,assay-intake_data.csv,pro_perc_cal
1990_sociofeed_dannys_dinner,assay-intake_data.csv,prosp_cons_post
1990_sociofeed_dannys_dinner,assay-intake_data.csv,prosp_cons_pre
1990_sociofeed_dannys_dinner,assay-intake_data.csv,relaxed_post
1990_sociofeed_dannys_dinner,assay-intake_data.csv,relaxed_pre
1990_sociofeed_dannys_dinner,assay-intake_data.csv,rest
1990_sociofeed_dannys_dinner,assay-intake_data.csv,roll
1990_sociofeed_dannys_dinner,assay-intake_data.csv,roll_cal
1990_sociofeed_dannys_dinner,assay-intake_data.csv,roll_cho
1990_sociofeed_dannys_dinner,assay-intake_data.csv,roll_fat
1990_sociofeed_dannys_dinner,assay-intake_data.csv,roll_pro
1990_sociofeed_dannys_dinner,assay-intake_data.csv,sesnum
1990_sociofeed_dannys_dinner,assay-intake_data.csv,sex
1990_sociofeed_dannys_dinner,assay-intake_data.csv,sleepy_post
1990_sociofeed_dannys_dinner,assay-intake_data.csv,sleepy_pre
1990_sociofeed_dannys_dinner,assay-intake_data.csv,sorbet
1990_sociofeed_dannys_dinner,assay-intake_data.csv,sorbet_cal
1990_sociofeed_dannys_dinner,assay-intake_data.csv,sorbet_cho
1990_sociofeed_dannys_dinner,assay-intake_data.csv,sorbet_fat
1990_sociofeed_dannys_dinner,assay-intake_data.csv,sorbet_pro
1990_sociofeed_dannys_dinner,assay-intake_data.csv,spaghetti
1990_sociofeed_dannys_dinner,assay-intake_data.csv,spaghetti_cal
1990_sociofeed_dannys_dinner,assay-intake_data.csv,spaghetti_cho
1990_sociofeed_dannys_dinner,assay-intake_data.csv,spaghetti_fat
1990_sociofeed_dannys_dinner,assay-intake_data.csv,spaghetti_pro
1990_sociofeed_dannys_dinner,assay-intake_data.csv,tense_post
1990_sociofeed_dannys_dinner,assay-intake_data.csv,tense_pre
1990_sociofeed_dannys_dinner,assay-intake_data.csv,thirst_post
1990_sociofeed_dannys_dinner,assay-intake_data.csv,thirst_pre
1990_sociofeed_dannys_dinner,assay-intake_data.csv,time
1990_sociofeed_dannys_dinner,assay-intake_data.csv,tomato
1990_sociofeed_dannys_dinner,assay-intake_data.csv,tomato_cal
1990_sociofeed_dannys_dinner,assay-intake_data.csv,tomato_cho
1990_sociofeed_dannys_dinner,assay-intake_data.csv,tomato_fat
1990_sociofeed_dannys_dinner,assay-intake_data.csv,tomato_pro
1990_sociofeed_dannys_dinner,assay-intake_data.csv,total_cal
1990_sociofeed_dannys_dinner,assay-intake_data.csv,total_cho
1990_sociofeed_dannys_dinner,assay-intake_data.csv,total_cho_cal
1990_sociofeed_dannys_dinner,assay-intake_data.csv,total_fat
1990_sociofeed_dannys_dinner,assay-intake_data.csv,total_fat_cal
1990_sociofeed_dannys_dinner,assay-intake_data.csv,total_pro
1990_sociofeed_dannys_dinner,assay-intake_data.csv,total_pro_cal
1990_sociofeed_dannys_dinner,assay-intake_data.csv,veg_sauce
1990_sociofeed_dannys_dinner,assay-intake_data.csv,veg_sauce_cal
1990_sociofeed_dannys_dinner,assay-intake_data.csv,veg_sauce_cho
1990_sociofeed_dannys_dinner,assay-intake_data.csv,veg_sauce_fat
1990_sociofeed_dannys_dinner,assay-intake_data.csv,veg_sauce_pro
1990_sociofeed_dannys_dinner,assay-intake_data.csv,water
1990_sss_age_yogurt,assay-demo_data.csv,agegroup
1990_sss_age_yogurt,assay-demo_data.csv,bmi
1990_sss_age_yogurt,assay-demo_data.csv,cvd_risk
1990_sss_age_yogurt,assay-demo_data.csv,dentures
1990_sss_age_yogurt,assay-demo_data.csv,eat
1990_sss_age_yogurt,assay-demo_data.csv,ei
1990_sss_age_yogurt,assay-demo_data.csv,eisc
1990_sss_age_yogurt,assay-demo_data.csv,id
1990_sss_age_yogurt,assay-demo_data.csv,lsi
1990_sss_age_yogurt,assay-demo_data.csv,meds
1990_sss_age_yogurt,assay-demo_data.csv,session
1990_sss_age_yogurt,assay-demo_data.csv,sex
1990_sss_age_yogurt,assay-demo_data.csv,upsitsc
1990_sss_age_yogurt,assay-demo_data.csv,zung
1990_sss_age_yogurt,assay-foodpref_data.csv,agegroup
1990_sss_age_yogurt,assay-foodpref_data.csv,banana_freq_eat
1990_sss_age_yogurt,assay-foodpref_data.csv,banana_like_change
1990_sss_age_yogurt,assay-foodpref_data.csv,banana_perc_cal
1990_sss_age_yogurt,assay-foodpref_data.csv,banana_taste
1990_sss_age_yogurt,assay-foodpref_data.csv,bologna_freq_eat
1990_sss_age_yogurt,assay-foodpref_data.csv,bologna_like_change
1990_sss_age_yogurt,assay-foodpref_data.csv,bologna_perc_cal
1990_sss_age_yogurt,assay-foodpref_data.csv,bologna_taste
1990_sss_age_yogurt,assay-foodpref_data.csv,broccoli_freq_eat
1990_sss_age_yogurt,assay-foodpref_data.csv,broccoli_like_change
1990_sss_age_yogurt,assay-foodpref_data.csv,broccoli_perc_cal
1990_sss_age_yogurt,assay-foodpref_data.csv,broccoli_taste
1990_sss_age_yogurt,assay-foodpref_data.csv,celery_freq_eat
1990_sss_age_yogurt,assay-foodpref_data.csv,celery_like_change
1990_sss_age_yogurt,assay-foodpref_data.csv,celery_perc_cal
1990_sss_age_yogurt,assay-foodpref_data.csv,celery_taste
1990_sss_age_yogurt,assay-foodpref_data.csv,cheddar_freq_eat
1990_sss_age_yogurt,assay-foodpref_data.csv,cheddar_like_change
1990_sss_age_yogurt,assay-foodpref_data.csv,cheddar_perc_cal
1990_sss_age_yogurt,assay-foodpref_data.csv,cheddar_taste
1990_sss_age_yogurt,assay-foodpref_data.csv,cheeseburger_freq_eat
1990_sss_age_yogurt,assay-foodpref_data.csv,cheeseburger_like_change
1990_sss_age_yogurt,assay-foodpref_data.csv,cheeseburger_perc_cal
1990_sss_age_yogurt,assay-foodpref_data.csv,cheeseburger_taste
1990_sss_age_yogurt,assay-foodpref_data.csv,cherry_pie_freq_eat
1990_sss_age_yogurt,assay-foodpref_data.csv,cherry_pie_like_change
1990_sss_age_yogurt,assay-foodpref_data.csv,cherry_pie_perc_cal
1990_sss_age_yogurt,assay-foodpref_data.csv,cherry_pie_taste
1990_sss_age_yogurt,assay-foodpref_data.csv,choc_icecream_freq_eat
1990_sss_age_yogurt,assay-foodpref_data.csv,choc_icecream_like_change
1990_sss_age_yogurt,assay-foodpref_data.csv,choc_icecream_perc_cal
1990_sss_age_yogurt,assay-foodpref_data.csv,choc_icecream_taste
1990_sss_age_yogurt,assay-foodpref_data.csv,cinn_roll_freq_eat
1990_sss_age_yogurt,assay-foodpref_data.csv,cinn_roll_like_change
1990_sss_age_yogurt,assay-foodpref_data.csv,cinn_roll_perc_cal
1990_sss_age_yogurt,assay-foodpref_data.csv,cinn_roll_taste
1990_sss_age_yogurt,assay-foodpref_data.csv,cucumber_freq_eat
1990_sss_age_yogurt,assay-foodpref_data.csv,cucumber_like_change
1990_sss_age_yogurt,assay-foodpref_data.csv,cucumber_perc_cal
1990_sss_age_yogurt,assay-foodpref_data.csv,cucumber_taste
1990_sss_age_yogurt,assay-foodpref_data.csv,diet_cola_freq_eat
1990_sss_age_yogurt,assay-foodpref_data.csv,diet_cola_like_change
1990_sss_age_yogurt,assay-foodpref_data.csv,diet_cola_perc_cal
1990_sss_age_yogurt,assay-foodpref_data.csv,diet_cola_taste
1990_sss_age_yogurt,assay-foodpref_data.csv,fries_freq_eat
1990_sss_age_yogurt,assay-foodpref_data.csv,fries_like_change
1990_sss_age_yogurt,assay-foodpref_data.csv,fries_perc_cal
1990_sss_age_yogurt,assay-foodpref_data.csv,fries_taste
1990_sss_age_yogurt,assay-foodpref_data.csv,gingerbread_freq_eat
1990_sss_age_yogurt,assay-foodpref_data.csv,gingerbread_like_change
1990_sss_age_yogurt,assay-foodpref_data.csv,gingerbread_perc_cal
1990_sss_age_yogurt,assay-foodpref_data.csv,gingerbread_taste
1990_sss_age_yogurt,assay-foodpref_data.csv,grape_freq_eat
1990_sss_age_yogurt,assay-foodpref_data.csv,grape_like_change
1990_sss_age_yogurt,assay-foodpref_data.csv,grape_perc_cal
1990_sss_age_yogurt,assay-foodpref_data.csv,grape_taste
1990_sss_age_yogurt,assay-foodpref_data.csv,grapefruit_juice_freq_eat
1990_sss_age_yogurt,assay-foodpref_data.csv,grapefruit_juice_like_change
1990_sss_age_yogurt,assay-foodpref_data.csv,grapefruit_juice_perc_cal
1990_sss_age_yogurt,assay-foodpref_data.csv,grapefruit_juice_taste
1990_sss_age_yogurt,assay-foodpref_data.csv,id
1990_sss_age_yogurt,assay-foodpref_data.csv,jello_freq_eat
1990_sss_age_yogurt,assay-foodpref_data.csv,jello_like_change
1990_sss_age_yogurt,assay-foodpref_data.csv,jello_perc_cal
1990_sss_age_yogurt,assay-foodpref_data.csv,jello_taste
1990_sss_age_yogurt,assay-foodpref_data.csv,lemon_pie_freq_eat
1990_sss_age_yogurt,assay-foodpref_data.csv,lemon_pie_like_change
1990_sss_age_yogurt,assay-foodpref_data.csv,lemon_pie_perc_cal
1990_sss_age_yogurt,assay-foodpref_data.csv,lemon_pie_taste
1990_sss_age_yogurt,assay-foodpref_data.csv,lowf_cotcheese_freq_eat
1990_sss_age_yogurt,assay-foodpref_data.csv,lowf_cotcheese_like_change
1990_sss_age_yogurt,assay-foodpref_data.csv,lowf_cotcheese_perc_cal
1990_sss_age_yogurt,assay-foodpref_data.csv,lowf_cotcheese_taste
1990_sss_age_yogurt,assay-foodpref_data.csv,onion_ring_freq_eat
1990_sss_age_yogurt,assay-foodpref_data.csv,onion_ring_like_change
1990_sss_age_yogurt,assay-foodpref_data.csv,onion_ring_perc_cal
1990_sss_age_yogurt,assay-foodpref_data.csv,onion_ring_taste
1990_sss_age_yogurt,assay-foodpref_data.csv,orange_freq_eat
1990_sss_age_yogurt,assay-foodpref_data.csv,orange_like_change
1990_sss_age_yogurt,assay-foodpref_data.csv,orange_perc_cal
1990_sss_age_yogurt,assay-foodpref_data.csv,orange_taste
1990_sss_age_yogurt,assay-foodpref_data.csv,peach_freq_eat
1990_sss_age_yogurt,assay-foodpref_data.csv,peach_like_change
1990_sss_age_yogurt,assay-foodpref_data.csv,peach_perc_cal
1990_sss_age_yogurt,assay-foodpref_data.csv,peach_taste
1990_sss_age_yogurt,assay-foodpref_data.csv,peanut_freq_eat
1990_sss_age_yogurt,assay-foodpref_data.csv,peanut_like_change
1990_sss_age_yogurt,assay-foodpref_data.csv,peanut_perc_cal
1990_sss_age_yogurt,assay-foodpref_data.csv,peanut_taste
1990_sss_age_yogurt,assay-foodpref_data.csv,pickle_freq_eat
1990_sss_age_yogurt,assay-foodpref_data.csv,pickle_like_change
1990_sss_age_yogurt,assay-foodpref_data.csv,pickle_perc_cal
1990_sss_age_yogurt,assay-foodpref_data.csv,pickle_taste
1990_sss_age_yogurt,assay-foodpref_data.csv,pineapple_freq_eat
1990_sss_age_yogurt,assay-foodpref_data.csv,pineapple_like_change
1990_sss_age_yogurt,assay-foodpref_data.csv,pineapple_perc_cal
1990_sss_age_yogurt,assay-foodpref_data.csv,pineapple_taste
1990_sss_age_yogurt,assay-foodpref_data.csv,pizza_freq_eat
1990_sss_age_yogurt,assay-foodpref_data.csv,pizza_like_change
1990_sss_age_yogurt,assay-foodpref_data.csv,pizza_perc_cal
1990_sss_age_yogurt,assay-foodpref_data.csv,pizza_taste
1990_sss_age_yogurt,assay-foodpref_data.csv,potato_chip_freq_eat
1990_sss_age_yogurt,assay-foodpref_data.csv,potato_chip_like_change
1990_sss_age_yogurt,assay-foodpref_data.csv,potato_chip_perc_cal
1990_sss_age_yogurt,assay-foodpref_data.csv,potato_chip_taste
1990_sss_age_yogurt,assay-foodpref_data.csv,salad_freq_eat
1990_sss_age_yogurt,assay-foodpref_data.csv,salad_like_change
1990_sss_age_yogurt,assay-foodpref_data.csv,salad_perc_cal
1990_sss_age_yogurt,assay-foodpref_data.csv,salad_taste
1990_sss_age_yogurt,assay-foodpref_data.csv,session
1990_sss_age_yogurt,assay-foodpref_data.csv,sex
1990_sss_age_yogurt,assay-foodpref_data.csv,skim_milk_freq_eat
1990_sss_age_yogurt,assay-foodpref_data.csv,skim_milk_like_change
1990_sss_age_yogurt,assay-foodpref_data.csv,skim_milk_perc_cal
1990_sss_age_yogurt,assay-foodpref_data.csv,skim_milk_taste
1990_sss_age_yogurt,assay-foodpref_data.csv,strawberry_freq_eat
1990_sss_age_yogurt,assay-foodpref_data.csv,strawberry_like_change
1990_sss_age_yogurt,assay-foodpref_data.csv,strawberry_perc_cal
1990_sss_age_yogurt,assay-foodpref_data.csv,strawberry_taste
1990_sss_age_yogurt,assay-foodpref_data.csv,tbone_steak_freq_eat
1990_sss_age_yogurt,assay-foodpref_data.csv,tbone_steak_like_change
1990_sss_age_yogurt,assay-foodpref_data.csv,tbone_steak_perc_cal
1990_sss_age_yogurt,assay-foodpref_data.csv,tbone_steak_taste
1990_sss_age_yogurt,assay-foodpref_data.csv,watermelon_freq_eat
1990_sss_age_yogurt,assay-foodpref_data.csv,watermelon_like_change
1990_sss_age_yogurt,assay-foodpref_data.csv,watermelon_perc_cal
1990_sss_age_yogurt,assay-foodpref_data.csv,watermelon_taste
1990_sss_age_yogurt,assay-foodpref_data.csv,wheat_bread_freq_eat
1990_sss_age_yogurt,assay-foodpref_data.csv,wheat_bread_like_change
1990_sss_age_yogurt,assay-foodpref_data.csv,wheat_bread_perc_cal
1990_sss_age_yogurt,assay-foodpref_data.csv,wheat_bread_taste
1990_sss_age_yogurt,assay-sss_data.csv,agegroup
1990_sss_age_yogurt,assay-sss_data.csv,amtyogurt
1990_sss_age_yogurt,assay-sss_data.csv,appearance_carrot_post
1990_sss_age_yogurt,assay-sss_data.csv,appearance_carrot_pre
1990_sss_age_yogurt,assay-sss_data.csv,appearance_cracker_post
1990_sss_age_yogurt,assay-sss_data.csv,appearance_cracker_pre
1990_sss_age_yogurt,assay-sss_data.csv,appearance_pretzel_post
1990_sss_age_yogurt,assay-sss_data.csv,appearance_pretzel_pre
1990_sss_age_yogurt,assay-sss_data.csv,appearance_tuna_post
1990_sss_age_yogurt,assay-sss_data.csv,appearance_tuna_pre
1990_sss_age_yogurt,assay-sss_data.csv,appearance_yogurt_post
1990_sss_age_yogurt,assay-sss_data.csv,appearance_yogurt_pre
1990_sss_age_yogurt,assay-sss_data.csv,desire_carrot_post
1990_sss_age_yogurt,assay-sss_data.csv,desire_carrot_pre
1990_sss_age_yogurt,assay-sss_data.csv,desire_cracker_post
1990_sss_age_yogurt,assay-sss_data.csv,desire_cracker_pre
1990_sss_age_yogurt,assay-sss_data.csv,desire_eat_post
1990_sss_age_yogurt,assay-sss_data.csv,desire_eat_pre
1990_sss_age_yogurt,assay-sss_data.csv,desire_pretzel_post
1990_sss_age_yogurt,assay-sss_data.csv,desire_pretzel_pre
1990_sss_age_yogurt,assay-sss_data.csv,desire_tuna_post
1990_sss_age_yogurt,assay-sss_data.csv,desire_tuna_pre
1990_sss_age_yogurt,assay-sss_data.csv,desire_yogurt_post
1990_sss_age_yogurt,assay-sss_data.csv,desire_yogurt_pre
1990_sss_age_yogurt,assay-sss_data.csv,dif_appearance
1990_sss_age_yogurt,assay-sss_data.csv,dif_appearance_carrot
1990_sss_age_yogurt,assay-sss_data.csv,dif_appearance_cracker
1990_sss_age_yogurt,assay-sss_data.csv,dif_appearance_pretzel
1990_sss_age_yogurt,assay-sss_data.csv,dif_appearance_tuna
1990_sss_age_yogurt,assay-sss_data.csv,dif_appearance_yogurt
1990_sss_age_yogurt,assay-sss_data.csv,dif_desire
1990_sss_age_yogurt,assay-sss_data.csv,dif_desire_carrot
1990_sss_age_yogurt,assay-sss_data.csv,dif_desire_cracker
1990_sss_age_yogurt,assay-sss_data.csv,dif_desire_eat
1990_sss_age_yogurt,assay-sss_data.csv,dif_desire_pretzel
1990_sss_age_yogurt,assay-sss_data.csv,dif_desire_tuna
1990_sss_age_yogurt,assay-sss_data.csv,dif_desire_yogurt
1990_sss_age_yogurt,assay-sss_data.csv,dif_fullness
1990_sss_age_yogurt,assay-sss_data.csv,dif_hunger
1990_sss_age_yogurt,assay-sss_data.csv,dif_mouthdry
1990_sss_age_yogurt,assay-sss_data.csv,dif_nauseous
1990_sss_age_yogurt,assay-sss_data.csv,dif_odor
1990_sss_age_yogurt,assay-sss_data.csv,dif_odor_carrot
1990_sss_age_yogurt,assay-sss_data.csv,dif_odor_cracker
1990_sss_age_yogurt,assay-sss_data.csv,dif_odor_pretzel
1990_sss_age_yogurt,assay-sss_data.csv,dif_odor_tuna
1990_sss_age_yogurt,assay-sss_data.csv,dif_odor_yogurt
1990_sss_age_yogurt,assay-sss_data.csv,dif_taste
1990_sss_age_yogurt,assay-sss_data.csv,dif_taste_carrot
1990_sss_age_yogurt,assay-sss_data.csv,dif_taste_cracker
1990_sss_age_yogurt,assay-sss_data.csv,dif_taste_pretzel
1990_sss_age_yogurt,assay-sss_data.csv,dif_taste_tuna
1990_sss_age_yogurt,assay-sss_data.csv,dif_taste_yogurt
1990_sss_age_yogurt,assay-sss_data.csv,dif_texture
1990_sss_age_yogurt,assay-sss_data.csv,dif_texture_carrot
1990_sss_age_yogurt,assay-sss_data.csv,dif_texture_cracker
1990_sss_age_yogurt,assay-sss_data.csv,dif_texture_pretzel
1990_sss_age_yogurt,assay-sss_data.csv,dif_texture_tuna
1990_sss_age_yogurt,assay-sss_data.csv,dif_texture_yogurt
1990_sss_age_yogurt,assay-sss_data.csv,dif_thirst
1990_sss_age_yogurt,assay-sss_data.csv,expt
1990_sss_age_yogurt,assay-sss_data.csv,fullness_post
1990_sss_age_yogurt,assay-sss_data.csv,fullness_pre
1990_sss_age_yogurt,assay-sss_data.csv,hunger_post
1990_sss_age_yogurt,assay-sss_data.csv,hunger_pre
1990_sss_age_yogurt,assay-sss_data.csv,id
1990_sss_age_yogurt,assay-sss_data.csv,mouthdry_post
1990_sss_age_yogurt,assay-sss_data.csv,mouthdry_pre
1990_sss_age_yogurt,assay-sss_data.csv,nauseous_post
1990_sss_age_yogurt,assay-sss_data.csv,nauseous_pre
1990_sss_age_yogurt,assay-sss_data.csv,odor_carrot_post
1990_sss_age_yogurt,assay-sss_data.csv,odor_carrot_pre
1990_sss_age_yogurt,assay-sss_data.csv,odor_cracker_post
1990_sss_age_yogurt,assay-sss_data.csv,odor_cracker_pre
1990_sss_age_yogurt,assay-sss_data.csv,odor_pretzel_post
1990_sss_age_yogurt,assay-sss_data.csv,odor_pretzel_pre
1990_sss_age_yogurt,assay-sss_data.csv,odor_tuna_post
1990_sss_age_yogurt,assay-sss_data.csv,odor_tuna_pre
1990_sss_age_yogurt,assay-sss_data.csv,odor_yogurt_post
1990_sss_age_yogurt,assay-sss_data.csv,odor_yogurt_pre
1990_sss_age_yogurt,assay-sss_data.csv,session
1990_sss_age_yogurt,assay-sss_data.csv,sex
1990_sss_age_yogurt,assay-sss_data.csv,taste_carrot_post
1990_sss_age_yogurt,assay-sss_data.csv,taste_carrot_pre
1990_sss_age_yogurt,assay-sss_data.csv,taste_cracker_post
1990_sss_age_yogurt,assay-sss_data.csv,taste_cracker_pre
1990_sss_age_yogurt,assay-sss_data.csv,taste_pretzel_post
1990_sss_age_yogurt,assay-sss_data.csv,taste_pretzel_pre
1990_sss_age_yogurt,assay-sss_data.csv,taste_tuna_post
1990_sss_age_yogurt,assay-sss_data.csv,taste_tuna_pre
1990_sss_age_yogurt,assay-sss_data.csv,taste_yogurt_post
1990_sss_age_yogurt,assay-sss_data.csv,taste_yogurt_pre
1990_sss_age_yogurt,assay-sss_data.csv,texture_carrot_post
1990_sss_age_yogurt,assay-sss_data.csv,texture_carrot_pre
1990_sss_age_yogurt,assay-sss_data.csv,texture_cracker_post
1990_sss_age_yogurt,assay-sss_data.csv,texture_cracker_pre
1990_sss_age_yogurt,assay-sss_data.csv,texture_pretzel_post
1990_sss_age_yogurt,assay-sss_data.csv,texture_pretzel_pre
1990_sss_age_yogurt,assay-sss_data.csv,texture_tuna_post
1990_sss_age_yogurt,assay-sss_data.csv,texture_tuna_pre
1990_sss_age_yogurt,assay-sss_data.csv,texture_yogurt_post
1990_sss_age_yogurt,assay-sss_data.csv,texture_yogurt_pre
1990_sss_age_yogurt,assay-sss_data.csv,thirst_post
1990_sss_age_yogurt,assay-sss_data.csv,thirst_pre
1990_sss_age_yogurt,assay-sss_data.csv,time
1990_sss_age_yogurt,assay-sss_data.csv,uneat_appearance
1990_sss_age_yogurt,assay-sss_data.csv,uneat_desire
1990_sss_age_yogurt,assay-sss_data.csv,uneat_odor
1990_sss_age_yogurt,assay-sss_data.csv,uneat_taste
1990_sss_age_yogurt,assay-sss_data.csv,uneat_texture
1990_sss_age_yogurt,assay-upsit_data.csv,agegroup
1990_sss_age_yogurt,assay-upsit_data.csv,id
1990_sss_age_yogurt,assay-upsit_data.csv,sex
1990_sss_age_yogurt,assay-upsit_data.csv,smell_1
1990_sss_age_yogurt,assay-upsit_data.csv,smell_10
1990_sss_age_yogurt,assay-upsit_data.csv,smell_11
1990_sss_age_yogurt,assay-upsit_data.csv,smell_12
1990_sss_age_yogurt,assay-upsit_data.csv,smell_13
1990_sss_age_yogurt,assay-upsit_data.csv,smell_14
1990_sss_age_yogurt,assay-upsit_data.csv,smell_15
1990_sss_age_yogurt,assay-upsit_data.csv,smell_16
1990_sss_age_yogurt,assay-upsit_data.csv,smell_17
1990_sss_age_yogurt,assay-upsit_data.csv,smell_18
1990_sss_age_yogurt,assay-upsit_data.csv,smell_19
1990_sss_age_yogurt,assay-upsit_data.csv,smell_2
1990_sss_age_yogurt,assay-upsit_data.csv,smell_20
1990_sss_age_yogurt,assay-upsit_data.csv,smell_21
1990_sss_age_yogurt,assay-upsit_data.csv,smell_22
1990_sss_age_yogurt,assay-upsit_data.csv,smell_23
1990_sss_age_yogurt,assay-upsit_data.csv,smell_24
1990_sss_age_yogurt,assay-upsit_data.csv,smell_25
1990_sss_age_yogurt,assay-upsit_data.csv,smell_26
1990_sss_age_yogurt,assay-upsit_data.csv,smell_27
1990_sss_age_yogurt,assay-upsit_data.csv,smell_28
1990_sss_age_yogurt,assay-upsit_data.csv,smell_29
1990_sss_age_yogurt,assay-upsit_data.csv,smell_3
1990_sss_age_yogurt,assay-upsit_data.csv,smell_30
1990_sss_age_yogurt,assay-upsit_data.csv,smell_31
1990_sss_age_yogurt,assay-upsit_data.csv,smell_32
1990_sss_age_yogurt,assay-upsit_data.csv,smell_33
1990_sss_age_yogurt,assay-upsit_data.csv,smell_34
1990_sss_age_yogurt,assay-upsit_data.csv,smell_35
1990_sss_age_yogurt,assay-upsit_data.csv,smell_36
1990_sss_age_yogurt,assay-upsit_data.csv,smell_37
1990_sss_age_yogurt,assay-upsit_data.csv,smell_38
1990_sss_age_yogurt,assay-upsit_data.csv,smell_39
1990_sss_age_yogurt,assay-upsit_data.csv,smell_4
1990_sss_age_yogurt,assay-upsit_data.csv,smell_40
1990_sss_age_yogurt,assay-upsit_data.csv,smell_5
1990_sss_age_yogurt,assay-upsit_data.csv,smell_6
1990_sss_age_yogurt,assay-upsit_data.csv,smell_7
1990_sss_age_yogurt,assay-upsit_data.csv,smell_8
1990_sss_age_yogurt,assay-upsit_data.csv,smell_9
1990_sss_age_yogurt,assay-upsit_data.csv,upsitsc
1991_eatdis,assay-demo_data.csv,age
1991_eatdis,assay-demo_data.csv,bmi
1991_eatdis,assay-demo_data.csv,cafeteria_study
1991_eatdis,assay-demo_data.csv,foodpref_study
1991_eatdis,assay-demo_data.csv,group
1991_eatdis,assay-demo_data.csv,group_anr_split
1991_eatdis,assay-demo_data.csv,hospital_stay_wks
1991_eatdis,assay-demo_data.csv,id
1991_eatdis,assay-demo_data.csv,illness_dur
1991_eatdis,assay-demo_data.csv,perc_ideal_bw
1991_eatdis,assay-demo_data.csv,race
1991_eatdis,assay-demo_data.csv,smell_study
1991_eatdis,assay-demo_data.csv,timepoint
1991_eatdis,assay-questionnaire_data.csv,eat
1991_eatdis,assay-questionnaire_data.csv,edi
1991_eatdis,assay-questionnaire_data.csv,edi_body_dissat
1991_eatdis,assay-questionnaire_data.csv,edi_bulimia
1991_eatdis,assay-questionnaire_data.csv,edi_distrust
1991_eatdis,assay-questionnaire_data.csv,edi_ineffectiveness
1991_eatdis,assay-questionnaire_data.csv,edi_intero_aware
1991_eatdis,assay-questionnaire_data.csv,edi_mature_fears
1991_eatdis,assay-questionnaire_data.csv,edi_perfectionism
1991_eatdis,assay-questionnaire_data.csv,edi_thinness
1991_eatdis,assay-questionnaire_data.csv,ei_cog_restraint
1991_eatdis,assay-questionnaire_data.csv,ei_disinhibit
1991_eatdis,assay-questionnaire_data.csv,ei_hunger
1991_eatdis,assay-questionnaire_data.csv,group
1991_eatdis,assay-questionnaire_data.csv,id
1991_eatdis,assay-questionnaire_data.csv,timepoint
1991_eatdis,study-cafeteria_assay-intake_data.csv,alert_dif
1991_eatdis,study-cafeteria_assay-intake_data.csv,alert_post
1991_eatdis,study-cafeteria_assay-intake_data.csv,alert_pre
1991_eatdis,study-cafeteria_assay-intake_data.csv,anxious_dif
1991_eatdis,study-cafeteria_assay-intake_data.csv,anxious_post
1991_eatdis,study-cafeteria_assay-intake_data.csv,anxious_pre
1991_eatdis,study-cafeteria_assay-intake_data.csv,binge_desire_dif
1991_eatdis,study-cafeteria_assay-intake_data.csv,binge_desire_post
1991_eatdis,study-cafeteria_assay-intake_data.csv,binge_desire_pre
1991_eatdis,study-cafeteria_assay-intake_data.csv,bloated_dif
1991_eatdis,study-cafeteria_assay-intake_data.csv,bloated_post
1991_eatdis,study-cafeteria_assay-intake_data.csv,bloated_pre
1991_eatdis,study-cafeteria_assay-intake_data.csv,calm_dif
1991_eatdis,study-cafeteria_assay-intake_data.csv,calm_post
1991_eatdis,study-cafeteria_assay-intake_data.csv,calm_pre
1991_eatdis,study-cafeteria_assay-intake_data.csv,content_dif
1991_eatdis,study-cafeteria_assay-intake_data.csv,content_post
1991_eatdis,study-cafeteria_assay-intake_data.csv,content_pre
1991_eatdis,study-cafeteria_assay-intake_data.csv,depressed_dif
1991_eatdis,study-cafeteria_assay-intake_data.csv,depressed_post
1991_eatdis,study-cafeteria_assay-intake_data.csv,depressed_pre
1991_eatdis,study-cafeteria_assay-intake_data.csv,desire_dif
1991_eatdis,study-cafeteria_assay-intake_data.csv,desire_post
1991_eatdis,study-cafeteria_assay-intake_data.csv,desire_pre
1991_eatdis,study-cafeteria_assay-intake_data.csv,drowsy_dif
1991_eatdis,study-cafeteria_assay-intake_data.csv,drowsy_post
1991_eatdis,study-cafeteria_assay-intake_data.csv,drowsy_pre
1991_eatdis,study-cafeteria_assay-intake_data.csv,fear_fat_dif
1991_eatdis,study-cafeteria_assay-intake_data.csv,fear_fat_post
1991_eatdis,study-cafeteria_assay-intake_data.csv,fear_fat_pre
1991_eatdis,study-cafeteria_assay-intake_data.csv,fullness_dif
1991_eatdis,study-cafeteria_assay-intake_data.csv,fullness_post
1991_eatdis,study-cafeteria_assay-intake_data.csv,fullness_pre
1991_eatdis,study-cafeteria_assay-intake_data.csv,g_cho
1991_eatdis,study-cafeteria_assay-intake_data.csv,g_fat
1991_eatdis,study-cafeteria_assay-intake_data.csv,g_pro
1991_eatdis,study-cafeteria_assay-intake_data.csv,group
1991_eatdis,study-cafeteria_assay-intake_data.csv,guilt_dif
1991_eatdis,study-cafeteria_assay-intake_data.csv,guilt_post
1991_eatdis,study-cafeteria_assay-intake_data.csv,guilt_pre
1991_eatdis,study-cafeteria_assay-intake_data.csv,hunger_dif
1991_eatdis,study-cafeteria_assay-intake_data.csv,hunger_post
1991_eatdis,study-cafeteria_assay-intake_data.csv,hunger_pre
1991_eatdis,study-cafeteria_assay-intake_data.csv,id
1991_eatdis,study-cafeteria_assay-intake_data.csv,mgca
1991_eatdis,study-cafeteria_assay-intake_data.csv,much_eat_dif
1991_eatdis,study-cafeteria_assay-intake_data.csv,much_eat_post
1991_eatdis,study-cafeteria_assay-intake_data.csv,much_eat_pre
1991_eatdis,study-cafeteria_assay-intake_data.csv,perc_cal_cho
1991_eatdis,study-cafeteria_assay-intake_data.csv,perc_cal_fat
1991_eatdis,study-cafeteria_assay-intake_data.csv,perc_cal_pro
1991_eatdis,study-cafeteria_assay-intake_data.csv,purge_desire_dif
1991_eatdis,study-cafeteria_assay-intake_data.csv,purge_desire_post
1991_eatdis,study-cafeteria_assay-intake_data.csv,purge_desire_pre
1991_eatdis,study-cafeteria_assay-intake_data.csv,relaxed_dif
1991_eatdis,study-cafeteria_assay-intake_data.csv,relaxed_post
1991_eatdis,study-cafeteria_assay-intake_data.csv,relaxed_pre
1991_eatdis,study-cafeteria_assay-intake_data.csv,tense_dif
1991_eatdis,study-cafeteria_assay-intake_data.csv,tense_post
1991_eatdis,study-cafeteria_assay-intake_data.csv,tense_pre
1991_eatdis,study-cafeteria_assay-intake_data.csv,thirst_dif
1991_eatdis,study-cafeteria_assay-intake_data.csv,thirst_post
1991_eatdis,study-cafeteria_assay-intake_data.csv,thirst_pre
1991_eatdis,study-cafeteria_assay-intake_data.csv,time
1991_eatdis,study-cafeteria_assay-intake_data.csv,timepoint
1991_eatdis,study-cafeteria_assay-intake_data.csv,total_g
1991_eatdis,study-cafeteria_assay-intake_data.csv,total_kcal
1991_eatdis,study-cafeteria_calc-timedif_data.csv,eat_tdif
1991_eatdis,study-cafeteria_calc-timedif_data.csv,g_cho_tdif
1991_eatdis,study-cafeteria_calc-timedif_data.csv,g_fat_tdif
1991_eatdis,study-cafeteria_calc-timedif_data.csv,g_pro_tdif
1991_eatdis,study-cafeteria_calc-timedif_data.csv,group
1991_eatdis,study-cafeteria_calc-timedif_data.csv,id
1991_eatdis,study-cafeteria_calc-timedif_data.csv,more_g_cho
1991_eatdis,study-cafeteria_calc-timedif_data.csv,more_g_fat
1991_eatdis,study-cafeteria_calc-timedif_data.csv,more_g_pro
1991_eatdis,study-cafeteria_calc-timedif_data.csv,more_p_cho
1991_eatdis,study-cafeteria_calc-timedif_data.csv,more_p_fat
1991_eatdis,study-cafeteria_calc-timedif_data.csv,more_p_pro
1991_eatdis,study-cafeteria_calc-timedif_data.csv,p_cho_tdif
1991_eatdis,study-cafeteria_calc-timedif_data.csv,p_fat_tdif
1991_eatdis,study-cafeteria_calc-timedif_data.csv,p_pro_tdif
1991_eatdis,study-cafeteria_calc-timedif_data.csv,perc_ideal_bw_tdif
1991_eatdis,study-foodpref_assay-foodq_data.csv,baked_potato_eat
1991_eatdis,study-foodpref_assay-foodq_data.csv,baked_potato_like
1991_eatdis,study-foodpref_assay-foodq_data.csv,banana_eat
1991_eatdis,study-foodpref_assay-foodq_data.csv,banana_like
1991_eatdis,study-foodpref_assay-foodq_data.csv,berry_yogurt_eat
1991_eatdis,study-foodpref_assay-foodq_data.csv,berry_yogurt_like
1991_eatdis,study-foodpref_assay-foodq_data.csv,boiled_egg_eat
1991_eatdis,study-foodpref_assay-foodq_data.csv,boiled_egg_like
1991_eatdis,study-foodpref_assay-foodq_data.csv,bologna_eat
1991_eatdis,study-foodpref_assay-foodq_data.csv,bologna_like
1991_eatdis,study-foodpref_assay-foodq_data.csv,broccoli_eat
1991_eatdis,study-foodpref_assay-foodq_data.csv,broccoli_like
1991_eatdis,study-foodpref_assay-foodq_data.csv,celery_eat
1991_eatdis,study-foodpref_assay-foodq_data.csv,celery_like
1991_eatdis,study-foodpref_assay-foodq_data.csv,cheddar_cheese_eat
1991_eatdis,study-foodpref_assay-foodq_data.csv,cheddar_cheese_like
1991_eatdis,study-foodpref_assay-foodq_data.csv,cheese_burger_eat
1991_eatdis,study-foodpref_assay-foodq_data.csv,cheese_burger_like
1991_eatdis,study-foodpref_assay-foodq_data.csv,cherry_pie_eat
1991_eatdis,study-foodpref_assay-foodq_data.csv,cherry_pie_like
1991_eatdis,study-foodpref_assay-foodq_data.csv,choc_icecream_eat
1991_eatdis,study-foodpref_assay-foodq_data.csv,choc_icecream_like
1991_eatdis,study-foodpref_assay-foodq_data.csv,cinnamon_roll_eat
1991_eatdis,study-foodpref_assay-foodq_data.csv,cinnamon_roll_like
1991_eatdis,study-foodpref_assay-foodq_data.csv,coconut_eat
1991_eatdis,study-foodpref_assay-foodq_data.csv,coconut_like
1991_eatdis,study-foodpref_assay-foodq_data.csv,coleslaw_eat
1991_eatdis,study-foodpref_assay-foodq_data.csv,coleslaw_like
1991_eatdis,study-foodpref_assay-foodq_data.csv,cottage_cheese_eat
1991_eatdis,study-foodpref_assay-foodq_data.csv,cottage_cheese_like
1991_eatdis,study-foodpref_assay-foodq_data.csv,cucumber_eat
1991_eatdis,study-foodpref_assay-foodq_data.csv,cucumber_like
1991_eatdis,study-foodpref_assay-foodq_data.csv,diet_cola_eat
1991_eatdis,study-foodpref_assay-foodq_data.csv,diet_cola_like
1991_eatdis,study-foodpref_assay-foodq_data.csv,dill_pickle_eat
1991_eatdis,study-foodpref_assay-foodq_data.csv,dill_pickle_like
1991_eatdis,study-foodpref_assay-foodq_data.csv,french_fries_eat
1991_eatdis,study-foodpref_assay-foodq_data.csv,french_fries_like
1991_eatdis,study-foodpref_assay-foodq_data.csv,fried_egg_eat
1991_eatdis,study-foodpref_assay-foodq_data.csv,fried_egg_like
1991_eatdis,study-foodpref_assay-foodq_data.csv,fruit_punch_eat
1991_eatdis,study-foodpref_assay-foodq_data.csv,fruit_punch_like
1991_eatdis,study-foodpref_assay-foodq_data.csv,gingerbread_eat
1991_eatdis,study-foodpref_assay-foodq_data.csv,gingerbread_like
1991_eatdis,study-foodpref_assay-foodq_data.csv,grape_eat
1991_eatdis,study-foodpref_assay-foodq_data.csv,grape_like
1991_eatdis,study-foodpref_assay-foodq_data.csv,grapefruit_juice_eat
1991_eatdis,study-foodpref_assay-foodq_data.csv,grapefruit_juice_like
1991_eatdis,study-foodpref_assay-foodq_data.csv,group
1991_eatdis,study-foodpref_assay-foodq_data.csv,id
1991_eatdis,study-foodpref_assay-foodq_data.csv,jello_eat
1991_eatdis,study-foodpref_assay-foodq_data.csv,jello_like
1991_eatdis,study-foodpref_assay-foodq_data.csv,lemon_pie_eat
1991_eatdis,study-foodpref_assay-foodq_data.csv,lemon_pie_like
1991_eatdis,study-foodpref_assay-foodq_data.csv,licorice_eat
1991_eatdis,study-foodpref_assay-foodq_data.csv,licorice_like
1991_eatdis,study-foodpref_assay-foodq_data.csv,lime_sherbet_eat
1991_eatdis,study-foodpref_assay-foodq_data.csv,lime_sherbet_like
1991_eatdis,study-foodpref_assay-foodq_data.csv,melba_toast_eat
1991_eatdis,study-foodpref_assay-foodq_data.csv,melba_toast_like
1991_eatdis,study-foodpref_assay-foodq_data.csv,onion_rings_eat
1991_eatdis,study-foodpref_assay-foodq_data.csv,onion_rings_like
1991_eatdis,study-foodpref_assay-foodq_data.csv,oranges_eat
1991_eatdis,study-foodpref_assay-foodq_data.csv,oranges_like
1991_eatdis,study-foodpref_assay-foodq_data.csv,peaches_eat
1991_eatdis,study-foodpref_assay-foodq_data.csv,peaches_like
1991_eatdis,study-foodpref_assay-foodq_data.csv,peanuts_eat
1991_eatdis,study-foodpref_assay-foodq_data.csv,peanuts_like
1991_eatdis,study-foodpref_assay-foodq_data.csv,pineapple_eat
1991_eatdis,study-foodpref_assay-foodq_data.csv,pineapple_like
1991_eatdis,study-foodpref_assay-foodq_data.csv,pizza_eat
1991_eatdis,study-foodpref_assay-foodq_data.csv,pizza_like
1991_eatdis,study-foodpref_assay-foodq_data.csv,popcorn_eat
1991_eatdis,study-foodpref_assay-foodq_data.csv,popcorn_like
1991_eatdis,study-foodpref_assay-foodq_data.csv,potato_chip_eat
1991_eatdis,study-foodpref_assay-foodq_data.csv,potato_chip_like
1991_eatdis,study-foodpref_assay-foodq_data.csv,rice_eat
1991_eatdis,study-foodpref_assay-foodq_data.csv,rice_like
1991_eatdis,study-foodpref_assay-foodq_data.csv,root_beer_eat
1991_eatdis,study-foodpref_assay-foodq_data.csv,root_beer_like
1991_eatdis,study-foodpref_assay-foodq_data.csv,salad_eat
1991_eatdis,study-foodpref_assay-foodq_data.csv,salad_like
1991_eatdis,study-foodpref_assay-foodq_data.csv,salmon_eat
1991_eatdis,study-foodpref_assay-foodq_data.csv,salmon_like
1991_eatdis,study-foodpref_assay-foodq_data.csv,skim_milk_eat
1991_eatdis,study-foodpref_assay-foodq_data.csv,skim_milk_like
1991_eatdis,study-foodpref_assay-foodq_data.csv,steak_eat
1991_eatdis,study-foodpref_assay-foodq_data.csv,steak_like
1991_eatdis,study-foodpref_assay-foodq_data.csv,strawberry_eat
1991_eatdis,study-foodpref_assay-foodq_data.csv,strawberry_like
1991_eatdis,study-foodpref_assay-foodq_data.csv,timepoint
1991_eatdis,study-foodpref_assay-foodq_data.csv,tuna_salad_eat
1991_eatdis,study-foodpref_assay-foodq_data.csv,tuna_salad_like
1991_eatdis,study-foodpref_assay-foodq_data.csv,turkey_eat
1991_eatdis,study-foodpref_assay-foodq_data.csv,turkey_like
1991_eatdis,study-foodpref_assay-foodq_data.csv,watermelon_eat
1991_eatdis,study-foodpref_assay-foodq_data.csv,watermelon_like
1991_eatdis,study-foodpref_assay-foodq_data.csv,wheat_bread_eat
1991_eatdis,study-foodpref_assay-foodq_data.csv,wheat_bread_like
1991_eatdis,study-foodpref_assay-foodq_data.csv,whole_milk_eat
1991_eatdis,study-foodpref_assay-foodq_data.csv,whole_milk_like
1991_eatdis,study-foodpref_assay-foodq_data.csv,wintergreen_candy_eat
1991_eatdis,study-foodpref_assay-foodq_data.csv,wintergreen_candy_like
1991_eatdis,study-foodpref_calc-foodinfo_data.csv,energy_density
1991_eatdis,study-foodpref_calc-foodinfo_data.csv,food
1991_eatdis,study-foodpref_calc-foodinfo_data.csv,high_cho
1991_eatdis,study-foodpref_calc-foodinfo_data.csv,high_fat
1991_eatdis,study-foodpref_calc-foodinfo_data.csv,low_cho
1991_eatdis,study-foodpref_calc-foodinfo_data.csv,low_fat
1991_eatdis,study-foodpref_calc-preference_data.csv,group
1991_eatdis,study-foodpref_calc-preference_data.csv,high_cal_eat
1991_eatdis,study-foodpref_calc-preference_data.csv,high_cal_like
1991_eatdis,study-foodpref_calc-preference_data.csv,high_cho_eat
1991_eatdis,study-foodpref_calc-preference_data.csv,high_cho_like
1991_eatdis,study-foodpref_calc-preference_data.csv,high_fat_eat
1991_eatdis,study-foodpref_calc-preference_data.csv,high_fat_like
1991_eatdis,study-foodpref_calc-preference_data.csv,id
1991_eatdis,study-foodpref_calc-preference_data.csv,low_cal_eat
1991_eatdis,study-foodpref_calc-preference_data.csv,low_cal_like
1991_eatdis,study-foodpref_calc-preference_data.csv,low_cho_eat
1991_eatdis,study-foodpref_calc-preference_data.csv,low_cho_like
1991_eatdis,study-foodpref_calc-preference_data.csv,low_fat_eat
1991_eatdis,study-foodpref_calc-preference_data.csv,low_fat_like
1991_eatdis,study-foodpref_calc-preference_data.csv,timepoint
1991_eatdis,study-smell_data.csv,age
1991_eatdis,study-smell_data.csv,cigs_day
1991_eatdis,study-smell_data.csv,group_anr_split
1991_eatdis,study-smell_data.csv,id
1991_eatdis,study-smell_data.csv,illness_dur
1991_eatdis,study-smell_data.csv,odor_threshold
1991_eatdis,study-smell_data.csv,perc_ideal_bw
1991_eatdis,study-smell_data.csv,smoke
1991_eatdis,study-smell_data.csv,timepoint
1991_eatdis,study-smell_data.csv,upsit
1991_eatdis,study-smell_data.csv,years_smoked
1991_eatdis_hourly,assay-vas_data.csv,anxious_10am
1991_eatdis_hourly,assay-vas_data.csv,anxious_10pm
1991_eatdis_hourly,assay-vas_data.csv,anxious_11am
1991_eatdis_hourly,assay-vas_data.csv,anxious_1pm
1991_eatdis_hourly,assay-vas_data.csv,anxious_2pm
1991_eatdis_hourly,assay-vas_data.csv,anxious_3pm
1991_eatdis_hourly,assay-vas_data.csv,anxious_4pm
1991_eatdis_hourly,assay-vas_data.csv,anxious_6pm
1991_eatdis_hourly,assay-vas_data.csv,anxious_7pm
1991_eatdis_hourly,assay-vas_data.csv,anxious_8pm
1991_eatdis_hourly,assay-vas_data.csv,anxious_9am
1991_eatdis_hourly,assay-vas_data.csv,anxious_9pm
1991_eatdis_hourly,assay-vas_data.csv,anxious_breakfast_post
1991_eatdis_hourly,assay-vas_data.csv,anxious_breakfast_pre
1991_eatdis_hourly,assay-vas_data.csv,anxious_dinner_post
1991_eatdis_hourly,assay-vas_data.csv,anxious_dinner_pre
1991_eatdis_hourly,assay-vas_data.csv,anxious_lunch_post
1991_eatdis_hourly,assay-vas_data.csv,anxious_lunch_pre
1991_eatdis_hourly,assay-vas_data.csv,binge_desire_10am
1991_eatdis_hourly,assay-vas_data.csv,binge_desire_10pm
1991_eatdis_hourly,assay-vas_data.csv,binge_desire_11am
1991_eatdis_hourly,assay-vas_data.csv,binge_desire_1pm
1991_eatdis_hourly,assay-vas_data.csv,binge_desire_2pm
1991_eatdis_hourly,assay-vas_data.csv,binge_desire_3pm
1991_eatdis_hourly,assay-vas_data.csv,binge_desire_4pm
1991_eatdis_hourly,assay-vas_data.csv,binge_desire_6pm
1991_eatdis_hourly,assay-vas_data.csv,binge_desire_7pm
1991_eatdis_hourly,assay-vas_data.csv,binge_desire_8pm
1991_eatdis_hourly,assay-vas_data.csv,binge_desire_9am
1991_eatdis_hourly,assay-vas_data.csv,binge_desire_9pm
1991_eatdis_hourly,assay-vas_data.csv,binge_desire_breakfast_post
1991_eatdis_hourly,assay-vas_data.csv,binge_desire_breakfast_pre
1991_eatdis_hourly,assay-vas_data.csv,binge_desire_dinner_post
1991_eatdis_hourly,assay-vas_data.csv,binge_desire_dinner_pre
1991_eatdis_hourly,assay-vas_data.csv,binge_desire_lunch_post
1991_eatdis_hourly,assay-vas_data.csv,binge_desire_lunch_pre
1991_eatdis_hourly,assay-vas_data.csv,depressed_10am
1991_eatdis_hourly,assay-vas_data.csv,depressed_10pm
1991_eatdis_hourly,assay-vas_data.csv,depressed_11am
1991_eatdis_hourly,assay-vas_data.csv,depressed_1pm
1991_eatdis_hourly,assay-vas_data.csv,depressed_2pm
1991_eatdis_hourly,assay-vas_data.csv,depressed_3pm
1991_eatdis_hourly,assay-vas_data.csv,depressed_4pm
1991_eatdis_hourly,assay-vas_data.csv,depressed_6pm
1991_eatdis_hourly,assay-vas_data.csv,depressed_7pm
1991_eatdis_hourly,assay-vas_data.csv,depressed_8pm
1991_eatdis_hourly,assay-vas_data.csv,depressed_9am
1991_eatdis_hourly,assay-vas_data.csv,depressed_9pm
1991_eatdis_hourly,assay-vas_data.csv,depressed_breakfast_post
1991_eatdis_hourly,assay-vas_data.csv,depressed_breakfast_pre
1991_eatdis_hourly,assay-vas_data.csv,depressed_dinner_post
1991_eatdis_hourly,assay-vas_data.csv,depressed_dinner_pre
1991_eatdis_hourly,assay-vas_data.csv,depressed_lunch_post
1991_eatdis_hourly,assay-vas_data.csv,depressed_lunch_pre
1991_eatdis_hourly,assay-vas_data.csv,fear_fat_10am
1991_eatdis_hourly,assay-vas_data.csv,fear_fat_10pm
1991_eatdis_hourly,assay-vas_data.csv,fear_fat_11am
1991_eatdis_hourly,assay-vas_data.csv,fear_fat_1pm
1991_eatdis_hourly,assay-vas_data.csv,fear_fat_2pm
1991_eatdis_hourly,assay-vas_data.csv,fear_fat_3pm
1991_eatdis_hourly,assay-vas_data.csv,fear_fat_4pm
1991_eatdis_hourly,assay-vas_data.csv,fear_fat_6pm
1991_eatdis_hourly,assay-vas_data.csv,fear_fat_7pm
1991_eatdis_hourly,assay-vas_data.csv,fear_fat_8pm
1991_eatdis_hourly,assay-vas_data.csv,fear_fat_9am
1991_eatdis_hourly,assay-vas_data.csv,fear_fat_9pm
1991_eatdis_hourly,assay-vas_data.csv,fear_fat_breakfast_post
1991_eatdis_hourly,assay-vas_data.csv,fear_fat_breakfast_pre
1991_eatdis_hourly,assay-vas_data.csv,fear_fat_dinner_post
1991_eatdis_hourly,assay-vas_data.csv,fear_fat_dinner_pre
1991_eatdis_hourly,assay-vas_data.csv,fear_fat_lunch_post
1991_eatdis_hourly,assay-vas_data.csv,fear_fat_lunch_pre
1991_eatdis_hourly,assay-vas_data.csv,fullness_10am
1991_eatdis_hourly,assay-vas_data.csv,fullness_10pm
1991_eatdis_hourly,assay-vas_data.csv,fullness_11am
1991_eatdis_hourly,assay-vas_data.csv,fullness_1pm
1991_eatdis_hourly,assay-vas_data.csv,fullness_2pm
1991_eatdis_hourly,assay-vas_data.csv,fullness_3pm
1991_eatdis_hourly,assay-vas_data.csv,fullness_4pm
1991_eatdis_hourly,assay-vas_data.csv,fullness_6pm
1991_eatdis_hourly,assay-vas_data.csv,fullness_7pm
1991_eatdis_hourly,assay-vas_data.csv,fullness_8pm
1991_eatdis_hourly,assay-vas_data.csv,fullness_9am
1991_eatdis_hourly,assay-vas_data.csv,fullness_9pm
1991_eatdis_hourly,assay-vas_data.csv,fullness_breakfast_post
1991_eatdis_hourly,assay-vas_data.csv,fullness_breakfast_pre
1991_eatdis_hourly,assay-vas_data.csv,fullness_dinner_post
1991_eatdis_hourly,assay-vas_data.csv,fullness_dinner_pre
1991_eatdis_hourly,assay-vas_data.csv,fullness_lunch_post
1991_eatdis_hourly,assay-vas_data.csv,fullness_lunch_pre
1991_eatdis_hourly,assay-vas_data.csv,group
1991_eatdis_hourly,assay-vas_data.csv,hunger_10am
1991_eatdis_hourly,assay-vas_data.csv,hunger_10pm
1991_eatdis_hourly,assay-vas_data.csv,hunger_11am
1991_eatdis_hourly,assay-vas_data.csv,hunger_1pm
1991_eatdis_hourly,assay-vas_data.csv,hunger_2pm
1991_eatdis_hourly,assay-vas_data.csv,hunger_3pm
1991_eatdis_hourly,assay-vas_data.csv,hunger_4pm
1991_eatdis_hourly,assay-vas_data.csv,hunger_6pm
1991_eatdis_hourly,assay-vas_data.csv,hunger_7pm
1991_eatdis_hourly,assay-vas_data.csv,hunger_8pm
1991_eatdis_hourly,assay-vas_data.csv,hunger_9am
1991_eatdis_hourly,assay-vas_data.csv,hunger_9pm
1991_eatdis_hourly,assay-vas_data.csv,hunger_breakfast_post
1991_eatdis_hourly,assay-vas_data.csv,hunger_breakfast_pre
1991_eatdis_hourly,assay-vas_data.csv,hunger_dinner_post
1991_eatdis_hourly,assay-vas_data.csv,hunger_dinner_pre
1991_eatdis_hourly,assay-vas_data.csv,hunger_lunch_post
1991_eatdis_hourly,assay-vas_data.csv,hunger_lunch_pre
1991_eatdis_hourly,assay-vas_data.csv,id
1991_eatdis_hourly,assay-vas_data.csv,purge_desire_10am
1991_eatdis_hourly,assay-vas_data.csv,purge_desire_10pm
1991_eatdis_hourly,assay-vas_data.csv,purge_desire_11am
1991_eatdis_hourly,assay-vas_data.csv,purge_desire_1pm
1991_eatdis_hourly,assay-vas_data.csv,purge_desire_2pm
1991_eatdis_hourly,assay-vas_data.csv,purge_desire_3pm
1991_eatdis_hourly,assay-vas_data.csv,purge_desire_4pm
1991_eatdis_hourly,assay-vas_data.csv,purge_desire_6pm
1991_eatdis_hourly,assay-vas_data.csv,purge_desire_7pm
1991_eatdis_hourly,assay-vas_data.csv,purge_desire_8pm
1991_eatdis_hourly,assay-vas_data.csv,purge_desire_9am
1991_eatdis_hourly,assay-vas_data.csv,purge_desire_9pm
1991_eatdis_hourly,assay-vas_data.csv,purge_desire_breakfast_post
1991_eatdis_hourly,assay-vas_data.csv,purge_desire_breakfast_pre
1991_eatdis_hourly,assay-vas_data.csv,purge_desire_dinner_post
1991_eatdis_hourly,assay-vas_data.csv,purge_desire_dinner_pre
1991_eatdis_hourly,assay-vas_data.csv,purge_desire_lunch_post
1991_eatdis_hourly,assay-vas_data.csv,purge_desire_lunch_pre
1991_eatdis_hourly,assay-vas_data.csv,thirst_10am
1991_eatdis_hourly,assay-vas_data.csv,thirst_10pm
1991_eatdis_hourly,assay-vas_data.csv,thirst_11am
1991_eatdis_hourly,assay-vas_data.csv,thirst_1pm
1991_eatdis_hourly,assay-vas_data.csv,thirst_2pm
1991_eatdis_hourly,assay-vas_data.csv,thirst_3pm
1991_eatdis_hourly,assay-vas_data.csv,thirst_4pm
1991_eatdis_hourly,assay-vas_data.csv,thirst_6pm
1991_eatdis_hourly,assay-vas_data.csv,thirst_7pm
1991_eatdis_hourly,assay-vas_data.csv,thirst_8pm
1991_eatdis_hourly,assay-vas_data.csv,thirst_9am
1991_eatdis_hourly,assay-vas_data.csv,thirst_9pm
1991_eatdis_hourly,assay-vas_data.csv,thirst_breakfast_post
1991_eatdis_hourly,assay-vas_data.csv,thirst_breakfast_pre
1991_eatdis_hourly,assay-vas_data.csv,thirst_dinner_post
1991_eatdis_hourly,assay-vas_data.csv,thirst_dinner_pre
1991_eatdis_hourly,assay-vas_data.csv,thirst_lunch_post
1991_eatdis_hourly,assay-vas_data.csv,thirst_lunch_pre
1991_eatdis_hourly,assay-vas_data.csv,week
1991_eatdis_yogurt,assay-intake_data.csv,cho_cal_apple
1991_eatdis_yogurt,assay-intake_data.csv,cho_cal_bread
1991_eatdis_yogurt,assay-intake_data.csv,cho_cal_cheese
1991_eatdis_yogurt,assay-intake_data.csv,cho_cal_chips
1991_eatdis_yogurt,assay-intake_data.csv,cho_cal_cucumber
1991_eatdis_yogurt,assay-intake_data.csv,cho_cal_dressing
1991_eatdis_yogurt,assay-intake_data.csv,cho_cal_icecream
1991_eatdis_yogurt,assay-intake_data.csv,cho_cal_lc_dressing
1991_eatdis_yogurt,assay-intake_data.csv,cho_cal_lettuce
1991_eatdis_yogurt,assay-intake_data.csv,cho_cal_mayo
1991_eatdis_yogurt,assay-intake_data.csv,cho_cal_mms
1991_eatdis_yogurt,assay-intake_data.csv,cho_cal_mustard
1991_eatdis_yogurt,assay-intake_data.csv,cho_cal_pizza
1991_eatdis_yogurt,assay-intake_data.csv,cho_cal_sorbet
1991_eatdis_yogurt,assay-intake_data.csv,cho_cal_tomato
1991_eatdis_yogurt,assay-intake_data.csv,cho_cal_turkey
1991_eatdis_yogurt,assay-intake_data.csv,cho_g_apple
1991_eatdis_yogurt,assay-intake_data.csv,cho_g_bread
1991_eatdis_yogurt,assay-intake_data.csv,cho_g_cheese
1991_eatdis_yogurt,assay-intake_data.csv,cho_g_chips
1991_eatdis_yogurt,assay-intake_data.csv,cho_g_cucumber
1991_eatdis_yogurt,assay-intake_data.csv,cho_g_dressing
1991_eatdis_yogurt,assay-intake_data.csv,cho_g_icecream
1991_eatdis_yogurt,assay-intake_data.csv,cho_g_lc_dressing
1991_eatdis_yogurt,assay-intake_data.csv,cho_g_lettuce
1991_eatdis_yogurt,assay-intake_data.csv,cho_g_mayo
1991_eatdis_yogurt,assay-intake_data.csv,cho_g_mms
1991_eatdis_yogurt,assay-intake_data.csv,cho_g_mustard
1991_eatdis_yogurt,assay-intake_data.csv,cho_g_pizza
1991_eatdis_yogurt,assay-intake_data.csv,cho_g_sorbet
1991_eatdis_yogurt,assay-intake_data.csv,cho_g_tomato
1991_eatdis_yogurt,assay-intake_data.csv,cho_g_turkey
1991_eatdis_yogurt,assay-intake_data.csv,condition
1991_eatdis_yogurt,assay-intake_data.csv,fat_cal_apple
1991_eatdis_yogurt,assay-intake_data.csv,fat_cal_bread
1991_eatdis_yogurt,assay-intake_data.csv,fat_cal_cheese
1991_eatdis_yogurt,assay-intake_data.csv,fat_cal_chips
1991_eatdis_yogurt,assay-intake_data.csv,fat_cal_cucumber
1991_eatdis_yogurt,assay-intake_data.csv,fat_cal_dressing
1991_eatdis_yogurt,assay-intake_data.csv,fat_cal_icecream
1991_eatdis_yogurt,assay-intake_data.csv,fat_cal_lc_dressing
1991_eatdis_yogurt,assay-intake_data.csv,fat_cal_lettuce
1991_eatdis_yogurt,assay-intake_data.csv,fat_cal_mayo
1991_eatdis_yogurt,assay-intake_data.csv,fat_cal_mms
1991_eatdis_yogurt,assay-intake_data.csv,fat_cal_mustard
1991_eatdis_yogurt,assay-intake_data.csv,fat_cal_pizza
1991_eatdis_yogurt,assay-intake_data.csv,fat_cal_sorbet
1991_eatdis_yogurt,assay-intake_data.csv,fat_cal_tomato
1991_eatdis_yogurt,assay-intake_data.csv,fat_cal_turkey
1991_eatdis_yogurt,assay-intake_data.csv,fat_g_apple
1991_eatdis_yogurt,assay-intake_data.csv,fat_g_bread
1991_eatdis_yogurt,assay-intake_data.csv,fat_g_cheese
1991_eatdis_yogurt,assay-intake_data.csv,fat_g_chips
1991_eatdis_yogurt,assay-intake_data.csv,fat_g_cucumber
1991_eatdis_yogurt,assay-intake_data.csv,fat_g_dressing
1991_eatdis_yogurt,assay-intake_data.csv,fat_g_icecream
1991_eatdis_yogurt,assay-intake_data.csv,fat_g_lc_dressing
1991_eatdis_yogurt,assay-intake_data.csv,fat_g_lettuce
1991_eatdis_yogurt,assay-intake_data.csv,fat_g_mayo
1991_eatdis_yogurt,assay-intake_data.csv,fat_g_mms
1991_eatdis_yogurt,assay-intake_data.csv,fat_g_mustard
1991_eatdis_yogurt,assay-intake_data.csv,fat_g_pizza
1991_eatdis_yogurt,assay-intake_data.csv,fat_g_sorbet
1991_eatdis_yogurt,assay-intake_data.csv,fat_g_tomato
1991_eatdis_yogurt,assay-intake_data.csv,fat_g_turkey
1991_eatdis_yogurt,assay-intake_data.csv,group
1991_eatdis_yogurt,assay-intake_data.csv,h2o
1991_eatdis_yogurt,assay-intake_data.csv,high_ed_cal
1991_eatdis_yogurt,assay-intake_data.csv,high_ed_g
1991_eatdis_yogurt,assay-intake_data.csv,id
1991_eatdis_yogurt,assay-intake_data.csv,kcal_apple
1991_eatdis_yogurt,assay-intake_data.csv,kcal_bread
1991_eatdis_yogurt,assay-intake_data.csv,kcal_cheese
1991_eatdis_yogurt,assay-intake_data.csv,kcal_chips
1991_eatdis_yogurt,assay-intake_data.csv,kcal_cucumber
1991_eatdis_yogurt,assay-intake_data.csv,kcal_dressing
1991_eatdis_yogurt,assay-intake_data.csv,kcal_icecream
1991_eatdis_yogurt,assay-intake_data.csv,kcal_lc_dressing
1991_eatdis_yogurt,assay-intake_data.csv,kcal_lettuce
1991_eatdis_yogurt,assay-intake_data.csv,kcal_mayo
1991_eatdis_yogurt,assay-intake_data.csv,kcal_mms
1991_eatdis_yogurt,assay-intake_data.csv,kcal_mustard
1991_eatdis_yogurt,assay-intake_data.csv,kcal_pizza
1991_eatdis_yogurt,assay-intake_data.csv,kcal_sorbet
1991_eatdis_yogurt,assay-intake_data.csv,kcal_tomato
1991_eatdis_yogurt,assay-intake_data.csv,kcal_turkey
1991_eatdis_yogurt,assay-intake_data.csv,low_ed_cal
1991_eatdis_yogurt,assay-intake_data.csv,low_ed_g
1991_eatdis_yogurt,assay-intake_data.csv,meal_cal
1991_eatdis_yogurt,assay-intake_data.csv,meal_cho_cal
1991_eatdis_yogurt,assay-intake_data.csv,meal_cho_g
1991_eatdis_yogurt,assay-intake_data.csv,meal_fat_cal
1991_eatdis_yogurt,assay-intake_data.csv,meal_fat_g
1991_eatdis_yogurt,assay-intake_data.csv,meal_g
1991_eatdis_yogurt,assay-intake_data.csv,meal_pro_cal
1991_eatdis_yogurt,assay-intake_data.csv,meal_pro_g
1991_eatdis_yogurt,assay-intake_data.csv,perc_cho_cal
1991_eatdis_yogurt,assay-intake_data.csv,perc_fat_cal
1991_eatdis_yogurt,assay-intake_data.csv,perc_pro_cal
1991_eatdis_yogurt,assay-intake_data.csv,pro_cal_apple
1991_eatdis_yogurt,assay-intake_data.csv,pro_cal_bread
1991_eatdis_yogurt,assay-intake_data.csv,pro_cal_cheese
1991_eatdis_yogurt,assay-intake_data.csv,pro_cal_chips
1991_eatdis_yogurt,assay-intake_data.csv,pro_cal_cucumber
1991_eatdis_yogurt,assay-intake_data.csv,pro_cal_dressing
1991_eatdis_yogurt,assay-intake_data.csv,pro_cal_icecream
1991_eatdis_yogurt,assay-intake_data.csv,pro_cal_lc_dressing
1991_eatdis_yogurt,assay-intake_data.csv,pro_cal_lettuce
1991_eatdis_yogurt,assay-intake_data.csv,pro_cal_mayo
1991_eatdis_yogurt,assay-intake_data.csv,pro_cal_mms
1991_eatdis_yogurt,assay-intake_data.csv,pro_cal_mustard
1991_eatdis_yogurt,assay-intake_data.csv,pro_cal_pizza
1991_eatdis_yogurt,assay-intake_data.csv,pro_cal_sorbet
1991_eatdis_yogurt,assay-intake_data.csv,pro_cal_tomato
1991_eatdis_yogurt,assay-intake_data.csv,pro_cal_turkey
1991_eatdis_yogurt,assay-intake_data.csv,pro_g_apple
1991_eatdis_yogurt,assay-intake_data.csv,pro_g_bread
1991_eatdis_yogurt,assay-intake_data.csv,pro_g_cheese
1991_eatdis_yogurt,assay-intake_data.csv,pro_g_chips
1991_eatdis_yogurt,assay-intake_data.csv,pro_g_cucumber
1991_eatdis_yogurt,assay-intake_data.csv,pro_g_dressing
1991_eatdis_yogurt,assay-intake_data.csv,pro_g_icecream
1991_eatdis_yogurt,assay-intake_data.csv,pro_g_lc_dressing
1991_eatdis_yogurt,assay-intake_data.csv,pro_g_lettuce
1991_eatdis_yogurt,assay-intake_data.csv,pro_g_mayo
1991_eatdis_yogurt,assay-intake_data.csv,pro_g_mms
1991_eatdis_yogurt,assay-intake_data.csv,pro_g_mustard
1991_eatdis_yogurt,assay-intake_data.csv,pro_g_pizza
1991_eatdis_yogurt,assay-intake_data.csv,pro_g_sorbet
1991_eatdis_yogurt,assay-intake_data.csv,pro_g_tomato
1991_eatdis_yogurt,assay-intake_data.csv,pro_g_turkey
1991_eatdis_yogurt,assay-intake_data.csv,session
1991_eatdis_yogurt,assay-intake_data.csv,time
1991_eatdis_yogurt,assay-intake_data.csv,total_cal
1991_eatdis_yogurt,assay-intake_data.csv,total_cho_cal
1991_eatdis_yogurt,assay-intake_data.csv,total_cho_g
1991_eatdis_yogurt,assay-intake_data.csv,total_fat_cal
1991_eatdis_yogurt,assay-intake_data.csv,total_fat_g
1991_eatdis_yogurt,assay-intake_data.csv,total_perc_cho_cal
1991_eatdis_yogurt,assay-intake_data.csv,total_perc_fat_cal
1991_eatdis_yogurt,assay-intake_data.csv,total_perc_pro_cal
1991_eatdis_yogurt,assay-intake_data.csv,total_pro_cal
1991_eatdis_yogurt,assay-intake_data.csv,total_pro_g
1991_eatdis_yogurt,assay-intake_data.csv,yogurt_cal
1991_eatdis_yogurt,assay-intake_data.csv,yogurt_cho_cal
1991_eatdis_yogurt,assay-intake_data.csv,yogurt_cho_g
1991_eatdis_yogurt,assay-intake_data.csv,yogurt_creaminess
1991_eatdis_yogurt,assay-intake_data.csv,yogurt_desire_eat
1991_eatdis_yogurt,assay-intake_data.csv,yogurt_fat_cal
1991_eatdis_yogurt,assay-intake_data.csv,yogurt_fat_g
1991_eatdis_yogurt,assay-intake_data.csv,yogurt_fattiness
1991_eatdis_yogurt,assay-intake_data.csv,yogurt_fruitiness
1991_eatdis_yogurt,assay-intake_data.csv,yogurt_g
1991_eatdis_yogurt,assay-intake_data.csv,yogurt_much_eat
1991_eatdis_yogurt,assay-intake_data.csv,yogurt_pleasant
1991_eatdis_yogurt,assay-intake_data.csv,yogurt_pro_cal
1991_eatdis_yogurt,assay-intake_data.csv,yogurt_pro_g
1991_eatdis_yogurt,assay-intake_data.csv,yogurt_subj_cal
1991_eatdis_yogurt,assay-intake_data.csv,yogurt_subj_cho
1991_eatdis_yogurt,assay-intake_data.csv,yogurt_sweetness
1991_eatdis_yogurt,assay-vas_dat.csv,alert
1991_eatdis_yogurt,assay-vas_dat.csv,binge_desire
1991_eatdis_yogurt,assay-vas_dat.csv,bloated
1991_eatdis_yogurt,assay-vas_dat.csv,condition
1991_eatdis_yogurt,assay-vas_dat.csv,content
1991_eatdis_yogurt,assay-vas_dat.csv,depressed
1991_eatdis_yogurt,assay-vas_dat.csv,desire_eat
1991_eatdis_yogurt,assay-vas_dat.csv,fear_fat
1991_eatdis_yogurt,assay-vas_dat.csv,fullness
1991_eatdis_yogurt,assay-vas_dat.csv,group
1991_eatdis_yogurt,assay-vas_dat.csv,guilt
1991_eatdis_yogurt,assay-vas_dat.csv,hunger
1991_eatdis_yogurt,assay-vas_dat.csv,id
1991_eatdis_yogurt,assay-vas_dat.csv,much_eat
1991_eatdis_yogurt,assay-vas_dat.csv,nausea
1991_eatdis_yogurt,assay-vas_dat.csv,purge_desire
1991_eatdis_yogurt,assay-vas_dat.csv,session
1991_eatdis_yogurt,assay-vas_dat.csv,thirst
1991_eatdis_yogurt,assay-vas_dat.csv,time
1991_ivig_preload,assay-demo_data.csv,age
1991_ivig_preload,assay-demo_data.csv,bmi
1991_ivig_preload,assay-demo_data.csv,eat
1991_ivig_preload,assay-demo_data.csv,ei
1991_ivig_preload,assay-demo_data.csv,height_cm
1991_ivig_preload,assay-demo_data.csv,height_in
1991_ivig_preload,assay-demo_data.csv,id
1991_ivig_preload,assay-demo_data.csv,perc_ideal_bw
1991_ivig_preload,assay-demo_data.csv,weight
1991_ivig_preload,assay-demo_data.csv,zung
1991_ivig_preload,exp-ivig_assay-cck_data.csv,cck
1991_ivig_preload,exp-ivig_assay-cck_data.csv,cond
1991_ivig_preload,exp-ivig_assay-cck_data.csv,id
1991_ivig_preload,exp-ivig_assay-cck_data.csv,time
1991_ivig_preload,exp-ivig_assay-dinner_data.csv,chicken_cal
1991_ivig_preload,exp-ivig_assay-dinner_data.csv,chicken_cho_g
1991_ivig_preload,exp-ivig_assay-dinner_data.csv,chicken_fat_g
1991_ivig_preload,exp-ivig_assay-dinner_data.csv,chicken_g
1991_ivig_preload,exp-ivig_assay-dinner_data.csv,chicken_pro_g
1991_ivig_preload,exp-ivig_assay-dinner_data.csv,cond
1991_ivig_preload,exp-ivig_assay-dinner_data.csv,cookie_cal
1991_ivig_preload,exp-ivig_assay-dinner_data.csv,cookie_cho_g
1991_ivig_preload,exp-ivig_assay-dinner_data.csv,cookie_fat_g
1991_ivig_preload,exp-ivig_assay-dinner_data.csv,cookie_g
1991_ivig_preload,exp-ivig_assay-dinner_data.csv,cookie_pro_g
1991_ivig_preload,exp-ivig_assay-dinner_data.csv,dinner_cal
1991_ivig_preload,exp-ivig_assay-dinner_data.csv,dinner_cho_cal
1991_ivig_preload,exp-ivig_assay-dinner_data.csv,dinner_cho_g
1991_ivig_preload,exp-ivig_assay-dinner_data.csv,dinner_fat_cal
1991_ivig_preload,exp-ivig_assay-dinner_data.csv,dinner_fat_g
1991_ivig_preload,exp-ivig_assay-dinner_data.csv,dinner_perc_cho_cal
1991_ivig_preload,exp-ivig_assay-dinner_data.csv,dinner_perc_fat_cal
1991_ivig_preload,exp-ivig_assay-dinner_data.csv,dinner_perc_pro_cal
1991_ivig_preload,exp-ivig_assay-dinner_data.csv,dinner_pro_cal
1991_ivig_preload,exp-ivig_assay-dinner_data.csv,dinner_pro_g
1991_ivig_preload,exp-ivig_assay-dinner_data.csv,fatfree_pudding_cal
1991_ivig_preload,exp-ivig_assay-dinner_data.csv,fatfree_pudding_cho_g
1991_ivig_preload,exp-ivig_assay-dinner_data.csv,fatfree_pudding_fat_g
1991_ivig_preload,exp-ivig_assay-dinner_data.csv,fatfree_pudding_g
1991_ivig_preload,exp-ivig_assay-dinner_data.csv,fatfree_pudding_pro_g
1991_ivig_preload,exp-ivig_assay-dinner_data.csv,gravy_cal
1991_ivig_preload,exp-ivig_assay-dinner_data.csv,gravy_cho_g
1991_ivig_preload,exp-ivig_assay-dinner_data.csv,gravy_fat_g
1991_ivig_preload,exp-ivig_assay-dinner_data.csv,gravy_g
1991_ivig_preload,exp-ivig_assay-dinner_data.csv,gravy_pro_g
1991_ivig_preload,exp-ivig_assay-dinner_data.csv,group
1991_ivig_preload,exp-ivig_assay-dinner_data.csv,id
1991_ivig_preload,exp-ivig_assay-dinner_data.csv,light_gravy_cal
1991_ivig_preload,exp-ivig_assay-dinner_data.csv,light_gravy_cho_g
1991_ivig_preload,exp-ivig_assay-dinner_data.csv,light_gravy_fat_g
1991_ivig_preload,exp-ivig_assay-dinner_data.csv,light_gravy_g
1991_ivig_preload,exp-ivig_assay-dinner_data.csv,light_gravy_pro_g
1991_ivig_preload,exp-ivig_assay-dinner_data.csv,margarine_cal
1991_ivig_preload,exp-ivig_assay-dinner_data.csv,margarine_cho_g
1991_ivig_preload,exp-ivig_assay-dinner_data.csv,margarine_fat_g
1991_ivig_preload,exp-ivig_assay-dinner_data.csv,margarine_g
1991_ivig_preload,exp-ivig_assay-dinner_data.csv,margarine_pro_g
1991_ivig_preload,exp-ivig_assay-dinner_data.csv,peas_cal
1991_ivig_preload,exp-ivig_assay-dinner_data.csv,peas_cho_g
1991_ivig_preload,exp-ivig_assay-dinner_data.csv,peas_fat_g
1991_ivig_preload,exp-ivig_assay-dinner_data.csv,peas_g
1991_ivig_preload,exp-ivig_assay-dinner_data.csv,peas_pro_g
1991_ivig_preload,exp-ivig_assay-dinner_data.csv,pudding_cal
1991_ivig_preload,exp-ivig_assay-dinner_data.csv,pudding_cho_g
1991_ivig_preload,exp-ivig_assay-dinner_data.csv,pudding_fat_g
1991_ivig_preload,exp-ivig_assay-dinner_data.csv,pudding_g
1991_ivig_preload,exp-ivig_assay-dinner_data.csv,pudding_pro_g
1991_ivig_preload,exp-ivig_assay-dinner_data.csv,rice_cal
1991_ivig_preload,exp-ivig_assay-dinner_data.csv,rice_cho_g
1991_ivig_preload,exp-ivig_assay-dinner_data.csv,rice_fat_g
1991_ivig_preload,exp-ivig_assay-dinner_data.csv,rice_g
1991_ivig_preload,exp-ivig_assay-dinner_data.csv,rice_pro_g
1991_ivig_preload,exp-ivig_assay-dinner_data.csv,roll_cal
1991_ivig_preload,exp-ivig_assay-dinner_data.csv,roll_cho_g
1991_ivig_preload,exp-ivig_assay-dinner_data.csv,roll_fat_g
1991_ivig_preload,exp-ivig_assay-dinner_data.csv,roll_g
1991_ivig_preload,exp-ivig_assay-dinner_data.csv,roll_pro_g
1991_ivig_preload,exp-ivig_assay-dinner_data.csv,session
1991_ivig_preload,exp-ivig_assay-dinner_data.csv,time
1991_ivig_preload,exp-ivig_assay-dinner_data.csv,water_g
1991_ivig_preload,exp-ivig_assay-lunch_data.csv,apple_cal
1991_ivig_preload,exp-ivig_assay-lunch_data.csv,apple_cho_g
1991_ivig_preload,exp-ivig_assay-lunch_data.csv,apple_fat_g
1991_ivig_preload,exp-ivig_assay-lunch_data.csv,apple_g
1991_ivig_preload,exp-ivig_assay-lunch_data.csv,apple_pro_g
1991_ivig_preload,exp-ivig_assay-lunch_data.csv,bread_cal
1991_ivig_preload,exp-ivig_assay-lunch_data.csv,bread_cho_g
1991_ivig_preload,exp-ivig_assay-lunch_data.csv,bread_fat_g
1991_ivig_preload,exp-ivig_assay-lunch_data.csv,bread_g
1991_ivig_preload,exp-ivig_assay-lunch_data.csv,bread_pro_g
1991_ivig_preload,exp-ivig_assay-lunch_data.csv,cheese_cal
1991_ivig_preload,exp-ivig_assay-lunch_data.csv,cheese_cho_g
1991_ivig_preload,exp-ivig_assay-lunch_data.csv,cheese_fat_g
1991_ivig_preload,exp-ivig_assay-lunch_data.csv,cheese_g
1991_ivig_preload,exp-ivig_assay-lunch_data.csv,cheese_pro_g
1991_ivig_preload,exp-ivig_assay-lunch_data.csv,chips_cal
1991_ivig_preload,exp-ivig_assay-lunch_data.csv,chips_cho_g
1991_ivig_preload,exp-ivig_assay-lunch_data.csv,chips_fat_g
1991_ivig_preload,exp-ivig_assay-lunch_data.csv,chips_g
1991_ivig_preload,exp-ivig_assay-lunch_data.csv,chips_pro_g
1991_ivig_preload,exp-ivig_assay-lunch_data.csv,cond
1991_ivig_preload,exp-ivig_assay-lunch_data.csv,cucumber_cal
1991_ivig_preload,exp-ivig_assay-lunch_data.csv,cucumber_cho_g
1991_ivig_preload,exp-ivig_assay-lunch_data.csv,cucumber_fat_g
1991_ivig_preload,exp-ivig_assay-lunch_data.csv,cucumber_g
1991_ivig_preload,exp-ivig_assay-lunch_data.csv,cucumber_pro_g
1991_ivig_preload,exp-ivig_assay-lunch_data.csv,dressing_cal
1991_ivig_preload,exp-ivig_assay-lunch_data.csv,dressing_cho_g
1991_ivig_preload,exp-ivig_assay-lunch_data.csv,dressing_fat_g
1991_ivig_preload,exp-ivig_assay-lunch_data.csv,dressing_g
1991_ivig_preload,exp-ivig_assay-lunch_data.csv,dressing_pro_g
1991_ivig_preload,exp-ivig_assay-lunch_data.csv,group
1991_ivig_preload,exp-ivig_assay-lunch_data.csv,icecream_cal
1991_ivig_preload,exp-ivig_assay-lunch_data.csv,icecream_cho_g
1991_ivig_preload,exp-ivig_assay-lunch_data.csv,icecream_fat_g
1991_ivig_preload,exp-ivig_assay-lunch_data.csv,icecream_g
1991_ivig_preload,exp-ivig_assay-lunch_data.csv,icecream_pro_g
1991_ivig_preload,exp-ivig_assay-lunch_data.csv,id
1991_ivig_preload,exp-ivig_assay-lunch_data.csv,lc_dressing_cal
1991_ivig_preload,exp-ivig_assay-lunch_data.csv,lc_dressing_cho_g
1991_ivig_preload,exp-ivig_assay-lunch_data.csv,lc_dressing_fat_g
1991_ivig_preload,exp-ivig_assay-lunch_data.csv,lc_dressing_g
1991_ivig_preload,exp-ivig_assay-lunch_data.csv,lc_dressing_pro_g
1991_ivig_preload,exp-ivig_assay-lunch_data.csv,lettuce_cal
1991_ivig_preload,exp-ivig_assay-lunch_data.csv,lettuce_cho_g
1991_ivig_preload,exp-ivig_assay-lunch_data.csv,lettuce_fat_g
1991_ivig_preload,exp-ivig_assay-lunch_data.csv,lettuce_g
1991_ivig_preload,exp-ivig_assay-lunch_data.csv,lettuce_pro_g
1991_ivig_preload,exp-ivig_assay-lunch_data.csv,lunch_cal
1991_ivig_preload,exp-ivig_assay-lunch_data.csv,lunch_cho_cal
1991_ivig_preload,exp-ivig_assay-lunch_data.csv,lunch_cho_g
1991_ivig_preload,exp-ivig_assay-lunch_data.csv,lunch_fat_cal
1991_ivig_preload,exp-ivig_assay-lunch_data.csv,lunch_fat_g
1991_ivig_preload,exp-ivig_assay-lunch_data.csv,lunch_perc_cho_cal
1991_ivig_preload,exp-ivig_assay-lunch_data.csv,lunch_perc_fat_cal
1991_ivig_preload,exp-ivig_assay-lunch_data.csv,lunch_perc_pro_cal
1991_ivig_preload,exp-ivig_assay-lunch_data.csv,lunch_pro_cal
1991_ivig_preload,exp-ivig_assay-lunch_data.csv,lunch_pro_g
1991_ivig_preload,exp-ivig_assay-lunch_data.csv,mayo_cal
1991_ivig_preload,exp-ivig_assay-lunch_data.csv,mayo_cho_g
1991_ivig_preload,exp-ivig_assay-lunch_data.csv,mayo_fat_g
1991_ivig_preload,exp-ivig_assay-lunch_data.csv,mayo_g
1991_ivig_preload,exp-ivig_assay-lunch_data.csv,mayo_pro_g
1991_ivig_preload,exp-ivig_assay-lunch_data.csv,milk_cal
1991_ivig_preload,exp-ivig_assay-lunch_data.csv,milk_cho_g
1991_ivig_preload,exp-ivig_assay-lunch_data.csv,milk_fat_g
1991_ivig_preload,exp-ivig_assay-lunch_data.csv,milk_g
1991_ivig_preload,exp-ivig_assay-lunch_data.csv,milk_pro_g
1991_ivig_preload,exp-ivig_assay-lunch_data.csv,mustard_cal
1991_ivig_preload,exp-ivig_assay-lunch_data.csv,mustard_cho_g
1991_ivig_preload,exp-ivig_assay-lunch_data.csv,mustard_fat_g
1991_ivig_preload,exp-ivig_assay-lunch_data.csv,mustard_g
1991_ivig_preload,exp-ivig_assay-lunch_data.csv,mustard_pro_g
1991_ivig_preload,exp-ivig_assay-lunch_data.csv,pretzel_cal
1991_ivig_preload,exp-ivig_assay-lunch_data.csv,pretzel_cho_g
1991_ivig_preload,exp-ivig_assay-lunch_data.csv,pretzel_fat_g
1991_ivig_preload,exp-ivig_assay-lunch_data.csv,pretzel_g
1991_ivig_preload,exp-ivig_assay-lunch_data.csv,pretzel_pro_g
1991_ivig_preload,exp-ivig_assay-lunch_data.csv,session
1991_ivig_preload,exp-ivig_assay-lunch_data.csv,sorbet_cal
1991_ivig_preload,exp-ivig_assay-lunch_data.csv,sorbet_cho_g
1991_ivig_preload,exp-ivig_assay-lunch_data.csv,sorbet_fat_g
1991_ivig_preload,exp-ivig_assay-lunch_data.csv,sorbet_g
1991_ivig_preload,exp-ivig_assay-lunch_data.csv,sorbet_pro_g
1991_ivig_preload,exp-ivig_assay-lunch_data.csv,time
1991_ivig_preload,exp-ivig_assay-lunch_data.csv,tomato_cal
1991_ivig_preload,exp-ivig_assay-lunch_data.csv,tomato_cho_g
1991_ivig_preload,exp-ivig_assay-lunch_data.csv,tomato_fat_g
1991_ivig_preload,exp-ivig_assay-lunch_data.csv,tomato_g
1991_ivig_preload,exp-ivig_assay-lunch_data.csv,tomato_pro_g
1991_ivig_preload,exp-ivig_assay-lunch_data.csv,tuna_salad_cal
1991_ivig_preload,exp-ivig_assay-lunch_data.csv,tuna_salad_cho_g
1991_ivig_preload,exp-ivig_assay-lunch_data.csv,tuna_salad_fat_g
1991_ivig_preload,exp-ivig_assay-lunch_data.csv,tuna_salad_g
1991_ivig_preload,exp-ivig_assay-lunch_data.csv,tuna_salad_pro_g
1991_ivig_preload,exp-ivig_assay-lunch_data.csv,turkey_cal
1991_ivig_preload,exp-ivig_assay-lunch_data.csv,turkey_cho_g
1991_ivig_preload,exp-ivig_assay-lunch_data.csv,turkey_fat_g
1991_ivig_preload,exp-ivig_assay-lunch_data.csv,turkey_g
1991_ivig_preload,exp-ivig_assay-lunch_data.csv,turkey_pro_g
1991_ivig_preload,exp-ivig_assay-lunch_data.csv,water_g
1991_ivig_preload,exp-ivig_assay-rating_data.csv,bloated
1991_ivig_preload,exp-ivig_assay-rating_data.csv,cond
1991_ivig_preload,exp-ivig_assay-rating_data.csv,cramps
1991_ivig_preload,exp-ivig_assay-rating_data.csv,desire
1991_ivig_preload,exp-ivig_assay-rating_data.csv,fullness
1991_ivig_preload,exp-ivig_assay-rating_data.csv,group
1991_ivig_preload,exp-ivig_assay-rating_data.csv,hunger
1991_ivig_preload,exp-ivig_assay-rating_data.csv,id
1991_ivig_preload,exp-ivig_assay-rating_data.csv,nausea
1991_ivig_preload,exp-ivig_assay-rating_data.csv,thirst
1991_ivig_preload,exp-ivig_assay-rating_data.csv,time
1991_ivig_preload,exp-yogurtsss_assay-intake_data.csv,apple_cal
1991_ivig_preload,exp-yogurtsss_assay-intake_data.csv,apple_cho_g
1991_ivig_preload,exp-yogurtsss_assay-intake_data.csv,apple_fat_g
1991_ivig_preload,exp-yogurtsss_assay-intake_data.csv,apple_g
1991_ivig_preload,exp-yogurtsss_assay-intake_data.csv,apple_pro_g
1991_ivig_preload,exp-yogurtsss_assay-intake_data.csv,bread_cal
1991_ivig_preload,exp-yogurtsss_assay-intake_data.csv,bread_cho_g
1991_ivig_preload,exp-yogurtsss_assay-intake_data.csv,bread_fat_g
1991_ivig_preload,exp-yogurtsss_assay-intake_data.csv,bread_g
1991_ivig_preload,exp-yogurtsss_assay-intake_data.csv,bread_pro_g
1991_ivig_preload,exp-yogurtsss_assay-intake_data.csv,cheese_cal
1991_ivig_preload,exp-yogurtsss_assay-intake_data.csv,cheese_cho_g
1991_ivig_preload,exp-yogurtsss_assay-intake_data.csv,cheese_fat_g
1991_ivig_preload,exp-yogurtsss_assay-intake_data.csv,cheese_g
1991_ivig_preload,exp-yogurtsss_assay-intake_data.csv,cheese_pro_g
1991_ivig_preload,exp-yogurtsss_assay-intake_data.csv,chips_cal
1991_ivig_preload,exp-yogurtsss_assay-intake_data.csv,chips_cho_g
1991_ivig_preload,exp-yogurtsss_assay-intake_data.csv,chips_fat_g
1991_ivig_preload,exp-yogurtsss_assay-intake_data.csv,chips_g
1991_ivig_preload,exp-yogurtsss_assay-intake_data.csv,chips_pro_g
1991_ivig_preload,exp-yogurtsss_assay-intake_data.csv,chocolate_g
1991_ivig_preload,exp-yogurtsss_assay-intake_data.csv,cond
1991_ivig_preload,exp-yogurtsss_assay-intake_data.csv,cucumber_cal
1991_ivig_preload,exp-yogurtsss_assay-intake_data.csv,cucumber_cho_g
1991_ivig_preload,exp-yogurtsss_assay-intake_data.csv,cucumber_fat_g
1991_ivig_preload,exp-yogurtsss_assay-intake_data.csv,cucumber_g
1991_ivig_preload,exp-yogurtsss_assay-intake_data.csv,cucumber_pro_g
1991_ivig_preload,exp-yogurtsss_assay-intake_data.csv,dressing_cal
1991_ivig_preload,exp-yogurtsss_assay-intake_data.csv,dressing_cho_g
1991_ivig_preload,exp-yogurtsss_assay-intake_data.csv,dressing_fat_g
1991_ivig_preload,exp-yogurtsss_assay-intake_data.csv,dressing_g
1991_ivig_preload,exp-yogurtsss_assay-intake_data.csv,dressing_pro_g
1991_ivig_preload,exp-yogurtsss_assay-intake_data.csv,group
1991_ivig_preload,exp-yogurtsss_assay-intake_data.csv,icecream_cal
1991_ivig_preload,exp-yogurtsss_assay-intake_data.csv,icecream_cho_g
1991_ivig_preload,exp-yogurtsss_assay-intake_data.csv,icecream_fat_g
1991_ivig_preload,exp-yogurtsss_assay-intake_data.csv,icecream_g
1991_ivig_preload,exp-yogurtsss_assay-intake_data.csv,icecream_pro_g
1991_ivig_preload,exp-yogurtsss_assay-intake_data.csv,id
1991_ivig_preload,exp-yogurtsss_assay-intake_data.csv,lc_dressing_cal
1991_ivig_preload,exp-yogurtsss_assay-intake_data.csv,lc_dressing_cho_g
1991_ivig_preload,exp-yogurtsss_assay-intake_data.csv,lc_dressing_fat_g
1991_ivig_preload,exp-yogurtsss_assay-intake_data.csv,lc_dressing_g
1991_ivig_preload,exp-yogurtsss_assay-intake_data.csv,lc_dressing_pro_g
1991_ivig_preload,exp-yogurtsss_assay-intake_data.csv,lettuce_cal
1991_ivig_preload,exp-yogurtsss_assay-intake_data.csv,lettuce_cho_g
1991_ivig_preload,exp-yogurtsss_assay-intake_data.csv,lettuce_fat_g
1991_ivig_preload,exp-yogurtsss_assay-intake_data.csv,lettuce_g
1991_ivig_preload,exp-yogurtsss_assay-intake_data.csv,lettuce_pro_g
1991_ivig_preload,exp-yogurtsss_assay-intake_data.csv,lunch_cal
1991_ivig_preload,exp-yogurtsss_assay-intake_data.csv,lunch_cho_cal
1991_ivig_preload,exp-yogurtsss_assay-intake_data.csv,lunch_cho_g
1991_ivig_preload,exp-yogurtsss_assay-intake_data.csv,lunch_fat_cal
1991_ivig_preload,exp-yogurtsss_assay-intake_data.csv,lunch_fat_g
1991_ivig_preload,exp-yogurtsss_assay-intake_data.csv,lunch_perc_cho_cal
1991_ivig_preload,exp-yogurtsss_assay-intake_data.csv,lunch_perc_fat_cal
1991_ivig_preload,exp-yogurtsss_assay-intake_data.csv,lunch_perc_pro_cal
1991_ivig_preload,exp-yogurtsss_assay-intake_data.csv,lunch_pro_cal
1991_ivig_preload,exp-yogurtsss_assay-intake_data.csv,lunch_pro_g
1991_ivig_preload,exp-yogurtsss_assay-intake_data.csv,mayo_cal
1991_ivig_preload,exp-yogurtsss_assay-intake_data.csv,mayo_cho_g
1991_ivig_preload,exp-yogurtsss_assay-intake_data.csv,mayo_fat_g
1991_ivig_preload,exp-yogurtsss_assay-intake_data.csv,mayo_g
1991_ivig_preload,exp-yogurtsss_assay-intake_data.csv,mayo_pro_g
1991_ivig_preload,exp-yogurtsss_assay-intake_data.csv,milk_cal
1991_ivig_preload,exp-yogurtsss_assay-intake_data.csv,milk_cho_g
1991_ivig_preload,exp-yogurtsss_assay-intake_data.csv,milk_fat_g
1991_ivig_preload,exp-yogurtsss_assay-intake_data.csv,milk_pro_g
1991_ivig_preload,exp-yogurtsss_assay-intake_data.csv,mustard_cal
1991_ivig_preload,exp-yogurtsss_assay-intake_data.csv,mustard_cho_g
1991_ivig_preload,exp-yogurtsss_assay-intake_data.csv,mustard_fat_g
1991_ivig_preload,exp-yogurtsss_assay-intake_data.csv,mustard_g
1991_ivig_preload,exp-yogurtsss_assay-intake_data.csv,mustard_pro_g
1991_ivig_preload,exp-yogurtsss_assay-intake_data.csv,pretzel_cal
1991_ivig_preload,exp-yogurtsss_assay-intake_data.csv,pretzel_cho_g
1991_ivig_preload,exp-yogurtsss_assay-intake_data.csv,pretzel_fat_g
1991_ivig_preload,exp-yogurtsss_assay-intake_data.csv,pretzel_g
1991_ivig_preload,exp-yogurtsss_assay-intake_data.csv,pretzel_pro_g
1991_ivig_preload,exp-yogurtsss_assay-intake_data.csv,session
1991_ivig_preload,exp-yogurtsss_assay-intake_data.csv,sorbet_cal
1991_ivig_preload,exp-yogurtsss_assay-intake_data.csv,sorbet_cho_g
1991_ivig_preload,exp-yogurtsss_assay-intake_data.csv,sorbet_fat_g
1991_ivig_preload,exp-yogurtsss_assay-intake_data.csv,sorbet_g
1991_ivig_preload,exp-yogurtsss_assay-intake_data.csv,sorbet_pro_g
1991_ivig_preload,exp-yogurtsss_assay-intake_data.csv,time
1991_ivig_preload,exp-yogurtsss_assay-intake_data.csv,time_yogurt
1991_ivig_preload,exp-yogurtsss_assay-intake_data.csv,tomato_cal
1991_ivig_preload,exp-yogurtsss_assay-intake_data.csv,tomato_cho_g
1991_ivig_preload,exp-yogurtsss_assay-intake_data.csv,tomato_fat_g
1991_ivig_preload,exp-yogurtsss_assay-intake_data.csv,tomato_g
1991_ivig_preload,exp-yogurtsss_assay-intake_data.csv,tomato_pro_g
1991_ivig_preload,exp-yogurtsss_assay-intake_data.csv,tuna_salad_cal
1991_ivig_preload,exp-yogurtsss_assay-intake_data.csv,tuna_salad_cho_g
1991_ivig_preload,exp-yogurtsss_assay-intake_data.csv,tuna_salad_fat_g
1991_ivig_preload,exp-yogurtsss_assay-intake_data.csv,tuna_salad_g
1991_ivig_preload,exp-yogurtsss_assay-intake_data.csv,tuna_salad_pro_g
1991_ivig_preload,exp-yogurtsss_assay-intake_data.csv,turkey_cal
1991_ivig_preload,exp-yogurtsss_assay-intake_data.csv,turkey_cho_g
1991_ivig_preload,exp-yogurtsss_assay-intake_data.csv,turkey_fat_g
1991_ivig_preload,exp-yogurtsss_assay-intake_data.csv,turkey_g
1991_ivig_preload,exp-yogurtsss_assay-intake_data.csv,turkey_pro_g
1991_ivig_preload,exp-yogurtsss_assay-intake_data.csv,water_g
1991_ivig_preload,exp-yogurtsss_assay-intake_data.csv,yogurt_cal
1991_ivig_preload,exp-yogurtsss_assay-intake_data.csv,yogurt_cho_g
1991_ivig_preload,exp-yogurtsss_assay-intake_data.csv,yogurt_fat_g
1991_ivig_preload,exp-yogurtsss_assay-intake_data.csv,yogurt_g
1991_ivig_preload,exp-yogurtsss_assay-intake_data.csv,yogurt_pro_g
1991_ivig_preload,exp-yogurtsss_assay-rating_data.csv,cond
1991_ivig_preload,exp-yogurtsss_assay-rating_data.csv,desire_eat
1991_ivig_preload,exp-yogurtsss_assay-rating_data.csv,fullness
1991_ivig_preload,exp-yogurtsss_assay-rating_data.csv,hunger
1991_ivig_preload,exp-yogurtsss_assay-rating_data.csv,id
1991_ivig_preload,exp-yogurtsss_assay-rating_data.csv,much_eat
1991_ivig_preload,exp-yogurtsss_assay-rating_data.csv,nausea
1991_ivig_preload,exp-yogurtsss_assay-rating_data.csv,session
1991_ivig_preload,exp-yogurtsss_assay-rating_data.csv,thirst
1991_ivig_preload,exp-yogurtsss_assay-rating_data.csv,time
1991_ivig_preload,exp-yogurtsss_assay-rating_data.csv,yogurt_creaminess
1991_ivig_preload,exp-yogurtsss_assay-rating_data.csv,yogurt_desire_eat
1991_ivig_preload,exp-yogurtsss_assay-rating_data.csv,yogurt_fattiness
1991_ivig_preload,exp-yogurtsss_assay-rating_data.csv,yogurt_fruitiness
1991_ivig_preload,exp-yogurtsss_assay-rating_data.csv,yogurt_much_eat
1991_ivig_preload,exp-yogurtsss_assay-rating_data.csv,yogurt_pleasant
1991_ivig_preload,exp-yogurtsss_assay-rating_data.csv,yogurt_subj_cal
1991_ivig_preload,exp-yogurtsss_assay-rating_data.csv,yogurt_subj_cho
1991_ivig_preload,exp-yogurtsss_assay-rating_data.csv,yogurt_sweetness
1992_eatdis_deprivation,assay-demo_data.csv,age
1992_eatdis_deprivation,assay-demo_data.csv,bsq
1992_eatdis_deprivation,assay-demo_data.csv,eat
1992_eatdis_deprivation,assay-demo_data.csv,edi_body_dissat
1992_eatdis_deprivation,assay-demo_data.csv,ei_cog_restraint
1992_eatdis_deprivation,assay-demo_data.csv,ei_disinhibit
1992_eatdis_deprivation,assay-demo_data.csv,ei_hunger
1992_eatdis_deprivation,assay-demo_data.csv,group
1992_eatdis_deprivation,assay-demo_data.csv,id
1992_eatdis_deprivation,assay-demo_data.csv,illness_dur
1992_eatdis_deprivation,assay-demo_data.csv,perc_ideal_bw
1992_eatdis_deprivation,assay-demo_data.csv,restrict_cond
1992_eatdis_deprivation,assay-demo_data.csv,zung
1992_eatdis_deprivation,assay-intake_data.csv,alert_post
1992_eatdis_deprivation,assay-intake_data.csv,alert_pre
1992_eatdis_deprivation,assay-intake_data.csv,alfredo_cal
1992_eatdis_deprivation,assay-intake_data.csv,alfredo_g
1992_eatdis_deprivation,assay-intake_data.csv,apple_cal
1992_eatdis_deprivation,assay-intake_data.csv,apple_g
1992_eatdis_deprivation,assay-intake_data.csv,binge_desire_post
1992_eatdis_deprivation,assay-intake_data.csv,binge_desire_pre
1992_eatdis_deprivation,assay-intake_data.csv,bloated_post
1992_eatdis_deprivation,assay-intake_data.csv,bloated_pre
1992_eatdis_deprivation,assay-intake_data.csv,bread_cal
1992_eatdis_deprivation,assay-intake_data.csv,bread_g
1992_eatdis_deprivation,assay-intake_data.csv,brownie_cal
1992_eatdis_deprivation,assay-intake_data.csv,brownie_g
1992_eatdis_deprivation,assay-intake_data.csv,cake_cal
1992_eatdis_deprivation,assay-intake_data.csv,cake_g
1992_eatdis_deprivation,assay-intake_data.csv,cheese_cal
1992_eatdis_deprivation,assay-intake_data.csv,cheese_g
1992_eatdis_deprivation,assay-intake_data.csv,chips_cal
1992_eatdis_deprivation,assay-intake_data.csv,chips_g
1992_eatdis_deprivation,assay-intake_data.csv,content_post
1992_eatdis_deprivation,assay-intake_data.csv,content_pre
1992_eatdis_deprivation,assay-intake_data.csv,cookies_cal
1992_eatdis_deprivation,assay-intake_data.csv,cookies_g
1992_eatdis_deprivation,assay-intake_data.csv,cucumber_cal
1992_eatdis_deprivation,assay-intake_data.csv,cucumber_g
1992_eatdis_deprivation,assay-intake_data.csv,dep_cond
1992_eatdis_deprivation,assay-intake_data.csv,depressed_post
1992_eatdis_deprivation,assay-intake_data.csv,depressed_pre
1992_eatdis_deprivation,assay-intake_data.csv,desire_post
1992_eatdis_deprivation,assay-intake_data.csv,desire_pre
1992_eatdis_deprivation,assay-intake_data.csv,fear_fat_post
1992_eatdis_deprivation,assay-intake_data.csv,fear_fat_pre
1992_eatdis_deprivation,assay-intake_data.csv,fullness_post
1992_eatdis_deprivation,assay-intake_data.csv,fullness_pre
1992_eatdis_deprivation,assay-intake_data.csv,group
1992_eatdis_deprivation,assay-intake_data.csv,guilt_post
1992_eatdis_deprivation,assay-intake_data.csv,guilt_pre
1992_eatdis_deprivation,assay-intake_data.csv,hershey_kiss_cal
1992_eatdis_deprivation,assay-intake_data.csv,hershey_kiss_g
1992_eatdis_deprivation,assay-intake_data.csv,hunger_post
1992_eatdis_deprivation,assay-intake_data.csv,hunger_pre
1992_eatdis_deprivation,assay-intake_data.csv,icecream_cal
1992_eatdis_deprivation,assay-intake_data.csv,icecream_g
1992_eatdis_deprivation,assay-intake_data.csv,id
1992_eatdis_deprivation,assay-intake_data.csv,lettuce_cal
1992_eatdis_deprivation,assay-intake_data.csv,lettuce_g
1992_eatdis_deprivation,assay-intake_data.csv,margarine_cal
1992_eatdis_deprivation,assay-intake_data.csv,margarine_g
1992_eatdis_deprivation,assay-intake_data.csv,marinara_cal
1992_eatdis_deprivation,assay-intake_data.csv,marinara_g
1992_eatdis_deprivation,assay-intake_data.csv,mayo_cal
1992_eatdis_deprivation,assay-intake_data.csv,mayo_g
1992_eatdis_deprivation,assay-intake_data.csv,much_eat_post
1992_eatdis_deprivation,assay-intake_data.csv,much_eat_pre
1992_eatdis_deprivation,assay-intake_data.csv,mustard_cal
1992_eatdis_deprivation,assay-intake_data.csv,mustard_g
1992_eatdis_deprivation,assay-intake_data.csv,nausea_post
1992_eatdis_deprivation,assay-intake_data.csv,nausea_pre
1992_eatdis_deprivation,assay-intake_data.csv,parm_cheese_cal
1992_eatdis_deprivation,assay-intake_data.csv,parm_cheese_g
1992_eatdis_deprivation,assay-intake_data.csv,pasta_cal
1992_eatdis_deprivation,assay-intake_data.csv,pasta_g
1992_eatdis_deprivation,assay-intake_data.csv,perc_cho_cal
1992_eatdis_deprivation,assay-intake_data.csv,perc_cho_g
1992_eatdis_deprivation,assay-intake_data.csv,perc_fat_cal
1992_eatdis_deprivation,assay-intake_data.csv,perc_fat_g
1992_eatdis_deprivation,assay-intake_data.csv,perc_pro_cal
1992_eatdis_deprivation,assay-intake_data.csv,perc_pro_g
1992_eatdis_deprivation,assay-intake_data.csv,purge_desire_post
1992_eatdis_deprivation,assay-intake_data.csv,purge_desire_pre
1992_eatdis_deprivation,assay-intake_data.csv,restrict_cond
1992_eatdis_deprivation,assay-intake_data.csv,session
1992_eatdis_deprivation,assay-intake_data.csv,snickers_cal
1992_eatdis_deprivation,assay-intake_data.csv,snickers_g
1992_eatdis_deprivation,assay-intake_data.csv,thirst_post
1992_eatdis_deprivation,assay-intake_data.csv,thirst_pre
1992_eatdis_deprivation,assay-intake_data.csv,time
1992_eatdis_deprivation,assay-intake_data.csv,tomato_cal
1992_eatdis_deprivation,assay-intake_data.csv,tomato_g
1992_eatdis_deprivation,assay-intake_data.csv,total_cho_cal
1992_eatdis_deprivation,assay-intake_data.csv,total_cho_g
1992_eatdis_deprivation,assay-intake_data.csv,total_fat_cal
1992_eatdis_deprivation,assay-intake_data.csv,total_fat_g
1992_eatdis_deprivation,assay-intake_data.csv,total_g
1992_eatdis_deprivation,assay-intake_data.csv,total_kcal
1992_eatdis_deprivation,assay-intake_data.csv,total_pro_cal
1992_eatdis_deprivation,assay-intake_data.csv,total_pro_g
1992_eatdis_deprivation,assay-intake_data.csv,turkey_cal
1992_eatdis_deprivation,assay-intake_data.csv,turkey_g
1992_eatdis_deprivation,assay-intake_data.csv,water_g
data,sub-015c_assay-microstructure_timepoint-a.csv,activity
data,sub-015c_assay-microstructure_timepoint-a.csv,food
data,sub-015c_assay-microstructure_timepoint-a.csv,group
data,sub-015c_assay-microstructure_timepoint-a.csv,id
data,sub-015c_assay-microstructure_timepoint-a.csv,start
data,sub-015c_assay-microstructure_timepoint-a.csv,time1
data,sub-015c_assay-microstructure_timepoint-a.csv,time2
data,sub-015c_assay-microstructure_timepoint-a.csv,timepoint
data,sub-015c_assay-microstructure_timepoint-a.csv,trace
data,sub-015c_assay-microstructure_timepoint-b.csv,activity
data,sub-015c_assay-microstructure_timepoint-b.csv,food
data,sub-015c_assay-microstructure_timepoint-b.csv,group
data,sub-015c_assay-microstructure_timepoint-b.csv,id
data,sub-015c_assay-microstructure_timepoint-b.csv,start
data,sub-015c_assay-microstructure_timepoint-b.csv,time1
data,sub-015c_assay-microstructure_timepoint-b.csv,time2
data,sub-015c_assay-microstructure_timepoint-b.csv,timepoint
data,sub-015c_assay-microstructure_timepoint-b.csv,trace
data,sub-0343_assay-microstructure_cond-control.csv,activity
data,sub-0343_assay-microstructure_cond-control.csv,activity-2
data,sub-0343_assay-microstructure_cond-control.csv,cond
data,sub-0343_assay-microstructure_cond-control.csv,food
data,sub-0343_assay-microstructure_cond-control.csv,food-2
data,sub-0343_assay-microstructure_cond-control.csv,group
data,sub-0343_assay-microstructure_cond-control.csv,group-2
data,sub-0343_assay-microstructure_cond-control.csv,id
data,sub-0343_assay-microstructure_cond-control.csv,start
data,sub-0343_assay-microstructure_cond-control.csv,start-2
data,sub-0343_assay-microstructure_cond-control.csv,thirds
data,sub-0343_assay-microstructure_cond-control.csv,thirds-2
data,sub-0343_assay-microstructure_cond-control.csv,time_1
data,sub-0343_assay-microstructure_cond-control.csv,time_2
data,sub-0343_assay-microstructure_cond-control.csv,time_2-1
data,sub-0343_assay-microstructure_cond-control.csv,time_2-2
data,sub-0343_assay-microstructure_cond-control.csv,trace
data,sub-0343_assay-microstructure_cond-control.csv,trace-2
data,sub-0343_assay-microstructure_cond-deprivaiton.csv,activity
data,sub-0343_assay-microstructure_cond-deprivaiton.csv,activity-2
data,sub-0343_assay-microstructure_cond-deprivaiton.csv,cond
data,sub-0343_assay-microstructure_cond-deprivaiton.csv,food
data,sub-0343_assay-microstructure_cond-deprivaiton.csv,food-2
data,sub-0343_assay-microstructure_cond-deprivaiton.csv,group
data,sub-0343_assay-microstructure_cond-deprivaiton.csv,group-2
data,sub-0343_assay-microstructure_cond-deprivaiton.csv,id
data,sub-0343_assay-microstructure_cond-deprivaiton.csv,start
data,sub-0343_assay-microstructure_cond-deprivaiton.csv,start-2
data,sub-0343_assay-microstructure_cond-deprivaiton.csv,thirds
data,sub-0343_assay-microstructure_cond-deprivaiton.csv,thirds-2
data,sub-0343_assay-microstructure_cond-deprivaiton.csv,time_1
data,sub-0343_assay-microstructure_cond-deprivaiton.csv,time_2
data,sub-0343_assay-microstructure_cond-deprivaiton.csv,time_2-1
data,sub-0343_assay-microstructure_cond-deprivaiton.csv,time_2-2
data,sub-0343_assay-microstructure_cond-deprivaiton.csv,trace
data,sub-0343_assay-microstructure_cond-deprivaiton.csv,trace-2
data,sub-044b_assay-microstructure_timepoint-a.csv,activity
data,sub-044b_assay-microstructure_timepoint-a.csv,food
data,sub-044b_assay-microstructure_timepoint-a.csv,group
data,sub-044b_assay-microstructure_timepoint-a.csv,id
data,sub-044b_assay-microstructure_timepoint-a.csv,start
data,sub-044b_assay-microstructure_timepoint-a.csv,time1
data,sub-044b_assay-microstructure_timepoint-a.csv,time2
data,sub-044b_assay-microstructure_timepoint-a.csv,timepoint
data,sub-044b_assay-microstructure_timepoint-a.csv,trace
data,sub-044b_assay-microstructure_timepoint-b.csv,activity
data,sub-044b_assay-microstructure_timepoint-b.csv,food
data,sub-044b_assay-microstructure_timepoint-b.csv,group
data,sub-044b_assay-microstructure_timepoint-b.csv,id
data,sub-044b_assay-microstructure_timepoint-b.csv,start
data,sub-044b_assay-microstructure_timepoint-b.csv,time1
data,sub-044b_assay-microstructure_timepoint-b.csv,time2
data,sub-044b_assay-microstructure_timepoint-b.csv,timepoint
data,sub-044b_assay-microstructure_timepoint-b.csv,trace
data,sub-04db_assay-microstructure_cond-control.csv,activity
data,sub-04db_assay-microstructure_cond-control.csv,activity-2
data,sub-04db_assay-microstructure_cond-control.csv,cond
data,sub-04db_assay-microstructure_cond-control.csv,food
data,sub-04db_assay-microstructure_cond-control.csv,food-2
data,sub-04db_assay-microstructure_cond-control.csv,group
data,sub-04db_assay-microstructure_cond-control.csv,group-2
data,sub-04db_assay-microstructure_cond-control.csv,id
data,sub-04db_assay-microstructure_cond-control.csv,start
data,sub-04db_assay-microstructure_cond-control.csv,start-2
data,sub-04db_assay-microstructure_cond-control.csv,thirds
data,sub-04db_assay-microstructure_cond-control.csv,thirds-2
data,sub-04db_assay-microstructure_cond-control.csv,time_1
data,sub-04db_assay-microstructure_cond-control.csv,time_2
data,sub-04db_assay-microstructure_cond-control.csv,time_2-1
data,sub-04db_assay-microstructure_cond-control.csv,time_2-2
data,sub-04db_assay-microstructure_cond-control.csv,trace
data,sub-04db_assay-microstructure_cond-control.csv,trace-2
data,sub-04db_assay-microstructure_cond-deprivaiton.csv,activity
data,sub-04db_assay-microstructure_cond-deprivaiton.csv,activity-2
data,sub-04db_assay-microstructure_cond-deprivaiton.csv,cond
data,sub-04db_assay-microstructure_cond-deprivaiton.csv,food
data,sub-04db_assay-microstructure_cond-deprivaiton.csv,food-2
data,sub-04db_assay-microstructure_cond-deprivaiton.csv,group
data,sub-04db_assay-microstructure_cond-deprivaiton.csv,group-2
data,sub-04db_assay-microstructure_cond-deprivaiton.csv,id
data,sub-04db_assay-microstructure_cond-deprivaiton.csv,start
data,sub-04db_assay-microstructure_cond-deprivaiton.csv,start-2
data,sub-04db_assay-microstructure_cond-deprivaiton.csv,thirds
data,sub-04db_assay-microstructure_cond-deprivaiton.csv,thirds-2
data,sub-04db_assay-microstructure_cond-deprivaiton.csv,time_1
data,sub-04db_assay-microstructure_cond-deprivaiton.csv,time_2
data,sub-04db_assay-microstructure_cond-deprivaiton.csv,time_2-1
data,sub-04db_assay-microstructure_cond-deprivaiton.csv,time_2-2
data,sub-04db_assay-microstructure_cond-deprivaiton.csv,trace
data,sub-04db_assay-microstructure_cond-deprivaiton.csv,trace-2
data,sub-0a40_assay-microstructure_cond-control.csv,activity
data,sub-0a40_assay-microstructure_cond-control.csv,activity-2
data,sub-0a40_assay-microstructure_cond-control.csv,cond
data,sub-0a40_assay-microstructure_cond-control.csv,food
data,sub-0a40_assay-microstructure_cond-control.csv,food-2
data,sub-0a40_assay-microstructure_cond-control.csv,group
data,sub-0a40_assay-microstructure_cond-control.csv,group-2
data,sub-0a40_assay-microstructure_cond-control.csv,id
data,sub-0a40_assay-microstructure_cond-control.csv,start
data,sub-0a40_assay-microstructure_cond-control.csv,start-2
data,sub-0a40_assay-microstructure_cond-control.csv,thirds
data,sub-0a40_assay-microstructure_cond-control.csv,thirds-2
data,sub-0a40_assay-microstructure_cond-control.csv,time_1
data,sub-0a40_assay-microstructure_cond-control.csv,time_2
data,sub-0a40_assay-microstructure_cond-control.csv,time_2-1
data,sub-0a40_assay-microstructure_cond-control.csv,time_2-2
data,sub-0a40_assay-microstructure_cond-control.csv,trace
data,sub-0a40_assay-microstructure_cond-control.csv,trace-2
data,sub-0a40_assay-microstructure_cond-deprivaiton.csv,activity
data,sub-0a40_assay-microstructure_cond-deprivaiton.csv,activity-2
data,sub-0a40_assay-microstructure_cond-deprivaiton.csv,cond
data,sub-0a40_assay-microstructure_cond-deprivaiton.csv,food
data,sub-0a40_assay-microstructure_cond-deprivaiton.csv,food-2
data,sub-0a40_assay-microstructure_cond-deprivaiton.csv,group
data,sub-0a40_assay-microstructure_cond-deprivaiton.csv,group-2
data,sub-0a40_assay-microstructure_cond-deprivaiton.csv,id
data,sub-0a40_assay-microstructure_cond-deprivaiton.csv,start
data,sub-0a40_assay-microstructure_cond-deprivaiton.csv,start-2
data,sub-0a40_assay-microstructure_cond-deprivaiton.csv,thirds
data,sub-0a40_assay-microstructure_cond-deprivaiton.csv,thirds-2
data,sub-0a40_assay-microstructure_cond-deprivaiton.csv,time_1
data,sub-0a40_assay-microstructure_cond-deprivaiton.csv,time_2
data,sub-0a40_assay-microstructure_cond-deprivaiton.csv,time_2-1
data,sub-0a40_assay-microstructure_cond-deprivaiton.csv,time_2-2
data,sub-0a40_assay-microstructure_cond-deprivaiton.csv,trace
data,sub-0a40_assay-microstructure_cond-deprivaiton.csv,trace-2
data,sub-0a94_assay-microstructure_cond-control.csv,activity
data,sub-0a94_assay-microstructure_cond-control.csv,activity-2
data,sub-0a94_assay-microstructure_cond-control.csv,cond
data,sub-0a94_assay-microstructure_cond-control.csv,food
data,sub-0a94_assay-microstructure_cond-control.csv,food-2
data,sub-0a94_assay-microstructure_cond-control.csv,group
data,sub-0a94_assay-microstructure_cond-control.csv,group-2
data,sub-0a94_assay-microstructure_cond-control.csv,id
data,sub-0a94_assay-microstructure_cond-control.csv,start
data,sub-0a94_assay-microstructure_cond-control.csv,start-2
data,sub-0a94_assay-microstructure_cond-control.csv,thirds
data,sub-0a94_assay-microstructure_cond-control.csv,thirds-2
data,sub-0a94_assay-microstructure_cond-control.csv,time_1
data,sub-0a94_assay-microstructure_cond-control.csv,time_2
data,sub-0a94_assay-microstructure_cond-control.csv,time_2-1
data,sub-0a94_assay-microstructure_cond-control.csv,time_2-2
data,sub-0a94_assay-microstructure_cond-control.csv,trace
data,sub-0a94_assay-microstructure_cond-control.csv,trace-2
data,sub-0a94_assay-microstructure_cond-deprivaiton.csv,activity
data,sub-0a94_assay-microstructure_cond-deprivaiton.csv,activity-2
data,sub-0a94_assay-microstructure_cond-deprivaiton.csv,cond
data,sub-0a94_assay-microstructure_cond-deprivaiton.csv,food
data,sub-0a94_assay-microstructure_cond-deprivaiton.csv,food-2
data,sub-0a94_assay-microstructure_cond-deprivaiton.csv,group
data,sub-0a94_assay-microstructure_cond-deprivaiton.csv,group-2
data,sub-0a94_assay-microstructure_cond-deprivaiton.csv,id
data,sub-0a94_assay-microstructure_cond-deprivaiton.csv,start
data,sub-0a94_assay-microstructure_cond-deprivaiton.csv,start-2
data,sub-0a94_assay-microstructure_cond-deprivaiton.csv,thirds
data,sub-0a94_assay-microstructure_cond-deprivaiton.csv,thirds-2
data,sub-0a94_assay-microstructure_cond-deprivaiton.csv,time_1
data,sub-0a94_assay-microstructure_cond-deprivaiton.csv,time_2
data,sub-0a94_assay-microstructure_cond-deprivaiton.csv,time_2-1
data,sub-0a94_assay-microstructure_cond-deprivaiton.csv,time_2-2
data,sub-0a94_assay-microstructure_cond-deprivaiton.csv,trace
data,sub-0a94_assay-microstructure_cond-deprivaiton.csv,trace-2
data,sub-10bb_assay-microstructure_cond-control.csv,activity
data,sub-10bb_assay-microstructure_cond-control.csv,activity-2
data,sub-10bb_assay-microstructure_cond-control.csv,cond
data,sub-10bb_assay-microstructure_cond-control.csv,food
data,sub-10bb_assay-microstructure_cond-control.csv,food-2
data,sub-10bb_assay-microstructure_cond-control.csv,group
data,sub-10bb_assay-microstructure_cond-control.csv,group-2
data,sub-10bb_assay-microstructure_cond-control.csv,id
data,sub-10bb_assay-microstructure_cond-control.csv,start
data,sub-10bb_assay-microstructure_cond-control.csv,start-2
data,sub-10bb_assay-microstructure_cond-control.csv,thirds
data,sub-10bb_assay-microstructure_cond-control.csv,thirds-2
data,sub-10bb_assay-microstructure_cond-control.csv,time_1
data,sub-10bb_assay-microstructure_cond-control.csv,time_2
data,sub-10bb_assay-microstructure_cond-control.csv,time_2-1
data,sub-10bb_assay-microstructure_cond-control.csv,time_2-2
data,sub-10bb_assay-microstructure_cond-control.csv,trace
data,sub-10bb_assay-microstructure_cond-control.csv,trace-2
data,sub-10bb_assay-microstructure_cond-deprivaiton.csv,activity
data,sub-10bb_assay-microstructure_cond-deprivaiton.csv,activity-2
data,sub-10bb_assay-microstructure_cond-deprivaiton.csv,cond
data,sub-10bb_assay-microstructure_cond-deprivaiton.csv,food
data,sub-10bb_assay-microstructure_cond-deprivaiton.csv,food-2
data,sub-10bb_assay-microstructure_cond-deprivaiton.csv,group
data,sub-10bb_assay-microstructure_cond-deprivaiton.csv,group-2
data,sub-10bb_assay-microstructure_cond-deprivaiton.csv,id
data,sub-10bb_assay-microstructure_cond-deprivaiton.csv,start
data,sub-10bb_assay-microstructure_cond-deprivaiton.csv,start-2
data,sub-10bb_assay-microstructure_cond-deprivaiton.csv,thirds
data,sub-10bb_assay-microstructure_cond-deprivaiton.csv,thirds-2
data,sub-10bb_assay-microstructure_cond-deprivaiton.csv,time_1
data,sub-10bb_assay-microstructure_cond-deprivaiton.csv,time_2
data,sub-10bb_assay-microstructure_cond-deprivaiton.csv,time_2-1
data,sub-10bb_assay-microstructure_cond-deprivaiton.csv,time_2-2
data,sub-10bb_assay-microstructure_cond-deprivaiton.csv,trace
data,sub-10bb_assay-microstructure_cond-deprivaiton.csv,trace-2
data,sub-117e_assay-microstructure_timepoint-a.csv,activity
data,sub-117e_assay-microstructure_timepoint-a.csv,food
data,sub-117e_assay-microstructure_timepoint-a.csv,group
data,sub-117e_assay-microstructure_timepoint-a.csv,id
data,sub-117e_assay-microstructure_timepoint-a.csv,start
data,sub-117e_assay-microstructure_timepoint-a.csv,time1
data,sub-117e_assay-microstructure_timepoint-a.csv,time2
data,sub-117e_assay-microstructure_timepoint-a.csv,timepoint
data,sub-117e_assay-microstructure_timepoint-a.csv,trace
data,sub-117e_assay-microstructure_timepoint-b.csv,activity
data,sub-117e_assay-microstructure_timepoint-b.csv,food
data,sub-117e_assay-microstructure_timepoint-b.csv,group
data,sub-117e_assay-microstructure_timepoint-b.csv,id
data,sub-117e_assay-microstructure_timepoint-b.csv,start
data,sub-117e_assay-microstructure_timepoint-b.csv,time1
data,sub-117e_assay-microstructure_timepoint-b.csv,time2
data,sub-117e_assay-microstructure_timepoint-b.csv,timepoint
data,sub-117e_assay-microstructure_timepoint-b.csv,trace
data,sub-12e3_assay-microstructure_timepoint-a.csv,activity
data,sub-12e3_assay-microstructure_timepoint-a.csv,food
data,sub-12e3_assay-microstructure_timepoint-a.csv,group
data,sub-12e3_assay-microstructure_timepoint-a.csv,id
data,sub-12e3_assay-microstructure_timepoint-a.csv,start
data,sub-12e3_assay-microstructure_timepoint-a.csv,time1
data,sub-12e3_assay-microstructure_timepoint-a.csv,time2
data,sub-12e3_assay-microstructure_timepoint-a.csv,timepoint
data,sub-12e3_assay-microstructure_timepoint-a.csv,trace
data,sub-12e3_assay-microstructure_timepoint-b.csv,activity
data,sub-12e3_assay-microstructure_timepoint-b.csv,food
data,sub-12e3_assay-microstructure_timepoint-b.csv,group
data,sub-12e3_assay-microstructure_timepoint-b.csv,id
data,sub-12e3_assay-microstructure_timepoint-b.csv,start
data,sub-12e3_assay-microstructure_timepoint-b.csv,time1
data,sub-12e3_assay-microstructure_timepoint-b.csv,time2
data,sub-12e3_assay-microstructure_timepoint-b.csv,timepoint
data,sub-12e3_assay-microstructure_timepoint-b.csv,trace
data,sub-13c8_assay-microstructure_cond-control.csv,activity
data,sub-13c8_assay-microstructure_cond-control.csv,activity-2
data,sub-13c8_assay-microstructure_cond-control.csv,cond
data,sub-13c8_assay-microstructure_cond-control.csv,food
data,sub-13c8_assay-microstructure_cond-control.csv,food-2
data,sub-13c8_assay-microstructure_cond-control.csv,id
data,sub-13c8_assay-microstructure_cond-control.csv,start
data,sub-13c8_assay-microstructure_cond-control.csv,start-2
data,sub-13c8_assay-microstructure_cond-control.csv,time_1
data,sub-13c8_assay-microstructure_cond-control.csv,time_2
data,sub-13c8_assay-microstructure_cond-control.csv,time_2-1
data,sub-13c8_assay-microstructure_cond-control.csv,time_2-2
data,sub-13c8_assay-microstructure_cond-control.csv,trace
data,sub-13c8_assay-microstructure_cond-control.csv,trace-2
data,sub-13c8_assay-microstructure_cond-deprivaiton.csv,activity
data,sub-13c8_assay-microstructure_cond-deprivaiton.csv,activity-2
data,sub-13c8_assay-microstructure_cond-deprivaiton.csv,cond
data,sub-13c8_assay-microstructure_cond-deprivaiton.csv,food
data,sub-13c8_assay-microstructure_cond-deprivaiton.csv,food-2
data,sub-13c8_assay-microstructure_cond-deprivaiton.csv,group
data,sub-13c8_assay-microstructure_cond-deprivaiton.csv,group-2
data,sub-13c8_assay-microstructure_cond-deprivaiton.csv,id
data,sub-13c8_assay-microstructure_cond-deprivaiton.csv,start
data,sub-13c8_assay-microstructure_cond-deprivaiton.csv,start-2
data,sub-13c8_assay-microstructure_cond-deprivaiton.csv,time_1
data,sub-13c8_assay-microstructure_cond-deprivaiton.csv,time_2
data,sub-13c8_assay-microstructure_cond-deprivaiton.csv,time_2-1
data,sub-13c8_assay-microstructure_cond-deprivaiton.csv,time_2-2
data,sub-13c8_assay-microstructure_cond-deprivaiton.csv,trace
data,sub-13c8_assay-microstructure_cond-deprivaiton.csv,trace-2
data,sub-159b_assay-microstructure_cond-control.csv,activity
data,sub-159b_assay-microstructure_cond-control.csv,activity-2
data,sub-159b_assay-microstructure_cond-control.csv,cond
data,sub-159b_assay-microstructure_cond-control.csv,food
data,sub-159b_assay-microstructure_cond-control.csv,food-2
data,sub-159b_assay-microstructure_cond-control.csv,group
data,sub-159b_assay-microstructure_cond-control.csv,group-2
data,sub-159b_assay-microstructure_cond-control.csv,id
data,sub-159b_assay-microstructure_cond-control.csv,start
data,sub-159b_assay-microstructure_cond-control.csv,start-2
data,sub-159b_assay-microstructure_cond-control.csv,thirds
data,sub-159b_assay-microstructure_cond-control.csv,thirds-2
data,sub-159b_assay-microstructure_cond-control.csv,time_1
data,sub-159b_assay-microstructure_cond-control.csv,time_2
data,sub-159b_assay-microstructure_cond-control.csv,time_2-1
data,sub-159b_assay-microstructure_cond-control.csv,time_2-2
data,sub-159b_assay-microstructure_cond-control.csv,trace
data,sub-159b_assay-microstructure_cond-control.csv,trace-2
data,sub-159b_assay-microstructure_cond-deprivaiton.csv,activity
data,sub-159b_assay-microstructure_cond-deprivaiton.csv,activity-2
data,sub-159b_assay-microstructure_cond-deprivaiton.csv,cond
data,sub-159b_assay-microstructure_cond-deprivaiton.csv,food
data,sub-159b_assay-microstructure_cond-deprivaiton.csv,food-2
data,sub-159b_assay-microstructure_cond-deprivaiton.csv,group
data,sub-159b_assay-microstructure_cond-deprivaiton.csv,group-2
data,sub-159b_assay-microstructure_cond-deprivaiton.csv,id
data,sub-159b_assay-microstructure_cond-deprivaiton.csv,start
data,sub-159b_assay-microstructure_cond-deprivaiton.csv,start-2
data,sub-159b_assay-microstructure_cond-deprivaiton.csv,thirds
data,sub-159b_assay-microstructure_cond-deprivaiton.csv,thirds-2
data,sub-159b_assay-microstructure_cond-deprivaiton.csv,time_1
data,sub-159b_assay-microstructure_cond-deprivaiton.csv,time_2
data,sub-159b_assay-microstructure_cond-deprivaiton.csv,time_2-1
data,sub-159b_assay-microstructure_cond-deprivaiton.csv,time_2-2
data,sub-159b_assay-microstructure_cond-deprivaiton.csv,trace
data,sub-159b_assay-microstructure_cond-deprivaiton.csv,trace-2
data,sub-1cac_assay-microstructure_cond-control.csv,activity
data,sub-1cac_assay-microstructure_cond-control.csv,activity-2
data,sub-1cac_assay-microstructure_cond-control.csv,cond
data,sub-1cac_assay-microstructure_cond-control.csv,food
data,sub-1cac_assay-microstructure_cond-control.csv,food-2
data,sub-1cac_assay-microstructure_cond-control.csv,group
data,sub-1cac_assay-microstructure_cond-control.csv,group-2
data,sub-1cac_assay-microstructure_cond-control.csv,id
data,sub-1cac_assay-microstructure_cond-control.csv,start
data,sub-1cac_assay-microstructure_cond-control.csv,start-2
data,sub-1cac_assay-microstructure_cond-control.csv,thirds
data,sub-1cac_assay-microstructure_cond-control.csv,thirds-2
data,sub-1cac_assay-microstructure_cond-control.csv,time_1
data,sub-1cac_assay-microstructure_cond-control.csv,time_2
data,sub-1cac_assay-microstructure_cond-control.csv,time_2-1
data,sub-1cac_assay-microstructure_cond-control.csv,time_2-2
data,sub-1cac_assay-microstructure_cond-control.csv,trace
data,sub-1cac_assay-microstructure_cond-control.csv,trace-2
data,sub-1cac_assay-microstructure_cond-deprivaiton.csv,activity
data,sub-1cac_assay-microstructure_cond-deprivaiton.csv,activity-2
data,sub-1cac_assay-microstructure_cond-deprivaiton.csv,cond
data,sub-1cac_assay-microstructure_cond-deprivaiton.csv,food
data,sub-1cac_assay-microstructure_cond-deprivaiton.csv,food-2
data,sub-1cac_assay-microstructure_cond-deprivaiton.csv,group
data,sub-1cac_assay-microstructure_cond-deprivaiton.csv,group-2
data,sub-1cac_assay-microstructure_cond-deprivaiton.csv,id
data,sub-1cac_assay-microstructure_cond-deprivaiton.csv,start
data,sub-1cac_assay-microstructure_cond-deprivaiton.csv,start-2
data,sub-1cac_assay-microstructure_cond-deprivaiton.csv,thirds
data,sub-1cac_assay-microstructure_cond-deprivaiton.csv,thirds-2
data,sub-1cac_assay-microstructure_cond-deprivaiton.csv,time_1
data,sub-1cac_assay-microstructure_cond-deprivaiton.csv,time_2
data,sub-1cac_assay-microstructure_cond-deprivaiton.csv,time_2-1
data,sub-1cac_assay-microstructure_cond-deprivaiton.csv,time_2-2
data,sub-1cac_assay-microstructure_cond-deprivaiton.csv,trace
data,sub-1cac_assay-microstructure_cond-deprivaiton.csv,trace-2
data,sub-1f20_assay-microstructure_cond-control.csv,activity
data,sub-1f20_assay-microstructure_cond-control.csv,activity-2
data,sub-1f20_assay-microstructure_cond-control.csv,cond
data,sub-1f20_assay-microstructure_cond-control.csv,food
data,sub-1f20_assay-microstructure_cond-control.csv,food-2
data,sub-1f20_assay-microstructure_cond-control.csv,group
data,sub-1f20_assay-microstructure_cond-control.csv,group-2
data,sub-1f20_assay-microstructure_cond-control.csv,id
data,sub-1f20_assay-microstructure_cond-control.csv,start
data,sub-1f20_assay-microstructure_cond-control.csv,start-2
data,sub-1f20_assay-microstructure_cond-control.csv,thirds
data,sub-1f20_assay-microstructure_cond-control.csv,thirds-2
data,sub-1f20_assay-microstructure_cond-control.csv,time_1
data,sub-1f20_assay-microstructure_cond-control.csv,time_2
data,sub-1f20_assay-microstructure_cond-control.csv,time_2-1
data,sub-1f20_assay-microstructure_cond-control.csv,time_2-2
data,sub-1f20_assay-microstructure_cond-control.csv,trace
data,sub-1f20_assay-microstructure_cond-control.csv,trace-2
data,sub-1f20_assay-microstructure_cond-deprivaiton.csv,activity
data,sub-1f20_assay-microstructure_cond-deprivaiton.csv,activity-2
data,sub-1f20_assay-microstructure_cond-deprivaiton.csv,cond
data,sub-1f20_assay-microstructure_cond-deprivaiton.csv,food
data,sub-1f20_assay-microstructure_cond-deprivaiton.csv,food-2
data,sub-1f20_assay-microstructure_cond-deprivaiton.csv,group
data,sub-1f20_assay-microstructure_cond-deprivaiton.csv,group-2
data,sub-1f20_assay-microstructure_cond-deprivaiton.csv,id
data,sub-1f20_assay-microstructure_cond-deprivaiton.csv,start
data,sub-1f20_assay-microstructure_cond-deprivaiton.csv,start-2
data,sub-1f20_assay-microstructure_cond-deprivaiton.csv,thirds
data,sub-1f20_assay-microstructure_cond-deprivaiton.csv,thirds-2
data,sub-1f20_assay-microstructure_cond-deprivaiton.csv,time_1
data,sub-1f20_assay-microstructure_cond-deprivaiton.csv,time_2
data,sub-1f20_assay-microstructure_cond-deprivaiton.csv,time_2-1
data,sub-1f20_assay-microstructure_cond-deprivaiton.csv,time_2-2
data,sub-1f20_assay-microstructure_cond-deprivaiton.csv,trace
data,sub-1f20_assay-microstructure_cond-deprivaiton.csv,trace-2
data,sub-20e1_assay-microstructure_cond-control.csv,activity
data,sub-20e1_assay-microstructure_cond-control.csv,activity-2
data,sub-20e1_assay-microstructure_cond-control.csv,cond
data,sub-20e1_assay-microstructure_cond-control.csv,food
data,sub-20e1_assay-microstructure_cond-control.csv,food-2
data,sub-20e1_assay-microstructure_cond-control.csv,group
data,sub-20e1_assay-microstructure_cond-control.csv,group-2
data,sub-20e1_assay-microstructure_cond-control.csv,id
data,sub-20e1_assay-microstructure_cond-control.csv,start
data,sub-20e1_assay-microstructure_cond-control.csv,start-2
data,sub-20e1_assay-microstructure_cond-control.csv,thirds
data,sub-20e1_assay-microstructure_cond-control.csv,thirds-2
data,sub-20e1_assay-microstructure_cond-control.csv,time_1
data,sub-20e1_assay-microstructure_cond-control.csv,time_2
data,sub-20e1_assay-microstructure_cond-control.csv,time_2-1
data,sub-20e1_assay-microstructure_cond-control.csv,time_2-2
data,sub-20e1_assay-microstructure_cond-control.csv,trace
data,sub-20e1_assay-microstructure_cond-control.csv,trace-2
data,sub-20e1_assay-microstructure_cond-deprivaiton.csv,activity
data,sub-20e1_assay-microstructure_cond-deprivaiton.csv,activity-2
data,sub-20e1_assay-microstructure_cond-deprivaiton.csv,cond
data,sub-20e1_assay-microstructure_cond-deprivaiton.csv,food
data,sub-20e1_assay-microstructure_cond-deprivaiton.csv,food-2
data,sub-20e1_assay-microstructure_cond-deprivaiton.csv,group
data,sub-20e1_assay-microstructure_cond-deprivaiton.csv,group-2
data,sub-20e1_assay-microstructure_cond-deprivaiton.csv,id
data,sub-20e1_assay-microstructure_cond-deprivaiton.csv,start
data,sub-20e1_assay-microstructure_cond-deprivaiton.csv,start-2
data,sub-20e1_assay-microstructure_cond-deprivaiton.csv,thirds
data,sub-20e1_assay-microstructure_cond-deprivaiton.csv,thirds-2
data,sub-20e1_assay-microstructure_cond-deprivaiton.csv,time_1
data,sub-20e1_assay-microstructure_cond-deprivaiton.csv,time_2
data,sub-20e1_assay-microstructure_cond-deprivaiton.csv,time_2-1
data,sub-20e1_assay-microstructure_cond-deprivaiton.csv,time_2-2
data,sub-20e1_assay-microstructure_cond-deprivaiton.csv,trace
data,sub-20e1_assay-microstructure_cond-deprivaiton.csv,trace-2
data,sub-26b1_assay-microstructure_timepoint-a.csv,activity
data,sub-26b1_assay-microstructure_timepoint-a.csv,food
data,sub-26b1_assay-microstructure_timepoint-a.csv,group
data,sub-26b1_assay-microstructure_timepoint-a.csv,id
data,sub-26b1_assay-microstructure_timepoint-a.csv,start
data,sub-26b1_assay-microstructure_timepoint-a.csv,time1
data,sub-26b1_assay-microstructure_timepoint-a.csv,time2
data,sub-26b1_assay-microstructure_timepoint-a.csv,timepoint
data,sub-26b1_assay-microstructure_timepoint-a.csv,trace
data,sub-26b1_assay-microstructure_timepoint-b.csv,activity
data,sub-26b1_assay-microstructure_timepoint-b.csv,food
data,sub-26b1_assay-microstructure_timepoint-b.csv,group
data,sub-26b1_assay-microstructure_timepoint-b.csv,id
data,sub-26b1_assay-microstructure_timepoint-b.csv,start
data,sub-26b1_assay-microstructure_timepoint-b.csv,time1
data,sub-26b1_assay-microstructure_timepoint-b.csv,time2
data,sub-26b1_assay-microstructure_timepoint-b.csv,timepoint
data,sub-26b1_assay-microstructure_timepoint-b.csv,trace
data,sub-291b_assay-microstructure_cond-control.csv,activity
data,sub-291b_assay-microstructure_cond-control.csv,activity-2
data,sub-291b_assay-microstructure_cond-control.csv,cond
data,sub-291b_assay-microstructure_cond-control.csv,food
data,sub-291b_assay-microstructure_cond-control.csv,food-2
data,sub-291b_assay-microstructure_cond-control.csv,group
data,sub-291b_assay-microstructure_cond-control.csv,group-2
data,sub-291b_assay-microstructure_cond-control.csv,id
data,sub-291b_assay-microstructure_cond-control.csv,start
data,sub-291b_assay-microstructure_cond-control.csv,start-2
data,sub-291b_assay-microstructure_cond-control.csv,thirds
data,sub-291b_assay-microstructure_cond-control.csv,thirds-2
data,sub-291b_assay-microstructure_cond-control.csv,time_1
data,sub-291b_assay-microstructure_cond-control.csv,time_2
data,sub-291b_assay-microstructure_cond-control.csv,time_2-1
data,sub-291b_assay-microstructure_cond-control.csv,time_2-2
data,sub-291b_assay-microstructure_cond-control.csv,trace
data,sub-291b_assay-microstructure_cond-control.csv,trace-2
data,sub-291b_assay-microstructure_cond-deprivaiton.csv,activity
data,sub-291b_assay-microstructure_cond-deprivaiton.csv,activity-2
data,sub-291b_assay-microstructure_cond-deprivaiton.csv,cond
data,sub-291b_assay-microstructure_cond-deprivaiton.csv,food
data,sub-291b_assay-microstructure_cond-deprivaiton.csv,food-2
data,sub-291b_assay-microstructure_cond-deprivaiton.csv,group
data,sub-291b_assay-microstructure_cond-deprivaiton.csv,group-2
data,sub-291b_assay-microstructure_cond-deprivaiton.csv,id
data,sub-291b_assay-microstructure_cond-deprivaiton.csv,start
data,sub-291b_assay-microstructure_cond-deprivaiton.csv,start-2
data,sub-291b_assay-microstructure_cond-deprivaiton.csv,thirds
data,sub-291b_assay-microstructure_cond-deprivaiton.csv,thirds-2
data,sub-291b_assay-microstructure_cond-deprivaiton.csv,time_1
data,sub-291b_assay-microstructure_cond-deprivaiton.csv,time_2
data,sub-291b_assay-microstructure_cond-deprivaiton.csv,time_2-1
data,sub-291b_assay-microstructure_cond-deprivaiton.csv,time_2-2
data,sub-291b_assay-microstructure_cond-deprivaiton.csv,trace
data,sub-291b_assay-microstructure_cond-deprivaiton.csv,trace-2
data,sub-2a94_assay-microstructure_timepoint-a.csv,activity
data,sub-2a94_assay-microstructure_timepoint-a.csv,food
data,sub-2a94_assay-microstructure_timepoint-a.csv,group
data,sub-2a94_assay-microstructure_timepoint-a.csv,id
data,sub-2a94_assay-microstructure_timepoint-a.csv,start
data,sub-2a94_assay-microstructure_timepoint-a.csv,time1
data,sub-2a94_assay-microstructure_timepoint-a.csv,time2
data,sub-2a94_assay-microstructure_timepoint-a.csv,timepoint
data,sub-2a94_assay-microstructure_timepoint-a.csv,trace
data,sub-2a94_assay-microstructure_timepoint-b.csv,activity
data,sub-2a94_assay-microstructure_timepoint-b.csv,food
data,sub-2a94_assay-microstructure_timepoint-b.csv,group
data,sub-2a94_assay-microstructure_timepoint-b.csv,id
data,sub-2a94_assay-microstructure_timepoint-b.csv,start
data,sub-2a94_assay-microstructure_timepoint-b.csv,time1
data,sub-2a94_assay-microstructure_timepoint-b.csv,time2
data,sub-2a94_assay-microstructure_timepoint-b.csv,timepoint
data,sub-2a94_assay-microstructure_timepoint-b.csv,trace
data,sub-2ed4_assay-microstructure_cond-control.csv,activity
data,sub-2ed4_assay-microstructure_cond-control.csv,activity-2
data,sub-2ed4_assay-microstructure_cond-control.csv,cond
data,sub-2ed4_assay-microstructure_cond-control.csv,food
data,sub-2ed4_assay-microstructure_cond-control.csv,food-2
data,sub-2ed4_assay-microstructure_cond-control.csv,group
data,sub-2ed4_assay-microstructure_cond-control.csv,group-2
data,sub-2ed4_assay-microstructure_cond-control.csv,id
data,sub-2ed4_assay-microstructure_cond-control.csv,start
data,sub-2ed4_assay-microstructure_cond-control.csv,start-2
data,sub-2ed4_assay-microstructure_cond-control.csv,thirds
data,sub-2ed4_assay-microstructure_cond-control.csv,thirds-2
data,sub-2ed4_assay-microstructure_cond-control.csv,time_1
data,sub-2ed4_assay-microstructure_cond-control.csv,time_2
data,sub-2ed4_assay-microstructure_cond-control.csv,time_2-1
data,sub-2ed4_assay-microstructure_cond-control.csv,time_2-2
data,sub-2ed4_assay-microstructure_cond-control.csv,trace
data,sub-2ed4_assay-microstructure_cond-control.csv,trace-2
data,sub-2ed4_assay-microstructure_cond-deprivaiton.csv,activity
data,sub-2ed4_assay-microstructure_cond-deprivaiton.csv,activity-2
data,sub-2ed4_assay-microstructure_cond-deprivaiton.csv,cond
data,sub-2ed4_assay-microstructure_cond-deprivaiton.csv,food
data,sub-2ed4_assay-microstructure_cond-deprivaiton.csv,food-2
data,sub-2ed4_assay-microstructure_cond-deprivaiton.csv,group
data,sub-2ed4_assay-microstructure_cond-deprivaiton.csv,group-2
data,sub-2ed4_assay-microstructure_cond-deprivaiton.csv,id
data,sub-2ed4_assay-microstructure_cond-deprivaiton.csv,start
data,sub-2ed4_assay-microstructure_cond-deprivaiton.csv,start-2
data,sub-2ed4_assay-microstructure_cond-deprivaiton.csv,thirds
data,sub-2ed4_assay-microstructure_cond-deprivaiton.csv,thirds-2
data,sub-2ed4_assay-microstructure_cond-deprivaiton.csv,time_1
data,sub-2ed4_assay-microstructure_cond-deprivaiton.csv,time_2
data,sub-2ed4_assay-microstructure_cond-deprivaiton.csv,time_2-1
data,sub-2ed4_assay-microstructure_cond-deprivaiton.csv,time_2-2
data,sub-2ed4_assay-microstructure_cond-deprivaiton.csv,trace
data,sub-2ed4_assay-microstructure_cond-deprivaiton.csv,trace-2
data,sub-31e8_assay-microstructure_timepoint-a.csv,activity
data,sub-31e8_assay-microstructure_timepoint-a.csv,food
data,sub-31e8_assay-microstructure_timepoint-a.csv,group
data,sub-31e8_assay-microstructure_timepoint-a.csv,id
data,sub-31e8_assay-microstructure_timepoint-a.csv,start
data,sub-31e8_assay-microstructure_timepoint-a.csv,time1
data,sub-31e8_assay-microstructure_timepoint-a.csv,time2
data,sub-31e8_assay-microstructure_timepoint-a.csv,timepoint
data,sub-31e8_assay-microstructure_timepoint-a.csv,trace
data,sub-31e8_assay-microstructure_timepoint-b.csv,activity
data,sub-31e8_assay-microstructure_timepoint-b.csv,food
data,sub-31e8_assay-microstructure_timepoint-b.csv,group
data,sub-31e8_assay-microstructure_timepoint-b.csv,id
data,sub-31e8_assay-microstructure_timepoint-b.csv,start
data,sub-31e8_assay-microstructure_timepoint-b.csv,time1
data,sub-31e8_assay-microstructure_timepoint-b.csv,time2
data,sub-31e8_assay-microstructure_timepoint-b.csv,timepoint
data,sub-31e8_assay-microstructure_timepoint-b.csv,trace
data,sub-3520_assay-microstructure_timepoint-a.csv,activity
data,sub-3520_assay-microstructure_timepoint-a.csv,food
data,sub-3520_assay-microstructure_timepoint-a.csv,group
data,sub-3520_assay-microstructure_timepoint-a.csv,id
data,sub-3520_assay-microstructure_timepoint-a.csv,start
data,sub-3520_assay-microstructure_timepoint-a.csv,time1
data,sub-3520_assay-microstructure_timepoint-a.csv,time2
data,sub-3520_assay-microstructure_timepoint-a.csv,timepoint
data,sub-3520_assay-microstructure_timepoint-a.csv,trace
data,sub-3520_assay-microstructure_timepoint-b.csv,activity
data,sub-3520_assay-microstructure_timepoint-b.csv,food
data,sub-3520_assay-microstructure_timepoint-b.csv,group
data,sub-3520_assay-microstructure_timepoint-b.csv,id
data,sub-3520_assay-microstructure_timepoint-b.csv,start
data,sub-3520_assay-microstructure_timepoint-b.csv,time1
data,sub-3520_assay-microstructure_timepoint-b.csv,time2
data,sub-3520_assay-microstructure_timepoint-b.csv,timepoint
data,sub-3520_assay-microstructure_timepoint-b.csv,trace
data,sub-3749_assay-microstructure_timepoint-a.csv,activity
data,sub-3749_assay-microstructure_timepoint-a.csv,food
data,sub-3749_assay-microstructure_timepoint-a.csv,group
data,sub-3749_assay-microstructure_timepoint-a.csv,id
data,sub-3749_assay-microstructure_timepoint-a.csv,start
data,sub-3749_assay-microstructure_timepoint-a.csv,time1
data,sub-3749_assay-microstructure_timepoint-a.csv,time2
data,sub-3749_assay-microstructure_timepoint-a.csv,timepoint
data,sub-3749_assay-microstructure_timepoint-a.csv,trace
data,sub-3749_assay-microstructure_timepoint-b.csv,activity
data,sub-3749_assay-microstructure_timepoint-b.csv,food
data,sub-3749_assay-microstructure_timepoint-b.csv,group
data,sub-3749_assay-microstructure_timepoint-b.csv,id
data,sub-3749_assay-microstructure_timepoint-b.csv,start
data,sub-3749_assay-microstructure_timepoint-b.csv,time1
data,sub-3749_assay-microstructure_timepoint-b.csv,time2
data,sub-3749_assay-microstructure_timepoint-b.csv,timepoint
data,sub-3749_assay-microstructure_timepoint-b.csv,trace
data,sub-3ba4_assay-microstructure_timepoint-a.csv,activity
data,sub-3ba4_assay-microstructure_timepoint-a.csv,food
data,sub-3ba4_assay-microstructure_timepoint-a.csv,group
data,sub-3ba4_assay-microstructure_timepoint-a.csv,id
data,sub-3ba4_assay-microstructure_timepoint-a.csv,start
data,sub-3ba4_assay-microstructure_timepoint-a.csv,time1
data,sub-3ba4_assay-microstructure_timepoint-a.csv,time2
data,sub-3ba4_assay-microstructure_timepoint-a.csv,timepoint
data,sub-3ba4_assay-microstructure_timepoint-a.csv,trace
data,sub-3ba4_assay-microstructure_timepoint-b.csv,activity
data,sub-3ba4_assay-microstructure_timepoint-b.csv,food
data,sub-3ba4_assay-microstructure_timepoint-b.csv,group
data,sub-3ba4_assay-microstructure_timepoint-b.csv,id
data,sub-3ba4_assay-microstructure_timepoint-b.csv,start
data,sub-3ba4_assay-microstructure_timepoint-b.csv,time1
data,sub-3ba4_assay-microstructure_timepoint-b.csv,time2
data,sub-3ba4_assay-microstructure_timepoint-b.csv,timepoint
data,sub-3ba4_assay-microstructure_timepoint-b.csv,trace
data,sub-408d_assay-microstructure_cond-control.csv,activity
data,sub-408d_assay-microstructure_cond-control.csv,activity-2
data,sub-408d_assay-microstructure_cond-control.csv,cond
data,sub-408d_assay-microstructure_cond-control.csv,food
data,sub-408d_assay-microstructure_cond-control.csv,food-2
data,sub-408d_assay-microstructure_cond-control.csv,group
data,sub-408d_assay-microstructure_cond-control.csv,group-2
data,sub-408d_assay-microstructure_cond-control.csv,id
data,sub-408d_assay-microstructure_cond-control.csv,start
data,sub-408d_assay-microstructure_cond-control.csv,start-2
data,sub-408d_assay-microstructure_cond-control.csv,thirds
data,sub-408d_assay-microstructure_cond-control.csv,thirds-2
data,sub-408d_assay-microstructure_cond-control.csv,time_1
data,sub-408d_assay-microstructure_cond-control.csv,time_2
data,sub-408d_assay-microstructure_cond-control.csv,time_2-1
data,sub-408d_assay-microstructure_cond-control.csv,time_2-2
data,sub-408d_assay-microstructure_cond-control.csv,trace
data,sub-408d_assay-microstructure_cond-control.csv,trace-2
data,sub-408d_assay-microstructure_cond-deprivaiton.csv,activity
data,sub-408d_assay-microstructure_cond-deprivaiton.csv,activity-2
data,sub-408d_assay-microstructure_cond-deprivaiton.csv,cond
data,sub-408d_assay-microstructure_cond-deprivaiton.csv,food
data,sub-408d_assay-microstructure_cond-deprivaiton.csv,food-2
data,sub-408d_assay-microstructure_cond-deprivaiton.csv,group
data,sub-408d_assay-microstructure_cond-deprivaiton.csv,group-2
data,sub-408d_assay-microstructure_cond-deprivaiton.csv,id
data,sub-408d_assay-microstructure_cond-deprivaiton.csv,start
data,sub-408d_assay-microstructure_cond-deprivaiton.csv,start-2
data,sub-408d_assay-microstructure_cond-deprivaiton.csv,thirds
data,sub-408d_assay-microstructure_cond-deprivaiton.csv,thirds-2
data,sub-408d_assay-microstructure_cond-deprivaiton.csv,time_1
data,sub-408d_assay-microstructure_cond-deprivaiton.csv,time_2
data,sub-408d_assay-microstructure_cond-deprivaiton.csv,time_2-1
data,sub-408d_assay-microstructure_cond-deprivaiton.csv,time_2-2
data,sub-408d_assay-microstructure_cond-deprivaiton.csv,trace
data,sub-408d_assay-microstructure_cond-deprivaiton.csv,trace-2
data,sub-4299_assay-microstructure_timepoint-a.csv,activity
data,sub-4299_assay-microstructure_timepoint-a.csv,food
data,sub-4299_assay-microstructure_timepoint-a.csv,group
data,sub-4299_assay-microstructure_timepoint-a.csv,id
data,sub-4299_assay-microstructure_timepoint-a.csv,start
data,sub-4299_assay-microstructure_timepoint-a.csv,time1
data,sub-4299_assay-microstructure_timepoint-a.csv,time2
data,sub-4299_assay-microstructure_timepoint-a.csv,timepoint
data,sub-4299_assay-microstructure_timepoint-a.csv,trace
data,sub-4299_assay-microstructure_timepoint-b.csv,activity
data,sub-4299_assay-microstructure_timepoint-b.csv,food
data,sub-4299_assay-microstructure_timepoint-b.csv,group
data,sub-4299_assay-microstructure_timepoint-b.csv,id
data,sub-4299_assay-microstructure_timepoint-b.csv,start
data,sub-4299_assay-microstructure_timepoint-b.csv,time1
data,sub-4299_assay-microstructure_timepoint-b.csv,time2
data,sub-4299_assay-microstructure_timepoint-b.csv,timepoint
data,sub-4299_assay-microstructure_timepoint-b.csv,trace
data,sub-42c5_assay-microstructure_cond-control.csv,activity
data,sub-42c5_assay-microstructure_cond-control.csv,activity-2
data,sub-42c5_assay-microstructure_cond-control.csv,cond
data,sub-42c5_assay-microstructure_cond-control.csv,food
data,sub-42c5_assay-microstructure_cond-control.csv,food-2
data,sub-42c5_assay-microstructure_cond-control.csv,group
data,sub-42c5_assay-microstructure_cond-control.csv,group-2
data,sub-42c5_assay-microstructure_cond-control.csv,id
data,sub-42c5_assay-microstructure_cond-control.csv,start
data,sub-42c5_assay-microstructure_cond-control.csv,start-2
data,sub-42c5_assay-microstructure_cond-control.csv,thirds
data,sub-42c5_assay-microstructure_cond-control.csv,thirds-2
data,sub-42c5_assay-microstructure_cond-control.csv,time_1
data,sub-42c5_assay-microstructure_cond-control.csv,time_2
data,sub-42c5_assay-microstructure_cond-control.csv,time_2-1
data,sub-42c5_assay-microstructure_cond-control.csv,time_2-2
data,sub-42c5_assay-microstructure_cond-control.csv,trace
data,sub-42c5_assay-microstructure_cond-control.csv,trace-2
data,sub-42c5_assay-microstructure_cond-deprivaiton.csv,activity
data,sub-42c5_assay-microstructure_cond-deprivaiton.csv,activity-2
data,sub-42c5_assay-microstructure_cond-deprivaiton.csv,cond
data,sub-42c5_assay-microstructure_cond-deprivaiton.csv,food
data,sub-42c5_assay-microstructure_cond-deprivaiton.csv,food-2
data,sub-42c5_assay-microstructure_cond-deprivaiton.csv,group
data,sub-42c5_assay-microstructure_cond-deprivaiton.csv,group-2
data,sub-42c5_assay-microstructure_cond-deprivaiton.csv,id
data,sub-42c5_assay-microstructure_cond-deprivaiton.csv,start
data,sub-42c5_assay-microstructure_cond-deprivaiton.csv,start-2
data,sub-42c5_assay-microstructure_cond-deprivaiton.csv,thirds
data,sub-42c5_assay-microstructure_cond-deprivaiton.csv,thirds-2
data,sub-42c5_assay-microstructure_cond-deprivaiton.csv,time_1
data,sub-42c5_assay-microstructure_cond-deprivaiton.csv,time_2
data,sub-42c5_assay-microstructure_cond-deprivaiton.csv,time_2-1
data,sub-42c5_assay-microstructure_cond-deprivaiton.csv,time_2-2
data,sub-42c5_assay-microstructure_cond-deprivaiton.csv,trace
data,sub-42c5_assay-microstructure_cond-deprivaiton.csv,trace-2
data,sub-42ff_assay-microstructure_timepoint-a.csv,activity
data,sub-42ff_assay-microstructure_timepoint-a.csv,food
data,sub-42ff_assay-microstructure_timepoint-a.csv,group
data,sub-42ff_assay-microstructure_timepoint-a.csv,id
data,sub-42ff_assay-microstructure_timepoint-a.csv,start
data,sub-42ff_assay-microstructure_timepoint-a.csv,time1
data,sub-42ff_assay-microstructure_timepoint-a.csv,time2
data,sub-42ff_assay-microstructure_timepoint-a.csv,timepoint
data,sub-42ff_assay-microstructure_timepoint-a.csv,trace
data,sub-42ff_assay-microstructure_timepoint-b.csv,activity
data,sub-42ff_assay-microstructure_timepoint-b.csv,food
data,sub-42ff_assay-microstructure_timepoint-b.csv,group
data,sub-42ff_assay-microstructure_timepoint-b.csv,id
data,sub-42ff_assay-microstructure_timepoint-b.csv,start
data,sub-42ff_assay-microstructure_timepoint-b.csv,time1
data,sub-42ff_assay-microstructure_timepoint-b.csv,time2
data,sub-42ff_assay-microstructure_timepoint-b.csv,timepoint
data,sub-42ff_assay-microstructure_timepoint-b.csv,trace
data,sub-4325_assay-microstructure_timepoint-a.csv,activity
data,sub-4325_assay-microstructure_timepoint-a.csv,food
data,sub-4325_assay-microstructure_timepoint-a.csv,group
data,sub-4325_assay-microstructure_timepoint-a.csv,id
data,sub-4325_assay-microstructure_timepoint-a.csv,start
data,sub-4325_assay-microstructure_timepoint-a.csv,time1
data,sub-4325_assay-microstructure_timepoint-a.csv,time2
data,sub-4325_assay-microstructure_timepoint-a.csv,timepoint
data,sub-4325_assay-microstructure_timepoint-a.csv,trace
data,sub-4325_assay-microstructure_timepoint-b.csv,activity
data,sub-4325_assay-microstructure_timepoint-b.csv,food
data,sub-4325_assay-microstructure_timepoint-b.csv,group
data,sub-4325_assay-microstructure_timepoint-b.csv,id
data,sub-4325_assay-microstructure_timepoint-b.csv,start
data,sub-4325_assay-microstructure_timepoint-b.csv,time1
data,sub-4325_assay-microstructure_timepoint-b.csv,time2
data,sub-4325_assay-microstructure_timepoint-b.csv,timepoint
data,sub-4325_assay-microstructure_timepoint-b.csv,trace
data,sub-43c1_assay-microstructure_timepoint-a.csv,activity
data,sub-43c1_assay-microstructure_timepoint-a.csv,food
data,sub-43c1_assay-microstructure_timepoint-a.csv,group
data,sub-43c1_assay-microstructure_timepoint-a.csv,id
data,sub-43c1_assay-microstructure_timepoint-a.csv,start
data,sub-43c1_assay-microstructure_timepoint-a.csv,time1
data,sub-43c1_assay-microstructure_timepoint-a.csv,time2
data,sub-43c1_assay-microstructure_timepoint-a.csv,timepoint
data,sub-43c1_assay-microstructure_timepoint-a.csv,trace
data,sub-43c1_assay-microstructure_timepoint-b.csv,activity
data,sub-43c1_assay-microstructure_timepoint-b.csv,food
data,sub-43c1_assay-microstructure_timepoint-b.csv,group
data,sub-43c1_assay-microstructure_timepoint-b.csv,id
data,sub-43c1_assay-microstructure_timepoint-b.csv,start
data,sub-43c1_assay-microstructure_timepoint-b.csv,time1
data,sub-43c1_assay-microstructure_timepoint-b.csv,time2
data,sub-43c1_assay-microstructure_timepoint-b.csv,timepoint
data,sub-43c1_assay-microstructure_timepoint-b.csv,trace
data,sub-44e6_assay-microstructure_cond-control.csv,activity
data,sub-44e6_assay-microstructure_cond-control.csv,activity-2
data,sub-44e6_assay-microstructure_cond-control.csv,cond
data,sub-44e6_assay-microstructure_cond-control.csv,food
data,sub-44e6_assay-microstructure_cond-control.csv,food-2
data,sub-44e6_assay-microstructure_cond-control.csv,id
data,sub-44e6_assay-microstructure_cond-control.csv,start
data,sub-44e6_assay-microstructure_cond-control.csv,start-2
data,sub-44e6_assay-microstructure_cond-control.csv,time_1
data,sub-44e6_assay-microstructure_cond-control.csv,time_2
data,sub-44e6_assay-microstructure_cond-control.csv,time_2-1
data,sub-44e6_assay-microstructure_cond-control.csv,time_2-2
data,sub-44e6_assay-microstructure_cond-control.csv,trace
data,sub-44e6_assay-microstructure_cond-control.csv,trace-2
data,sub-44e6_assay-microstructure_cond-deprivaiton.csv,activity
data,sub-44e6_assay-microstructure_cond-deprivaiton.csv,activity-2
data,sub-44e6_assay-microstructure_cond-deprivaiton.csv,cond
data,sub-44e6_assay-microstructure_cond-deprivaiton.csv,food
data,sub-44e6_assay-microstructure_cond-deprivaiton.csv,food-2
data,sub-44e6_assay-microstructure_cond-deprivaiton.csv,id
data,sub-44e6_assay-microstructure_cond-deprivaiton.csv,start
data,sub-44e6_assay-microstructure_cond-deprivaiton.csv,start-2
data,sub-44e6_assay-microstructure_cond-deprivaiton.csv,time_1
data,sub-44e6_assay-microstructure_cond-deprivaiton.csv,time_2
data,sub-44e6_assay-microstructure_cond-deprivaiton.csv,time_2-1
data,sub-44e6_assay-microstructure_cond-deprivaiton.csv,time_2-2
data,sub-44e6_assay-microstructure_cond-deprivaiton.csv,trace
data,sub-44e6_assay-microstructure_cond-deprivaiton.csv,trace-2
data,sub-44fa_assay-microstructure_cond-control.csv,activity
data,sub-44fa_assay-microstructure_cond-control.csv,activity-2
data,sub-44fa_assay-microstructure_cond-control.csv,cond
data,sub-44fa_assay-microstructure_cond-control.csv,food
data,sub-44fa_assay-microstructure_cond-control.csv,food-2
data,sub-44fa_assay-microstructure_cond-control.csv,group
data,sub-44fa_assay-microstructure_cond-control.csv,group-2
data,sub-44fa_assay-microstructure_cond-control.csv,id
data,sub-44fa_assay-microstructure_cond-control.csv,start
data,sub-44fa_assay-microstructure_cond-control.csv,start-2
data,sub-44fa_assay-microstructure_cond-control.csv,thirds
data,sub-44fa_assay-microstructure_cond-control.csv,thirds-2
data,sub-44fa_assay-microstructure_cond-control.csv,time_1
data,sub-44fa_assay-microstructure_cond-control.csv,time_2
data,sub-44fa_assay-microstructure_cond-control.csv,time_2-1
data,sub-44fa_assay-microstructure_cond-control.csv,time_2-2
data,sub-44fa_assay-microstructure_cond-control.csv,trace
data,sub-44fa_assay-microstructure_cond-control.csv,trace-2
data,sub-44fa_assay-microstructure_cond-deprivaiton.csv,activity
data,sub-44fa_assay-microstructure_cond-deprivaiton.csv,activity-2
data,sub-44fa_assay-microstructure_cond-deprivaiton.csv,cond
data,sub-44fa_assay-microstructure_cond-deprivaiton.csv,food
data,sub-44fa_assay-microstructure_cond-deprivaiton.csv,food-2
data,sub-44fa_assay-microstructure_cond-deprivaiton.csv,group
data,sub-44fa_assay-microstructure_cond-deprivaiton.csv,group-2
data,sub-44fa_assay-microstructure_cond-deprivaiton.csv,id
data,sub-44fa_assay-microstructure_cond-deprivaiton.csv,start
data,sub-44fa_assay-microstructure_cond-deprivaiton.csv,start-2
data,sub-44fa_assay-microstructure_cond-deprivaiton.csv,thirds
data,sub-44fa_assay-microstructure_cond-deprivaiton.csv,thirds-2
data,sub-44fa_assay-microstructure_cond-deprivaiton.csv,time_1
data,sub-44fa_assay-microstructure_cond-deprivaiton.csv,time_2
data,sub-44fa_assay-microstructure_cond-deprivaiton.csv,time_2-1
data,sub-44fa_assay-microstructure_cond-deprivaiton.csv,time_2-2
data,sub-44fa_assay-microstructure_cond-deprivaiton.csv,trace
data,sub-44fa_assay-microstructure_cond-deprivaiton.csv,trace-2
data,sub-46db_assay-microstructure_cond-control.csv,activity
data,sub-46db_assay-microstructure_cond-control.csv,activity-2
data,sub-46db_assay-microstructure_cond-control.csv,cond
data,sub-46db_assay-microstructure_cond-control.csv,food
data,sub-46db_assay-microstructure_cond-control.csv,food-2
data,sub-46db_assay-microstructure_cond-control.csv,group
data,sub-46db_assay-microstructure_cond-control.csv,group-2
data,sub-46db_assay-microstructure_cond-control.csv,id
data,sub-46db_assay-microstructure_cond-control.csv,start
data,sub-46db_assay-microstructure_cond-control.csv,start-2
data,sub-46db_assay-microstructure_cond-control.csv,time_1
data,sub-46db_assay-microstructure_cond-control.csv,time_2
data,sub-46db_assay-microstructure_cond-control.csv,time_2-1
data,sub-46db_assay-microstructure_cond-control.csv,time_2-2
data,sub-46db_assay-microstructure_cond-control.csv,trace
data,sub-46db_assay-microstructure_cond-control.csv,trace-2
data,sub-46db_assay-microstructure_cond-deprivaiton.csv,activity
data,sub-46db_assay-microstructure_cond-deprivaiton.csv,activity-2
data,sub-46db_assay-microstructure_cond-deprivaiton.csv,cond
data,sub-46db_assay-microstructure_cond-deprivaiton.csv,food
data,sub-46db_assay-microstructure_cond-deprivaiton.csv,food-2
data,sub-46db_assay-microstructure_cond-deprivaiton.csv,group
data,sub-46db_assay-microstructure_cond-deprivaiton.csv,group-2
data,sub-46db_assay-microstructure_cond-deprivaiton.csv,id
data,sub-46db_assay-microstructure_cond-deprivaiton.csv,start
data,sub-46db_assay-microstructure_cond-deprivaiton.csv,start-2
data,sub-46db_assay-microstructure_cond-deprivaiton.csv,time_1
data,sub-46db_assay-microstructure_cond-deprivaiton.csv,time_2
data,sub-46db_assay-microstructure_cond-deprivaiton.csv,time_2-1
data,sub-46db_assay-microstructure_cond-deprivaiton.csv,time_2-2
data,sub-46db_assay-microstructure_cond-deprivaiton.csv,trace
data,sub-46db_assay-microstructure_cond-deprivaiton.csv,trace-2
data,sub-4750_assay-microstructure_cond-control.csv,activity
data,sub-4750_assay-microstructure_cond-control.csv,activity-2
data,sub-4750_assay-microstructure_cond-control.csv,cond
data,sub-4750_assay-microstructure_cond-control.csv,food
data,sub-4750_assay-microstructure_cond-control.csv,food-2
data,sub-4750_assay-microstructure_cond-control.csv,group
data,sub-4750_assay-microstructure_cond-control.csv,group-2
data,sub-4750_assay-microstructure_cond-control.csv,id
data,sub-4750_assay-microstructure_cond-control.csv,start
data,sub-4750_assay-microstructure_cond-control.csv,start-2
data,sub-4750_assay-microstructure_cond-control.csv,thirds
data,sub-4750_assay-microstructure_cond-control.csv,thirds-2
data,sub-4750_assay-microstructure_cond-control.csv,time_1
data,sub-4750_assay-microstructure_cond-control.csv,time_2
data,sub-4750_assay-microstructure_cond-control.csv,time_2-1
data,sub-4750_assay-microstructure_cond-control.csv,time_2-2
data,sub-4750_assay-microstructure_cond-control.csv,trace
data,sub-4750_assay-microstructure_cond-control.csv,trace-2
data,sub-4750_assay-microstructure_cond-deprivaiton.csv,activity
data,sub-4750_assay-microstructure_cond-deprivaiton.csv,activity-2
data,sub-4750_assay-microstructure_cond-deprivaiton.csv,cond
data,sub-4750_assay-microstructure_cond-deprivaiton.csv,food
data,sub-4750_assay-microstructure_cond-deprivaiton.csv,food-2
data,sub-4750_assay-microstructure_cond-deprivaiton.csv,group
data,sub-4750_assay-microstructure_cond-deprivaiton.csv,group-2
data,sub-4750_assay-microstructure_cond-deprivaiton.csv,id
data,sub-4750_assay-microstructure_cond-deprivaiton.csv,start
data,sub-4750_assay-microstructure_cond-deprivaiton.csv,start-2
data,sub-4750_assay-microstructure_cond-deprivaiton.csv,thirds
data,sub-4750_assay-microstructure_cond-deprivaiton.csv,thirds-2
data,sub-4750_assay-microstructure_cond-deprivaiton.csv,time_1
data,sub-4750_assay-microstructure_cond-deprivaiton.csv,time_2
data,sub-4750_assay-microstructure_cond-deprivaiton.csv,time_2-1
data,sub-4750_assay-microstructure_cond-deprivaiton.csv,time_2-2
data,sub-4750_assay-microstructure_cond-deprivaiton.csv,trace
data,sub-4750_assay-microstructure_cond-deprivaiton.csv,trace-2
data,sub-4769_assay-microstructure_cond-control.csv,activity
data,sub-4769_assay-microstructure_cond-control.csv,activity-2
data,sub-4769_assay-microstructure_cond-control.csv,cond
data,sub-4769_assay-microstructure_cond-control.csv,food
data,sub-4769_assay-microstructure_cond-control.csv,food-2
data,sub-4769_assay-microstructure_cond-control.csv,group
data,sub-4769_assay-microstructure_cond-control.csv,group-2
data,sub-4769_assay-microstructure_cond-control.csv,id
data,sub-4769_assay-microstructure_cond-control.csv,start
data,sub-4769_assay-microstructure_cond-control.csv,start-2
data,sub-4769_assay-microstructure_cond-control.csv,thirds
data,sub-4769_assay-microstructure_cond-control.csv,thirds-2
data,sub-4769_assay-microstructure_cond-control.csv,time_1
data,sub-4769_assay-microstructure_cond-control.csv,time_2
data,sub-4769_assay-microstructure_cond-control.csv,time_2-1
data,sub-4769_assay-microstructure_cond-control.csv,time_2-2
data,sub-4769_assay-microstructure_cond-control.csv,trace
data,sub-4769_assay-microstructure_cond-control.csv,trace-2
data,sub-4769_assay-microstructure_cond-deprivaiton.csv,activity
data,sub-4769_assay-microstructure_cond-deprivaiton.csv,activity-2
data,sub-4769_assay-microstructure_cond-deprivaiton.csv,cond
data,sub-4769_assay-microstructure_cond-deprivaiton.csv,food
data,sub-4769_assay-microstructure_cond-deprivaiton.csv,food-2
data,sub-4769_assay-microstructure_cond-deprivaiton.csv,group
data,sub-4769_assay-microstructure_cond-deprivaiton.csv,group-2
data,sub-4769_assay-microstructure_cond-deprivaiton.csv,id
data,sub-4769_assay-microstructure_cond-deprivaiton.csv,start
data,sub-4769_assay-microstructure_cond-deprivaiton.csv,start-2
data,sub-4769_assay-microstructure_cond-deprivaiton.csv,thirds
data,sub-4769_assay-microstructure_cond-deprivaiton.csv,thirds-2
data,sub-4769_assay-microstructure_cond-deprivaiton.csv,time_1
data,sub-4769_assay-microstructure_cond-deprivaiton.csv,time_2
data,sub-4769_assay-microstructure_cond-deprivaiton.csv,time_2-1
data,sub-4769_assay-microstructure_cond-deprivaiton.csv,time_2-2
data,sub-4769_assay-microstructure_cond-deprivaiton.csv,trace
data,sub-4769_assay-microstructure_cond-deprivaiton.csv,trace-2
data,sub-4805_assay-microstructure_timepoint-a.csv,activity
data,sub-4805_assay-microstructure_timepoint-a.csv,food
data,sub-4805_assay-microstructure_timepoint-a.csv,group
data,sub-4805_assay-microstructure_timepoint-a.csv,id
data,sub-4805_assay-microstructure_timepoint-a.csv,start
data,sub-4805_assay-microstructure_timepoint-a.csv,time1
data,sub-4805_assay-microstructure_timepoint-a.csv,time2
data,sub-4805_assay-microstructure_timepoint-a.csv,timepoint
data,sub-4805_assay-microstructure_timepoint-a.csv,trace
data,sub-4805_assay-microstructure_timepoint-b.csv,activity
data,sub-4805_assay-microstructure_timepoint-b.csv,food
data,sub-4805_assay-microstructure_timepoint-b.csv,group
data,sub-4805_assay-microstructure_timepoint-b.csv,id
data,sub-4805_assay-microstructure_timepoint-b.csv,start
data,sub-4805_assay-microstructure_timepoint-b.csv,time1
data,sub-4805_assay-microstructure_timepoint-b.csv,time2
data,sub-4805_assay-microstructure_timepoint-b.csv,timepoint
data,sub-4805_assay-microstructure_timepoint-b.csv,trace
data,sub-4b22_assay-microstructure_timepoint-a.csv,activity
data,sub-4b22_assay-microstructure_timepoint-a.csv,food
data,sub-4b22_assay-microstructure_timepoint-a.csv,group
data,sub-4b22_assay-microstructure_timepoint-a.csv,id
data,sub-4b22_assay-microstructure_timepoint-a.csv,start
data,sub-4b22_assay-microstructure_timepoint-a.csv,time1
data,sub-4b22_assay-microstructure_timepoint-a.csv,time2
data,sub-4b22_assay-microstructure_timepoint-a.csv,timepoint
data,sub-4b22_assay-microstructure_timepoint-a.csv,trace
data,sub-4b22_assay-microstructure_timepoint-b.csv,activity
data,sub-4b22_assay-microstructure_timepoint-b.csv,food
data,sub-4b22_assay-microstructure_timepoint-b.csv,group
data,sub-4b22_assay-microstructure_timepoint-b.csv,id
data,sub-4b22_assay-microstructure_timepoint-b.csv,start
data,sub-4b22_assay-microstructure_timepoint-b.csv,time1
data,sub-4b22_assay-microstructure_timepoint-b.csv,time2
data,sub-4b22_assay-microstructure_timepoint-b.csv,timepoint
data,sub-4b22_assay-microstructure_timepoint-b.csv,trace
data,sub-4ca4_assay-microstructure_cond-control.csv,activity
data,sub-4ca4_assay-microstructure_cond-control.csv,activity-2
data,sub-4ca4_assay-microstructure_cond-control.csv,cond
data,sub-4ca4_assay-microstructure_cond-control.csv,food
data,sub-4ca4_assay-microstructure_cond-control.csv,food-2
data,sub-4ca4_assay-microstructure_cond-control.csv,group
data,sub-4ca4_assay-microstructure_cond-control.csv,group-2
data,sub-4ca4_assay-microstructure_cond-control.csv,id
data,sub-4ca4_assay-microstructure_cond-control.csv,start
data,sub-4ca4_assay-microstructure_cond-control.csv,start-2
data,sub-4ca4_assay-microstructure_cond-control.csv,thirds
data,sub-4ca4_assay-microstructure_cond-control.csv,thirds-2
data,sub-4ca4_assay-microstructure_cond-control.csv,time_1
data,sub-4ca4_assay-microstructure_cond-control.csv,time_2
data,sub-4ca4_assay-microstructure_cond-control.csv,time_2-1
data,sub-4ca4_assay-microstructure_cond-control.csv,time_2-2
data,sub-4ca4_assay-microstructure_cond-control.csv,trace
data,sub-4ca4_assay-microstructure_cond-control.csv,trace-2
data,sub-4ca4_assay-microstructure_cond-deprivaiton.csv,activity
data,sub-4ca4_assay-microstructure_cond-deprivaiton.csv,activity-2
data,sub-4ca4_assay-microstructure_cond-deprivaiton.csv,cond
data,sub-4ca4_assay-microstructure_cond-deprivaiton.csv,food
data,sub-4ca4_assay-microstructure_cond-deprivaiton.csv,food-2
data,sub-4ca4_assay-microstructure_cond-deprivaiton.csv,group
data,sub-4ca4_assay-microstructure_cond-deprivaiton.csv,group-2
data,sub-4ca4_assay-microstructure_cond-deprivaiton.csv,id
data,sub-4ca4_assay-microstructure_cond-deprivaiton.csv,start
data,sub-4ca4_assay-microstructure_cond-deprivaiton.csv,start-2
data,sub-4ca4_assay-microstructure_cond-deprivaiton.csv,thirds
data,sub-4ca4_assay-microstructure_cond-deprivaiton.csv,thirds-2
data,sub-4ca4_assay-microstructure_cond-deprivaiton.csv,time_1
data,sub-4ca4_assay-microstructure_cond-deprivaiton.csv,time_2
data,sub-4ca4_assay-microstructure_cond-deprivaiton.csv,time_2-1
data,sub-4ca4_assay-microstructure_cond-deprivaiton.csv,time_2-2
data,sub-4ca4_assay-microstructure_cond-deprivaiton.csv,trace
data,sub-4ca4_assay-microstructure_cond-deprivaiton.csv,trace-2
data,sub-4d17_assay-microstructure_timepoint-a.csv,activity
data,sub-4d17_assay-microstructure_timepoint-a.csv,food
data,sub-4d17_assay-microstructure_timepoint-a.csv,group
data,sub-4d17_assay-microstructure_timepoint-a.csv,id
data,sub-4d17_assay-microstructure_timepoint-a.csv,start
data,sub-4d17_assay-microstructure_timepoint-a.csv,time1
data,sub-4d17_assay-microstructure_timepoint-a.csv,time2
data,sub-4d17_assay-microstructure_timepoint-a.csv,timepoint
data,sub-4d17_assay-microstructure_timepoint-a.csv,trace
data,sub-4d17_assay-microstructure_timepoint-b.csv,activity
data,sub-4d17_assay-microstructure_timepoint-b.csv,food
data,sub-4d17_assay-microstructure_timepoint-b.csv,group
data,sub-4d17_assay-microstructure_timepoint-b.csv,id
data,sub-4d17_assay-microstructure_timepoint-b.csv,start
data,sub-4d17_assay-microstructure_timepoint-b.csv,time1
data,sub-4d17_assay-microstructure_timepoint-b.csv,time2
data,sub-4d17_assay-microstructure_timepoint-b.csv,timepoint
data,sub-4d17_assay-microstructure_timepoint-b.csv,trace
data,sub-5181_assay-microstructure_cond-control.csv,activity
data,sub-5181_assay-microstructure_cond-control.csv,activity-2
data,sub-5181_assay-microstructure_cond-control.csv,cond
data,sub-5181_assay-microstructure_cond-control.csv,food
data,sub-5181_assay-microstructure_cond-control.csv,food-2
data,sub-5181_assay-microstructure_cond-control.csv,group
data,sub-5181_assay-microstructure_cond-control.csv,group-2
data,sub-5181_assay-microstructure_cond-control.csv,id
data,sub-5181_assay-microstructure_cond-control.csv,start
data,sub-5181_assay-microstructure_cond-control.csv,start-2
data,sub-5181_assay-microstructure_cond-control.csv,thirds
data,sub-5181_assay-microstructure_cond-control.csv,thirds-2
data,sub-5181_assay-microstructure_cond-control.csv,time_1
data,sub-5181_assay-microstructure_cond-control.csv,time_2
data,sub-5181_assay-microstructure_cond-control.csv,time_2-1
data,sub-5181_assay-microstructure_cond-control.csv,time_2-2
data,sub-5181_assay-microstructure_cond-control.csv,trace
data,sub-5181_assay-microstructure_cond-control.csv,trace-2
data,sub-5181_assay-microstructure_cond-deprivaiton.csv,activity
data,sub-5181_assay-microstructure_cond-deprivaiton.csv,activity-2
data,sub-5181_assay-microstructure_cond-deprivaiton.csv,cond
data,sub-5181_assay-microstructure_cond-deprivaiton.csv,food
data,sub-5181_assay-microstructure_cond-deprivaiton.csv,food-2
data,sub-5181_assay-microstructure_cond-deprivaiton.csv,group
data,sub-5181_assay-microstructure_cond-deprivaiton.csv,group-2
data,sub-5181_assay-microstructure_cond-deprivaiton.csv,id
data,sub-5181_assay-microstructure_cond-deprivaiton.csv,start
data,sub-5181_assay-microstructure_cond-deprivaiton.csv,start-2
data,sub-5181_assay-microstructure_cond-deprivaiton.csv,thirds
data,sub-5181_assay-microstructure_cond-deprivaiton.csv,thirds-2
data,sub-5181_assay-microstructure_cond-deprivaiton.csv,time_1
data,sub-5181_assay-microstructure_cond-deprivaiton.csv,time_2
data,sub-5181_assay-microstructure_cond-deprivaiton.csv,time_2-1
data,sub-5181_assay-microstructure_cond-deprivaiton.csv,time_2-2
data,sub-5181_assay-microstructure_cond-deprivaiton.csv,trace
data,sub-5181_assay-microstructure_cond-deprivaiton.csv,trace-2
data,sub-5253_assay-microstructure_cond-control.csv,activity
data,sub-5253_assay-microstructure_cond-control.csv,activity-2
data,sub-5253_assay-microstructure_cond-control.csv,cond
data,sub-5253_assay-microstructure_cond-control.csv,food
data,sub-5253_assay-microstructure_cond-control.csv,food-2
data,sub-5253_assay-microstructure_cond-control.csv,group
data,sub-5253_assay-microstructure_cond-control.csv,group-2
data,sub-5253_assay-microstructure_cond-control.csv,id
data,sub-5253_assay-microstructure_cond-control.csv,start
data,sub-5253_assay-microstructure_cond-control.csv,start-2
data,sub-5253_assay-microstructure_cond-control.csv,thirds
data,sub-5253_assay-microstructure_cond-control.csv,thirds-2
data,sub-5253_assay-microstructure_cond-control.csv,time_1
data,sub-5253_assay-microstructure_cond-control.csv,time_2
data,sub-5253_assay-microstructure_cond-control.csv,time_2-1
data,sub-5253_assay-microstructure_cond-control.csv,time_2-2
data,sub-5253_assay-microstructure_cond-control.csv,trace
data,sub-5253_assay-microstructure_cond-control.csv,trace-2
data,sub-5253_assay-microstructure_cond-deprivaiton.csv,activity
data,sub-5253_assay-microstructure_cond-deprivaiton.csv,activity-2
data,sub-5253_assay-microstructure_cond-deprivaiton.csv,cond
data,sub-5253_assay-microstructure_cond-deprivaiton.csv,food
data,sub-5253_assay-microstructure_cond-deprivaiton.csv,food-2
data,sub-5253_assay-microstructure_cond-deprivaiton.csv,gr oup-2
data,sub-5253_assay-microstructure_cond-deprivaiton.csv,group
data,sub-5253_assay-microstructure_cond-deprivaiton.csv,id
data,sub-5253_assay-microstructure_cond-deprivaiton.csv,start
data,sub-5253_assay-microstructure_cond-deprivaiton.csv,start-2
data,sub-5253_assay-microstructure_cond-deprivaiton.csv,thirds
data,sub-5253_assay-microstructure_cond-deprivaiton.csv,thirds-2
data,sub-5253_assay-microstructure_cond-deprivaiton.csv,time_1
data,sub-5253_assay-microstructure_cond-deprivaiton.csv,time_2
data,sub-5253_assay-microstructure_cond-deprivaiton.csv,time_2-1
data,sub-5253_assay-microstructure_cond-deprivaiton.csv,time_2-2
data,sub-5253_assay-microstructure_cond-deprivaiton.csv,trace
data,sub-5253_assay-microstructure_cond-deprivaiton.csv,trace-2
data,sub-5326_assay-microstructure_cond-control.csv,activity
data,sub-5326_assay-microstructure_cond-control.csv,activity-2
data,sub-5326_assay-microstructure_cond-control.csv,cond
data,sub-5326_assay-microstructure_cond-control.csv,food
data,sub-5326_assay-microstructure_cond-control.csv,food-2
data,sub-5326_assay-microstructure_cond-control.csv,group
data,sub-5326_assay-microstructure_cond-control.csv,group-2
data,sub-5326_assay-microstructure_cond-control.csv,id
data,sub-5326_assay-microstructure_cond-control.csv,start
data,sub-5326_assay-microstructure_cond-control.csv,start-2
data,sub-5326_assay-microstructure_cond-control.csv,thirds
data,sub-5326_assay-microstructure_cond-control.csv,thirds-2
data,sub-5326_assay-microstructure_cond-control.csv,time_1
data,sub-5326_assay-microstructure_cond-control.csv,time_2
data,sub-5326_assay-microstructure_cond-control.csv,time_2-1
data,sub-5326_assay-microstructure_cond-control.csv,time_2-2
data,sub-5326_assay-microstructure_cond-control.csv,trace
data,sub-5326_assay-microstructure_cond-control.csv,trace-2
data,sub-5326_assay-microstructure_cond-deprivaiton.csv,activity
data,sub-5326_assay-microstructure_cond-deprivaiton.csv,activity-2
data,sub-5326_assay-microstructure_cond-deprivaiton.csv,cond
data,sub-5326_assay-microstructure_cond-deprivaiton.csv,food
data,sub-5326_assay-microstructure_cond-deprivaiton.csv,food-2
data,sub-5326_assay-microstructure_cond-deprivaiton.csv,group
data,sub-5326_assay-microstructure_cond-deprivaiton.csv,group-2
data,sub-5326_assay-microstructure_cond-deprivaiton.csv,id
data,sub-5326_assay-microstructure_cond-deprivaiton.csv,start
data,sub-5326_assay-microstructure_cond-deprivaiton.csv,start-2
data,sub-5326_assay-microstructure_cond-deprivaiton.csv,thirds
data,sub-5326_assay-microstructure_cond-deprivaiton.csv,thirds-2
data,sub-5326_assay-microstructure_cond-deprivaiton.csv,time_1
data,sub-5326_assay-microstructure_cond-deprivaiton.csv,time_2
data,sub-5326_assay-microstructure_cond-deprivaiton.csv,time_2-1
data,sub-5326_assay-microstructure_cond-deprivaiton.csv,time_2-2
data,sub-5326_assay-microstructure_cond-deprivaiton.csv,trace
data,sub-5326_assay-microstructure_cond-deprivaiton.csv,trace-2
data,sub-54a6_assay-microstructure_timepoint-a.csv,activity
data,sub-54a6_assay-microstructure_timepoint-a.csv,food
data,sub-54a6_assay-microstructure_timepoint-a.csv,group
data,sub-54a6_assay-microstructure_timepoint-a.csv,id
data,sub-54a6_assay-microstructure_timepoint-a.csv,start
data,sub-54a6_assay-microstructure_timepoint-a.csv,time1
data,sub-54a6_assay-microstructure_timepoint-a.csv,time2
data,sub-54a6_assay-microstructure_timepoint-a.csv,timepoint
data,sub-54a6_assay-microstructure_timepoint-a.csv,trace
data,sub-54a6_assay-microstructure_timepoint-b.csv,activity
data,sub-54a6_assay-microstructure_timepoint-b.csv,food
data,sub-54a6_assay-microstructure_timepoint-b.csv,group
data,sub-54a6_assay-microstructure_timepoint-b.csv,id
data,sub-54a6_assay-microstructure_timepoint-b.csv,start
data,sub-54a6_assay-microstructure_timepoint-b.csv,time1
data,sub-54a6_assay-microstructure_timepoint-b.csv,time2
data,sub-54a6_assay-microstructure_timepoint-b.csv,timepoint
data,sub-54a6_assay-microstructure_timepoint-b.csv,trace
data,sub-54b1_assay-microstructure_cond-control.csv,activity
data,sub-54b1_assay-microstructure_cond-control.csv,activity-2
data,sub-54b1_assay-microstructure_cond-control.csv,cond
data,sub-54b1_assay-microstructure_cond-control.csv,food
data,sub-54b1_assay-microstructure_cond-control.csv,food-2
data,sub-54b1_assay-microstructure_cond-control.csv,group
data,sub-54b1_assay-microstructure_cond-control.csv,group-2
data,sub-54b1_assay-microstructure_cond-control.csv,id
data,sub-54b1_assay-microstructure_cond-control.csv,start
data,sub-54b1_assay-microstructure_cond-control.csv,start-2
data,sub-54b1_assay-microstructure_cond-control.csv,thirds
data,sub-54b1_assay-microstructure_cond-control.csv,thirds-2
data,sub-54b1_assay-microstructure_cond-control.csv,time_1
data,sub-54b1_assay-microstructure_cond-control.csv,time_2
data,sub-54b1_assay-microstructure_cond-control.csv,time_2-1
data,sub-54b1_assay-microstructure_cond-control.csv,time_2-2
data,sub-54b1_assay-microstructure_cond-control.csv,trace
data,sub-54b1_assay-microstructure_cond-control.csv,trace-2
data,sub-54b1_assay-microstructure_cond-deprivaiton.csv,activity
data,sub-54b1_assay-microstructure_cond-deprivaiton.csv,activity-2
data,sub-54b1_assay-microstructure_cond-deprivaiton.csv,cond
data,sub-54b1_assay-microstructure_cond-deprivaiton.csv,food
data,sub-54b1_assay-microstructure_cond-deprivaiton.csv,food-2
data,sub-54b1_assay-microstructure_cond-deprivaiton.csv,group
data,sub-54b1_assay-microstructure_cond-deprivaiton.csv,group-2
data,sub-54b1_assay-microstructure_cond-deprivaiton.csv,id
data,sub-54b1_assay-microstructure_cond-deprivaiton.csv,start
data,sub-54b1_assay-microstructure_cond-deprivaiton.csv,start-2
data,sub-54b1_assay-microstructure_cond-deprivaiton.csv,thirds
data,sub-54b1_assay-microstructure_cond-deprivaiton.csv,time_1
data,sub-54b1_assay-microstructure_cond-deprivaiton.csv,time_2
data,sub-54b1_assay-microstructure_cond-deprivaiton.csv,time_2-1
data,sub-54b1_assay-microstructure_cond-deprivaiton.csv,time_2-2
data,sub-54b1_assay-microstructure_cond-deprivaiton.csv,trace
data,sub-54b1_assay-microstructure_cond-deprivaiton.csv,trace-2
data,sub-570b_assay-microstructure_timepoint-a.csv,activity
data,sub-570b_assay-microstructure_timepoint-a.csv,food
data,sub-570b_assay-microstructure_timepoint-a.csv,group
data,sub-570b_assay-microstructure_timepoint-a.csv,id
data,sub-570b_assay-microstructure_timepoint-a.csv,start
data,sub-570b_assay-microstructure_timepoint-a.csv,time1
data,sub-570b_assay-microstructure_timepoint-a.csv,time2
data,sub-570b_assay-microstructure_timepoint-a.csv,timepoint
data,sub-570b_assay-microstructure_timepoint-a.csv,trace
data,sub-570b_assay-microstructure_timepoint-b.csv,activity
data,sub-570b_assay-microstructure_timepoint-b.csv,food
data,sub-570b_assay-microstructure_timepoint-b.csv,group
data,sub-570b_assay-microstructure_timepoint-b.csv,id
data,sub-570b_assay-microstructure_timepoint-b.csv,start
data,sub-570b_assay-microstructure_timepoint-b.csv,time1
data,sub-570b_assay-microstructure_timepoint-b.csv,time2
data,sub-570b_assay-microstructure_timepoint-b.csv,timepoint
data,sub-570b_assay-microstructure_timepoint-b.csv,trace
data,sub-57f5_assay-microstructure_timepoint-a.csv,activity
data,sub-57f5_assay-microstructure_timepoint-a.csv,food
data,sub-57f5_assay-microstructure_timepoint-a.csv,group
data,sub-57f5_assay-microstructure_timepoint-a.csv,id
data,sub-57f5_assay-microstructure_timepoint-a.csv,start
data,sub-57f5_assay-microstructure_timepoint-a.csv,time1
data,sub-57f5_assay-microstructure_timepoint-a.csv,time2
data,sub-57f5_assay-microstructure_timepoint-a.csv,timepoint
data,sub-57f5_assay-microstructure_timepoint-a.csv,trace
data,sub-57f5_assay-microstructure_timepoint-b.csv,activity
data,sub-57f5_assay-microstructure_timepoint-b.csv,food
data,sub-57f5_assay-microstructure_timepoint-b.csv,group
data,sub-57f5_assay-microstructure_timepoint-b.csv,id
data,sub-57f5_assay-microstructure_timepoint-b.csv,start
data,sub-57f5_assay-microstructure_timepoint-b.csv,time1
data,sub-57f5_assay-microstructure_timepoint-b.csv,time2
data,sub-57f5_assay-microstructure_timepoint-b.csv,timepoint
data,sub-57f5_assay-microstructure_timepoint-b.csv,trace
data,sub-5e48_assay-microstructure_cond-control.csv,activity
data,sub-5e48_assay-microstructure_cond-control.csv,activity-2
data,sub-5e48_assay-microstructure_cond-control.csv,cond
data,sub-5e48_assay-microstructure_cond-control.csv,food
data,sub-5e48_assay-microstructure_cond-control.csv,food-2
data,sub-5e48_assay-microstructure_cond-control.csv,group
data,sub-5e48_assay-microstructure_cond-control.csv,group-2
data,sub-5e48_assay-microstructure_cond-control.csv,id
data,sub-5e48_assay-microstructure_cond-control.csv,start
data,sub-5e48_assay-microstructure_cond-control.csv,start-2
data,sub-5e48_assay-microstructure_cond-control.csv,thirds
data,sub-5e48_assay-microstructure_cond-control.csv,thirds-2
data,sub-5e48_assay-microstructure_cond-control.csv,time_1
data,sub-5e48_assay-microstructure_cond-control.csv,time_2
data,sub-5e48_assay-microstructure_cond-control.csv,time_2-1
data,sub-5e48_assay-microstructure_cond-control.csv,time_2-2
data,sub-5e48_assay-microstructure_cond-control.csv,trace
data,sub-5e48_assay-microstructure_cond-control.csv,trace-2
data,sub-5e48_assay-microstructure_cond-deprivaiton.csv,activity
data,sub-5e48_assay-microstructure_cond-deprivaiton.csv,activity-2
data,sub-5e48_assay-microstructure_cond-deprivaiton.csv,cond
data,sub-5e48_assay-microstructure_cond-deprivaiton.csv,food
data,sub-5e48_assay-microstructure_cond-deprivaiton.csv,food-2
data,sub-5e48_assay-microstructure_cond-deprivaiton.csv,group
data,sub-5e48_assay-microstructure_cond-deprivaiton.csv,group-2
data,sub-5e48_assay-microstructure_cond-deprivaiton.csv,id
data,sub-5e48_assay-microstructure_cond-deprivaiton.csv,start
data,sub-5e48_assay-microstructure_cond-deprivaiton.csv,start-2
data,sub-5e48_assay-microstructure_cond-deprivaiton.csv,thirds
data,sub-5e48_assay-microstructure_cond-deprivaiton.csv,thirds-2
data,sub-5e48_assay-microstructure_cond-deprivaiton.csv,time_1
data,sub-5e48_assay-microstructure_cond-deprivaiton.csv,time_2
data,sub-5e48_assay-microstructure_cond-deprivaiton.csv,time_2-1
data,sub-5e48_assay-microstructure_cond-deprivaiton.csv,time_2-2
data,sub-5e48_assay-microstructure_cond-deprivaiton.csv,trace
data,sub-5e48_assay-microstructure_cond-deprivaiton.csv,trace-2
data,sub-60fa_assay-microstructure_cond-control.csv,activity
data,sub-60fa_assay-microstructure_cond-control.csv,activity-2
data,sub-60fa_assay-microstructure_cond-control.csv,cond
data,sub-60fa_assay-microstructure_cond-control.csv,food
data,sub-60fa_assay-microstructure_cond-control.csv,food-2
data,sub-60fa_assay-microstructure_cond-control.csv,group
data,sub-60fa_assay-microstructure_cond-control.csv,group-2
data,sub-60fa_assay-microstructure_cond-control.csv,id
data,sub-60fa_assay-microstructure_cond-control.csv,start
data,sub-60fa_assay-microstructure_cond-control.csv,start-2
data,sub-60fa_assay-microstructure_cond-control.csv,thirds
data,sub-60fa_assay-microstructure_cond-control.csv,thirds-2
data,sub-60fa_assay-microstructure_cond-control.csv,time_1
data,sub-60fa_assay-microstructure_cond-control.csv,time_2
data,sub-60fa_assay-microstructure_cond-control.csv,time_2-1
data,sub-60fa_assay-microstructure_cond-control.csv,time_2-2
data,sub-60fa_assay-microstructure_cond-control.csv,trace
data,sub-60fa_assay-microstructure_cond-control.csv,trace-2
data,sub-60fa_assay-microstructure_cond-deprivaiton.csv,activity
data,sub-60fa_assay-microstructure_cond-deprivaiton.csv,activity-2
data,sub-60fa_assay-microstructure_cond-deprivaiton.csv,cond
data,sub-60fa_assay-microstructure_cond-deprivaiton.csv,food
data,sub-60fa_assay-microstructure_cond-deprivaiton.csv,food-2
data,sub-60fa_assay-microstructure_cond-deprivaiton.csv,group
data,sub-60fa_assay-microstructure_cond-deprivaiton.csv,group-2
data,sub-60fa_assay-microstructure_cond-deprivaiton.csv,id
data,sub-60fa_assay-microstructure_cond-deprivaiton.csv,start
data,sub-60fa_assay-microstructure_cond-deprivaiton.csv,start-2
data,sub-60fa_assay-microstructure_cond-deprivaiton.csv,thirds
data,sub-60fa_assay-microstructure_cond-deprivaiton.csv,thirds-2
data,sub-60fa_assay-microstructure_cond-deprivaiton.csv,time_1
data,sub-60fa_assay-microstructure_cond-deprivaiton.csv,time_2
data,sub-60fa_assay-microstructure_cond-deprivaiton.csv,time_2-1
data,sub-60fa_assay-microstructure_cond-deprivaiton.csv,time_2-2
data,sub-60fa_assay-microstructure_cond-deprivaiton.csv,trace
data,sub-60fa_assay-microstructure_cond-deprivaiton.csv,trace-2
data,sub-612c_assay-microstructure_timepoint-a.csv,activity
data,sub-612c_assay-microstructure_timepoint-a.csv,food
data,sub-612c_assay-microstructure_timepoint-a.csv,group
data,sub-612c_assay-microstructure_timepoint-a.csv,id
data,sub-612c_assay-microstructure_timepoint-a.csv,start
data,sub-612c_assay-microstructure_timepoint-a.csv,time1
data,sub-612c_assay-microstructure_timepoint-a.csv,time2
data,sub-612c_assay-microstructure_timepoint-a.csv,timepoint
data,sub-612c_assay-microstructure_timepoint-a.csv,trace
data,sub-612c_assay-microstructure_timepoint-b.csv,activity
data,sub-612c_assay-microstructure_timepoint-b.csv,food
data,sub-612c_assay-microstructure_timepoint-b.csv,group
data,sub-612c_assay-microstructure_timepoint-b.csv,id
data,sub-612c_assay-microstructure_timepoint-b.csv,start
data,sub-612c_assay-microstructure_timepoint-b.csv,time1
data,sub-612c_assay-microstructure_timepoint-b.csv,time2
data,sub-612c_assay-microstructure_timepoint-b.csv,timepoint
data,sub-612c_assay-microstructure_timepoint-b.csv,trace
data,sub-615a_assay-microstructure_cond-control.csv,activity
data,sub-615a_assay-microstructure_cond-control.csv,activity-2
data,sub-615a_assay-microstructure_cond-control.csv,cond
data,sub-615a_assay-microstructure_cond-control.csv,food
data,sub-615a_assay-microstructure_cond-control.csv,food-2
data,sub-615a_assay-microstructure_cond-control.csv,group
data,sub-615a_assay-microstructure_cond-control.csv,group-2
data,sub-615a_assay-microstructure_cond-control.csv,id
data,sub-615a_assay-microstructure_cond-control.csv,start
data,sub-615a_assay-microstructure_cond-control.csv,start-2
data,sub-615a_assay-microstructure_cond-control.csv,thirds
data,sub-615a_assay-microstructure_cond-control.csv,thirds-2
data,sub-615a_assay-microstructure_cond-control.csv,time_1
data,sub-615a_assay-microstructure_cond-control.csv,time_2
data,sub-615a_assay-microstructure_cond-control.csv,time_2-1
data,sub-615a_assay-microstructure_cond-control.csv,time_2-2
data,sub-615a_assay-microstructure_cond-control.csv,trace
data,sub-615a_assay-microstructure_cond-control.csv,trace-2
data,sub-615a_assay-microstructure_cond-deprivaiton.csv,activity
data,sub-615a_assay-microstructure_cond-deprivaiton.csv,activity-2
data,sub-615a_assay-microstructure_cond-deprivaiton.csv,cond
data,sub-615a_assay-microstructure_cond-deprivaiton.csv,food
data,sub-615a_assay-microstructure_cond-deprivaiton.csv,food-2
data,sub-615a_assay-microstructure_cond-deprivaiton.csv,group
data,sub-615a_assay-microstructure_cond-deprivaiton.csv,group-2
data,sub-615a_assay-microstructure_cond-deprivaiton.csv,id
data,sub-615a_assay-microstructure_cond-deprivaiton.csv,start
data,sub-615a_assay-microstructure_cond-deprivaiton.csv,start-2
data,sub-615a_assay-microstructure_cond-deprivaiton.csv,thirds
data,sub-615a_assay-microstructure_cond-deprivaiton.csv,thirds-2
data,sub-615a_assay-microstructure_cond-deprivaiton.csv,time_1
data,sub-615a_assay-microstructure_cond-deprivaiton.csv,time_2
data,sub-615a_assay-microstructure_cond-deprivaiton.csv,time_2-1
data,sub-615a_assay-microstructure_cond-deprivaiton.csv,time_2-2
data,sub-615a_assay-microstructure_cond-deprivaiton.csv,trace
data,sub-615a_assay-microstructure_cond-deprivaiton.csv,trace-2
data,sub-618a_assay-microstructure_cond-control.csv,activity
data,sub-618a_assay-microstructure_cond-control.csv,activity-2
data,sub-618a_assay-microstructure_cond-control.csv,cond
data,sub-618a_assay-microstructure_cond-control.csv,food
data,sub-618a_assay-microstructure_cond-control.csv,food-2
data,sub-618a_assay-microstructure_cond-control.csv,group
data,sub-618a_assay-microstructure_cond-control.csv,group-2
data,sub-618a_assay-microstructure_cond-control.csv,id
data,sub-618a_assay-microstructure_cond-control.csv,start
data,sub-618a_assay-microstructure_cond-control.csv,start-2
data,sub-618a_assay-microstructure_cond-control.csv,thirds
data,sub-618a_assay-microstructure_cond-control.csv,thirds-2
data,sub-618a_assay-microstructure_cond-control.csv,time_1
data,sub-618a_assay-microstructure_cond-control.csv,time_2
data,sub-618a_assay-microstructure_cond-control.csv,time_2-1
data,sub-618a_assay-microstructure_cond-control.csv,time_2-2
data,sub-618a_assay-microstructure_cond-control.csv,trace
data,sub-618a_assay-microstructure_cond-control.csv,trace-2
data,sub-618a_assay-microstructure_cond-deprivaiton.csv,activity
data,sub-618a_assay-microstructure_cond-deprivaiton.csv,activity-2
data,sub-618a_assay-microstructure_cond-deprivaiton.csv,cond
data,sub-618a_assay-microstructure_cond-deprivaiton.csv,food
data,sub-618a_assay-microstructure_cond-deprivaiton.csv,food-2
data,sub-618a_assay-microstructure_cond-deprivaiton.csv,group
data,sub-618a_assay-microstructure_cond-deprivaiton.csv,group-2
data,sub-618a_assay-microstructure_cond-deprivaiton.csv,id
data,sub-618a_assay-microstructure_cond-deprivaiton.csv,start
data,sub-618a_assay-microstructure_cond-deprivaiton.csv,start-2
data,sub-618a_assay-microstructure_cond-deprivaiton.csv,thirds
data,sub-618a_assay-microstructure_cond-deprivaiton.csv,thirds-2
data,sub-618a_assay-microstructure_cond-deprivaiton.csv,time_1
data,sub-618a_assay-microstructure_cond-deprivaiton.csv,time_2
data,sub-618a_assay-microstructure_cond-deprivaiton.csv,time_2-1
data,sub-618a_assay-microstructure_cond-deprivaiton.csv,time_2-2
data,sub-618a_assay-microstructure_cond-deprivaiton.csv,trace
data,sub-618a_assay-microstructure_cond-deprivaiton.csv,trace-2
data,sub-61bd_assay-microstructure_cond-control.csv,activity
data,sub-61bd_assay-microstructure_cond-control.csv,activity-2
data,sub-61bd_assay-microstructure_cond-control.csv,cond
data,sub-61bd_assay-microstructure_cond-control.csv,food
data,sub-61bd_assay-microstructure_cond-control.csv,food-2
data,sub-61bd_assay-microstructure_cond-control.csv,group
data,sub-61bd_assay-microstructure_cond-control.csv,group-2
data,sub-61bd_assay-microstructure_cond-control.csv,id
data,sub-61bd_assay-microstructure_cond-control.csv,start
data,sub-61bd_assay-microstructure_cond-control.csv,start-2
data,sub-61bd_assay-microstructure_cond-control.csv,thirds
data,sub-61bd_assay-microstructure_cond-control.csv,thirds-2
data,sub-61bd_assay-microstructure_cond-control.csv,time_1
data,sub-61bd_assay-microstructure_cond-control.csv,time_2
data,sub-61bd_assay-microstructure_cond-control.csv,time_2-1
data,sub-61bd_assay-microstructure_cond-control.csv,time_2-2
data,sub-61bd_assay-microstructure_cond-control.csv,trace
data,sub-61bd_assay-microstructure_cond-control.csv,trace-2
data,sub-61bd_assay-microstructure_cond-deprivaiton.csv,activity
data,sub-61bd_assay-microstructure_cond-deprivaiton.csv,activity-2
data,sub-61bd_assay-microstructure_cond-deprivaiton.csv,cond
data,sub-61bd_assay-microstructure_cond-deprivaiton.csv,food
data,sub-61bd_assay-microstructure_cond-deprivaiton.csv,food-2
data,sub-61bd_assay-microstructure_cond-deprivaiton.csv,group
data,sub-61bd_assay-microstructure_cond-deprivaiton.csv,group-2
data,sub-61bd_assay-microstructure_cond-deprivaiton.csv,id
data,sub-61bd_assay-microstructure_cond-deprivaiton.csv,start
data,sub-61bd_assay-microstructure_cond-deprivaiton.csv,start-2
data,sub-61bd_assay-microstructure_cond-deprivaiton.csv,thirds
data,sub-61bd_assay-microstructure_cond-deprivaiton.csv,thirds-2
data,sub-61bd_assay-microstructure_cond-deprivaiton.csv,time_1
data,sub-61bd_assay-microstructure_cond-deprivaiton.csv,time_2
data,sub-61bd_assay-microstructure_cond-deprivaiton.csv,time_2-1
data,sub-61bd_assay-microstructure_cond-deprivaiton.csv,time_2-2
data,sub-61bd_assay-microstructure_cond-deprivaiton.csv,trace
data,sub-61bd_assay-microstructure_cond-deprivaiton.csv,trace-2
data,sub-6517_assay-microstructure_cond-control.csv,activity
data,sub-6517_assay-microstructure_cond-control.csv,activity-2
data,sub-6517_assay-microstructure_cond-control.csv,cond
data,sub-6517_assay-microstructure_cond-control.csv,food
data,sub-6517_assay-microstructure_cond-control.csv,food-2
data,sub-6517_assay-microstructure_cond-control.csv,group
data,sub-6517_assay-microstructure_cond-control.csv,group-2
data,sub-6517_assay-microstructure_cond-control.csv,id
data,sub-6517_assay-microstructure_cond-control.csv,start
data,sub-6517_assay-microstructure_cond-control.csv,start-2
data,sub-6517_assay-microstructure_cond-control.csv,thirds
data,sub-6517_assay-microstructure_cond-control.csv,thirds-2
data,sub-6517_assay-microstructure_cond-control.csv,time_1
data,sub-6517_assay-microstructure_cond-control.csv,time_2
data,sub-6517_assay-microstructure_cond-control.csv,time_2-1
data,sub-6517_assay-microstructure_cond-control.csv,time_2-2
data,sub-6517_assay-microstructure_cond-control.csv,trace
data,sub-6517_assay-microstructure_cond-control.csv,trace-2
data,sub-6517_assay-microstructure_cond-deprivaiton.csv,activity
data,sub-6517_assay-microstructure_cond-deprivaiton.csv,activity-2
data,sub-6517_assay-microstructure_cond-deprivaiton.csv,cond
data,sub-6517_assay-microstructure_cond-deprivaiton.csv,food
data,sub-6517_assay-microstructure_cond-deprivaiton.csv,food-2
data,sub-6517_assay-microstructure_cond-deprivaiton.csv,group
data,sub-6517_assay-microstructure_cond-deprivaiton.csv,group-2
data,sub-6517_assay-microstructure_cond-deprivaiton.csv,id
data,sub-6517_assay-microstructure_cond-deprivaiton.csv,start
data,sub-6517_assay-microstructure_cond-deprivaiton.csv,start-2
data,sub-6517_assay-microstructure_cond-deprivaiton.csv,thirds
data,sub-6517_assay-microstructure_cond-deprivaiton.csv,thirds-2
data,sub-6517_assay-microstructure_cond-deprivaiton.csv,time_1
data,sub-6517_assay-microstructure_cond-deprivaiton.csv,time_2
data,sub-6517_assay-microstructure_cond-deprivaiton.csv,time_2-1
data,sub-6517_assay-microstructure_cond-deprivaiton.csv,time_2-2
data,sub-6517_assay-microstructure_cond-deprivaiton.csv,trace
data,sub-6517_assay-microstructure_cond-deprivaiton.csv,trace-2
data,sub-6881_assay-microstructure_cond-control.csv,activity
data,sub-6881_assay-microstructure_cond-control.csv,activity-2
data,sub-6881_assay-microstructure_cond-control.csv,cond
data,sub-6881_assay-microstructure_cond-control.csv,food
data,sub-6881_assay-microstructure_cond-control.csv,food-2
data,sub-6881_assay-microstructure_cond-control.csv,group
data,sub-6881_assay-microstructure_cond-control.csv,group-2
data,sub-6881_assay-microstructure_cond-control.csv,id
data,sub-6881_assay-microstructure_cond-control.csv,start
data,sub-6881_assay-microstructure_cond-control.csv,start-2
data,sub-6881_assay-microstructure_cond-control.csv,thirds
data,sub-6881_assay-microstructure_cond-control.csv,thirds-2
data,sub-6881_assay-microstructure_cond-control.csv,time_1
data,sub-6881_assay-microstructure_cond-control.csv,time_2
data,sub-6881_assay-microstructure_cond-control.csv,time_2-1
data,sub-6881_assay-microstructure_cond-control.csv,time_2-2
data,sub-6881_assay-microstructure_cond-control.csv,trace
data,sub-6881_assay-microstructure_cond-control.csv,trace-2
data,sub-6881_assay-microstructure_cond-deprivaiton.csv,activity
data,sub-6881_assay-microstructure_cond-deprivaiton.csv,activity-2
data,sub-6881_assay-microstructure_cond-deprivaiton.csv,cond
data,sub-6881_assay-microstructure_cond-deprivaiton.csv,food
data,sub-6881_assay-microstructure_cond-deprivaiton.csv,food-2
data,sub-6881_assay-microstructure_cond-deprivaiton.csv,group
data,sub-6881_assay-microstructure_cond-deprivaiton.csv,group-2
data,sub-6881_assay-microstructure_cond-deprivaiton.csv,id
data,sub-6881_assay-microstructure_cond-deprivaiton.csv,start
data,sub-6881_assay-microstructure_cond-deprivaiton.csv,start-2
data,sub-6881_assay-microstructure_cond-deprivaiton.csv,thirds
data,sub-6881_assay-microstructure_cond-deprivaiton.csv,thirds-2
data,sub-6881_assay-microstructure_cond-deprivaiton.csv,time_1
data,sub-6881_assay-microstructure_cond-deprivaiton.csv,time_2
data,sub-6881_assay-microstructure_cond-deprivaiton.csv,time_2-1
data,sub-6881_assay-microstructure_cond-deprivaiton.csv,time_2-2
data,sub-6881_assay-microstructure_cond-deprivaiton.csv,trace
data,sub-6881_assay-microstructure_cond-deprivaiton.csv,trace-2
data,sub-68fb_assay-microstructure_timepoint-a.csv,activity
data,sub-68fb_assay-microstructure_timepoint-a.csv,food
data,sub-68fb_assay-microstructure_timepoint-a.csv,group
data,sub-68fb_assay-microstructure_timepoint-a.csv,id
data,sub-68fb_assay-microstructure_timepoint-a.csv,start
data,sub-68fb_assay-microstructure_timepoint-a.csv,time1
data,sub-68fb_assay-microstructure_timepoint-a.csv,time2
data,sub-68fb_assay-microstructure_timepoint-a.csv,timepoint
data,sub-68fb_assay-microstructure_timepoint-a.csv,trace
data,sub-68fb_assay-microstructure_timepoint-b.csv,activity
data,sub-68fb_assay-microstructure_timepoint-b.csv,food
data,sub-68fb_assay-microstructure_timepoint-b.csv,group
data,sub-68fb_assay-microstructure_timepoint-b.csv,id
data,sub-68fb_assay-microstructure_timepoint-b.csv,start
data,sub-68fb_assay-microstructure_timepoint-b.csv,time1
data,sub-68fb_assay-microstructure_timepoint-b.csv,time2
data,sub-68fb_assay-microstructure_timepoint-b.csv,timepoint
data,sub-68fb_assay-microstructure_timepoint-b.csv,trace
data,sub-6da2_assay-microstructure_cond-control.csv,activity
data,sub-6da2_assay-microstructure_cond-control.csv,activity-2
data,sub-6da2_assay-microstructure_cond-control.csv,cond
data,sub-6da2_assay-microstructure_cond-control.csv,food
data,sub-6da2_assay-microstructure_cond-control.csv,food-2
data,sub-6da2_assay-microstructure_cond-control.csv,group
data,sub-6da2_assay-microstructure_cond-control.csv,group-2
data,sub-6da2_assay-microstructure_cond-control.csv,id
data,sub-6da2_assay-microstructure_cond-control.csv,start
data,sub-6da2_assay-microstructure_cond-control.csv,start-2
data,sub-6da2_assay-microstructure_cond-control.csv,thirds
data,sub-6da2_assay-microstructure_cond-control.csv,thirds-2
data,sub-6da2_assay-microstructure_cond-control.csv,time_1
data,sub-6da2_assay-microstructure_cond-control.csv,time_2
data,sub-6da2_assay-microstructure_cond-control.csv,time_2-1
data,sub-6da2_assay-microstructure_cond-control.csv,time_2-2
data,sub-6da2_assay-microstructure_cond-control.csv,trace
data,sub-6da2_assay-microstructure_cond-control.csv,trace-2
data,sub-6da2_assay-microstructure_cond-deprivaiton.csv,activity
data,sub-6da2_assay-microstructure_cond-deprivaiton.csv,activity-2
data,sub-6da2_assay-microstructure_cond-deprivaiton.csv,cond
data,sub-6da2_assay-microstructure_cond-deprivaiton.csv,food
data,sub-6da2_assay-microstructure_cond-deprivaiton.csv,food-2
data,sub-6da2_assay-microstructure_cond-deprivaiton.csv,group
data,sub-6da2_assay-microstructure_cond-deprivaiton.csv,group-2
data,sub-6da2_assay-microstructure_cond-deprivaiton.csv,id
data,sub-6da2_assay-microstructure_cond-deprivaiton.csv,start
data,sub-6da2_assay-microstructure_cond-deprivaiton.csv,start-2
data,sub-6da2_assay-microstructure_cond-deprivaiton.csv,thirds
data,sub-6da2_assay-microstructure_cond-deprivaiton.csv,thirds-2
data,sub-6da2_assay-microstructure_cond-deprivaiton.csv,time_1
data,sub-6da2_assay-microstructure_cond-deprivaiton.csv,time_2
data,sub-6da2_assay-microstructure_cond-deprivaiton.csv,time_2-1
data,sub-6da2_assay-microstructure_cond-deprivaiton.csv,time_2-2
data,sub-6da2_assay-microstructure_cond-deprivaiton.csv,trace
data,sub-6da2_assay-microstructure_cond-deprivaiton.csv,trace-2
data,sub-6fa9_assay-microstructure_timepoint-a.csv,activity
data,sub-6fa9_assay-microstructure_timepoint-a.csv,food
data,sub-6fa9_assay-microstructure_timepoint-a.csv,group
data,sub-6fa9_assay-microstructure_timepoint-a.csv,id
data,sub-6fa9_assay-microstructure_timepoint-a.csv,start
data,sub-6fa9_assay-microstructure_timepoint-a.csv,time1
data,sub-6fa9_assay-microstructure_timepoint-a.csv,time2
data,sub-6fa9_assay-microstructure_timepoint-a.csv,timepoint
data,sub-6fa9_assay-microstructure_timepoint-a.csv,trace
data,sub-6fa9_assay-microstructure_timepoint-b.csv,activity
data,sub-6fa9_assay-microstructure_timepoint-b.csv,food
data,sub-6fa9_assay-microstructure_timepoint-b.csv,group
data,sub-6fa9_assay-microstructure_timepoint-b.csv,id
data,sub-6fa9_assay-microstructure_timepoint-b.csv,start
data,sub-6fa9_assay-microstructure_timepoint-b.csv,time1
data,sub-6fa9_assay-microstructure_timepoint-b.csv,time2
data,sub-6fa9_assay-microstructure_timepoint-b.csv,timepoint
data,sub-6fa9_assay-microstructure_timepoint-b.csv,trace
data,sub-6fad_assay-microstructure_cond-control.csv,activity
data,sub-6fad_assay-microstructure_cond-control.csv,activity-2
data,sub-6fad_assay-microstructure_cond-control.csv,cond
data,sub-6fad_assay-microstructure_cond-control.csv,food
data,sub-6fad_assay-microstructure_cond-control.csv,food-2
data,sub-6fad_assay-microstructure_cond-control.csv,group
data,sub-6fad_assay-microstructure_cond-control.csv,group-2
data,sub-6fad_assay-microstructure_cond-control.csv,id
data,sub-6fad_assay-microstructure_cond-control.csv,start
data,sub-6fad_assay-microstructure_cond-control.csv,start-2
data,sub-6fad_assay-microstructure_cond-control.csv,thirds
data,sub-6fad_assay-microstructure_cond-control.csv,thirds-2
data,sub-6fad_assay-microstructure_cond-control.csv,time_1
data,sub-6fad_assay-microstructure_cond-control.csv,time_2
data,sub-6fad_assay-microstructure_cond-control.csv,time_2-1
data,sub-6fad_assay-microstructure_cond-control.csv,time_2-2
data,sub-6fad_assay-microstructure_cond-control.csv,trace
data,sub-6fad_assay-microstructure_cond-control.csv,trace-2
data,sub-6fad_assay-microstructure_cond-deprivaiton.csv,activity
data,sub-6fad_assay-microstructure_cond-deprivaiton.csv,activity-2
data,sub-6fad_assay-microstructure_cond-deprivaiton.csv,cond
data,sub-6fad_assay-microstructure_cond-deprivaiton.csv,food
data,sub-6fad_assay-microstructure_cond-deprivaiton.csv,food-2
data,sub-6fad_assay-microstructure_cond-deprivaiton.csv,group
data,sub-6fad_assay-microstructure_cond-deprivaiton.csv,group-2
data,sub-6fad_assay-microstructure_cond-deprivaiton.csv,id
data,sub-6fad_assay-microstructure_cond-deprivaiton.csv,start
data,sub-6fad_assay-microstructure_cond-deprivaiton.csv,start-2
data,sub-6fad_assay-microstructure_cond-deprivaiton.csv,thirds
data,sub-6fad_assay-microstructure_cond-deprivaiton.csv,thirds-2
data,sub-6fad_assay-microstructure_cond-deprivaiton.csv,time_1
data,sub-6fad_assay-microstructure_cond-deprivaiton.csv,time_2
data,sub-6fad_assay-microstructure_cond-deprivaiton.csv,time_2-1
data,sub-6fad_assay-microstructure_cond-deprivaiton.csv,time_2-2
data,sub-6fad_assay-microstructure_cond-deprivaiton.csv,trace
data,sub-6fad_assay-microstructure_cond-deprivaiton.csv,trace-2
data,sub-761f_assay-microstructure_timepoint-a.csv,activity
data,sub-761f_assay-microstructure_timepoint-a.csv,food
data,sub-761f_assay-microstructure_timepoint-a.csv,group
data,sub-761f_assay-microstructure_timepoint-a.csv,id
data,sub-761f_assay-microstructure_timepoint-a.csv,start
data,sub-761f_assay-microstructure_timepoint-a.csv,time1
data,sub-761f_assay-microstructure_timepoint-a.csv,time2
data,sub-761f_assay-microstructure_timepoint-a.csv,timepoint
data,sub-761f_assay-microstructure_timepoint-a.csv,trace
data,sub-761f_assay-microstructure_timepoint-b.csv,activity
data,sub-761f_assay-microstructure_timepoint-b.csv,food
data,sub-761f_assay-microstructure_timepoint-b.csv,group
data,sub-761f_assay-microstructure_timepoint-b.csv,id
data,sub-761f_assay-microstructure_timepoint-b.csv,start
data,sub-761f_assay-microstructure_timepoint-b.csv,time1
data,sub-761f_assay-microstructure_timepoint-b.csv,time2
data,sub-761f_assay-microstructure_timepoint-b.csv,timepoint
data,sub-761f_assay-microstructure_timepoint-b.csv,trace
data,sub-779d_assay-microstructure_cond-control.csv,activity
data,sub-779d_assay-microstructure_cond-control.csv,activity-2
data,sub-779d_assay-microstructure_cond-control.csv,cond
data,sub-779d_assay-microstructure_cond-control.csv,food
data,sub-779d_assay-microstructure_cond-control.csv,food-2
data,sub-779d_assay-microstructure_cond-control.csv,group
data,sub-779d_assay-microstructure_cond-control.csv,group-2
data,sub-779d_assay-microstructure_cond-control.csv,id
data,sub-779d_assay-microstructure_cond-control.csv,start
data,sub-779d_assay-microstructure_cond-control.csv,start-2
data,sub-779d_assay-microstructure_cond-control.csv,thirds
data,sub-779d_assay-microstructure_cond-control.csv,thirds-2
data,sub-779d_assay-microstructure_cond-control.csv,time_1
data,sub-779d_assay-microstructure_cond-control.csv,time_2
data,sub-779d_assay-microstructure_cond-control.csv,time_2-1
data,sub-779d_assay-microstructure_cond-control.csv,time_2-2
data,sub-779d_assay-microstructure_cond-control.csv,trace
data,sub-779d_assay-microstructure_cond-control.csv,trace-2
data,sub-779d_assay-microstructure_cond-deprivaiton.csv,activity
data,sub-779d_assay-microstructure_cond-deprivaiton.csv,activity-2
data,sub-779d_assay-microstructure_cond-deprivaiton.csv,cond
data,sub-779d_assay-microstructure_cond-deprivaiton.csv,food
data,sub-779d_assay-microstructure_cond-deprivaiton.csv,food-2
data,sub-779d_assay-microstructure_cond-deprivaiton.csv,group
data,sub-779d_assay-microstructure_cond-deprivaiton.csv,group-2
data,sub-779d_assay-microstructure_cond-deprivaiton.csv,id
data,sub-779d_assay-microstructure_cond-deprivaiton.csv,start
data,sub-779d_assay-microstructure_cond-deprivaiton.csv,start-2
data,sub-779d_assay-microstructure_cond-deprivaiton.csv,thirds
data,sub-779d_assay-microstructure_cond-deprivaiton.csv,thirds-2
data,sub-779d_assay-microstructure_cond-deprivaiton.csv,time_1
data,sub-779d_assay-microstructure_cond-deprivaiton.csv,time_2
data,sub-779d_assay-microstructure_cond-deprivaiton.csv,time_2-1
data,sub-779d_assay-microstructure_cond-deprivaiton.csv,time_2-2
data,sub-779d_assay-microstructure_cond-deprivaiton.csv,trace
data,sub-779d_assay-microstructure_cond-deprivaiton.csv,trace-2
data,sub-79fb_assay-microstructure_timepoint-a.csv,activity
data,sub-79fb_assay-microstructure_timepoint-a.csv,food
data,sub-79fb_assay-microstructure_timepoint-a.csv,group
data,sub-79fb_assay-microstructure_timepoint-a.csv,id
data,sub-79fb_assay-microstructure_timepoint-a.csv,start
data,sub-79fb_assay-microstructure_timepoint-a.csv,time1
data,sub-79fb_assay-microstructure_timepoint-a.csv,time2
data,sub-79fb_assay-microstructure_timepoint-a.csv,timepoint
data,sub-79fb_assay-microstructure_timepoint-a.csv,trace
data,sub-79fb_assay-microstructure_timepoint-b.csv,activity
data,sub-79fb_assay-microstructure_timepoint-b.csv,food
data,sub-79fb_assay-microstructure_timepoint-b.csv,group
data,sub-79fb_assay-microstructure_timepoint-b.csv,id
data,sub-79fb_assay-microstructure_timepoint-b.csv,start
data,sub-79fb_assay-microstructure_timepoint-b.csv,time1
data,sub-79fb_assay-microstructure_timepoint-b.csv,time2
data,sub-79fb_assay-microstructure_timepoint-b.csv,timepoint
data,sub-79fb_assay-microstructure_timepoint-b.csv,trace
data,sub-7a53_assay-microstructure_cond-control.csv,activity
data,sub-7a53_assay-microstructure_cond-control.csv,activity-2
data,sub-7a53_assay-microstructure_cond-control.csv,cond
data,sub-7a53_assay-microstructure_cond-control.csv,food
data,sub-7a53_assay-microstructure_cond-control.csv,food-2
data,sub-7a53_assay-microstructure_cond-control.csv,group
data,sub-7a53_assay-microstructure_cond-control.csv,group-2
data,sub-7a53_assay-microstructure_cond-control.csv,id
data,sub-7a53_assay-microstructure_cond-control.csv,start
data,sub-7a53_assay-microstructure_cond-control.csv,start-2
data,sub-7a53_assay-microstructure_cond-control.csv,thirds
data,sub-7a53_assay-microstructure_cond-control.csv,thirds-2
data,sub-7a53_assay-microstructure_cond-control.csv,time_1
data,sub-7a53_assay-microstructure_cond-control.csv,time_2
data,sub-7a53_assay-microstructure_cond-control.csv,time_2-1
data,sub-7a53_assay-microstructure_cond-control.csv,time_2-2
data,sub-7a53_assay-microstructure_cond-control.csv,trace
data,sub-7a53_assay-microstructure_cond-control.csv,trace-2
data,sub-7a53_assay-microstructure_cond-deprivaiton.csv,activity
data,sub-7a53_assay-microstructure_cond-deprivaiton.csv,activity-2
data,sub-7a53_assay-microstructure_cond-deprivaiton.csv,cond
data,sub-7a53_assay-microstructure_cond-deprivaiton.csv,food
data,sub-7a53_assay-microstructure_cond-deprivaiton.csv,food-2
data,sub-7a53_assay-microstructure_cond-deprivaiton.csv,group
data,sub-7a53_assay-microstructure_cond-deprivaiton.csv,group-2
data,sub-7a53_assay-microstructure_cond-deprivaiton.csv,id
data,sub-7a53_assay-microstructure_cond-deprivaiton.csv,start
data,sub-7a53_assay-microstructure_cond-deprivaiton.csv,start-2
data,sub-7a53_assay-microstructure_cond-deprivaiton.csv,thirds
data,sub-7a53_assay-microstructure_cond-deprivaiton.csv,thirds-2
data,sub-7a53_assay-microstructure_cond-deprivaiton.csv,time_1
data,sub-7a53_assay-microstructure_cond-deprivaiton.csv,time_2
data,sub-7a53_assay-microstructure_cond-deprivaiton.csv,time_2-1
data,sub-7a53_assay-microstructure_cond-deprivaiton.csv,time_2-2
data,sub-7a53_assay-microstructure_cond-deprivaiton.csv,trace
data,sub-7a53_assay-microstructure_cond-deprivaiton.csv,trace-2
data,sub-7d9e_assay-microstructure_cond-control.csv,activity
data,sub-7d9e_assay-microstructure_cond-control.csv,activity-2
data,sub-7d9e_assay-microstructure_cond-control.csv,cond
data,sub-7d9e_assay-microstructure_cond-control.csv,food
data,sub-7d9e_assay-microstructure_cond-control.csv,food-2
data,sub-7d9e_assay-microstructure_cond-control.csv,group
data,sub-7d9e_assay-microstructure_cond-control.csv,group-2
data,sub-7d9e_assay-microstructure_cond-control.csv,id
data,sub-7d9e_assay-microstructure_cond-control.csv,start
data,sub-7d9e_assay-microstructure_cond-control.csv,start-2
data,sub-7d9e_assay-microstructure_cond-control.csv,thirds
data,sub-7d9e_assay-microstructure_cond-control.csv,thirds-2
data,sub-7d9e_assay-microstructure_cond-control.csv,time_1
data,sub-7d9e_assay-microstructure_cond-control.csv,time_2
data,sub-7d9e_assay-microstructure_cond-control.csv,time_2-1
data,sub-7d9e_assay-microstructure_cond-control.csv,time_2-2
data,sub-7d9e_assay-microstructure_cond-control.csv,trace
data,sub-7d9e_assay-microstructure_cond-control.csv,trace-2
data,sub-7d9e_assay-microstructure_cond-deprivaiton.csv,activity
data,sub-7d9e_assay-microstructure_cond-deprivaiton.csv,activity-2
data,sub-7d9e_assay-microstructure_cond-deprivaiton.csv,cond
data,sub-7d9e_assay-microstructure_cond-deprivaiton.csv,food
data,sub-7d9e_assay-microstructure_cond-deprivaiton.csv,food-2
data,sub-7d9e_assay-microstructure_cond-deprivaiton.csv,group
data,sub-7d9e_assay-microstructure_cond-deprivaiton.csv,group-2
data,sub-7d9e_assay-microstructure_cond-deprivaiton.csv,id
data,sub-7d9e_assay-microstructure_cond-deprivaiton.csv,start
data,sub-7d9e_assay-microstructure_cond-deprivaiton.csv,start-2
data,sub-7d9e_assay-microstructure_cond-deprivaiton.csv,thirds
data,sub-7d9e_assay-microstructure_cond-deprivaiton.csv,thirds-2
data,sub-7d9e_assay-microstructure_cond-deprivaiton.csv,time_1
data,sub-7d9e_assay-microstructure_cond-deprivaiton.csv,time_2
data,sub-7d9e_assay-microstructure_cond-deprivaiton.csv,time_2-1
data,sub-7d9e_assay-microstructure_cond-deprivaiton.csv,time_2-2
data,sub-7d9e_assay-microstructure_cond-deprivaiton.csv,trace
data,sub-7d9e_assay-microstructure_cond-deprivaiton.csv,trace-2
data,sub-7eba_assay-microstructure_cond-control.csv,activity
data,sub-7eba_assay-microstructure_cond-control.csv,activity-2
data,sub-7eba_assay-microstructure_cond-control.csv,cond
data,sub-7eba_assay-microstructure_cond-control.csv,food
data,sub-7eba_assay-microstructure_cond-control.csv,food-2
data,sub-7eba_assay-microstructure_cond-control.csv,group
data,sub-7eba_assay-microstructure_cond-control.csv,group-2
data,sub-7eba_assay-microstructure_cond-control.csv,id
data,sub-7eba_assay-microstructure_cond-control.csv,start
data,sub-7eba_assay-microstructure_cond-control.csv,start-2
data,sub-7eba_assay-microstructure_cond-control.csv,thirds
data,sub-7eba_assay-microstructure_cond-control.csv,thirds-2
data,sub-7eba_assay-microstructure_cond-control.csv,time_1
data,sub-7eba_assay-microstructure_cond-control.csv,time_2
data,sub-7eba_assay-microstructure_cond-control.csv,time_2-1
data,sub-7eba_assay-microstructure_cond-control.csv,time_2-2
data,sub-7eba_assay-microstructure_cond-control.csv,trace
data,sub-7eba_assay-microstructure_cond-control.csv,trace-2
data,sub-7eba_assay-microstructure_cond-deprivaiton.csv,activity
data,sub-7eba_assay-microstructure_cond-deprivaiton.csv,activity-2
data,sub-7eba_assay-microstructure_cond-deprivaiton.csv,cond
data,sub-7eba_assay-microstructure_cond-deprivaiton.csv,food
data,sub-7eba_assay-microstructure_cond-deprivaiton.csv,food-2
data,sub-7eba_assay-microstructure_cond-deprivaiton.csv,group
data,sub-7eba_assay-microstructure_cond-deprivaiton.csv,group-2
data,sub-7eba_assay-microstructure_cond-deprivaiton.csv,id
data,sub-7eba_assay-microstructure_cond-deprivaiton.csv,start
data,sub-7eba_assay-microstructure_cond-deprivaiton.csv,start-2
data,sub-7eba_assay-microstructure_cond-deprivaiton.csv,thirds
data,sub-7eba_assay-microstructure_cond-deprivaiton.csv,thirds-2
data,sub-7eba_assay-microstructure_cond-deprivaiton.csv,time_1
data,sub-7eba_assay-microstructure_cond-deprivaiton.csv,time_2
data,sub-7eba_assay-microstructure_cond-deprivaiton.csv,time_2-1
data,sub-7eba_assay-microstructure_cond-deprivaiton.csv,time_2-2
data,sub-7eba_assay-microstructure_cond-deprivaiton.csv,trace
data,sub-7eba_assay-microstructure_cond-deprivaiton.csv,trace-2
data,sub-7fab_assay-microstructure_cond-control.csv,activity
data,sub-7fab_assay-microstructure_cond-control.csv,activity-2
data,sub-7fab_assay-microstructure_cond-control.csv,cond
data,sub-7fab_assay-microstructure_cond-control.csv,food
data,sub-7fab_assay-microstructure_cond-control.csv,food-2
data,sub-7fab_assay-microstructure_cond-control.csv,group
data,sub-7fab_assay-microstructure_cond-control.csv,group-2
data,sub-7fab_assay-microstructure_cond-control.csv,id
data,sub-7fab_assay-microstructure_cond-control.csv,start
data,sub-7fab_assay-microstructure_cond-control.csv,start-2
data,sub-7fab_assay-microstructure_cond-control.csv,thirds
data,sub-7fab_assay-microstructure_cond-control.csv,thirds-2
data,sub-7fab_assay-microstructure_cond-control.csv,time_1
data,sub-7fab_assay-microstructure_cond-control.csv,time_2
data,sub-7fab_assay-microstructure_cond-control.csv,time_2-1
data,sub-7fab_assay-microstructure_cond-control.csv,time_2-2
data,sub-7fab_assay-microstructure_cond-control.csv,trace
data,sub-7fab_assay-microstructure_cond-control.csv,trace-2
data,sub-7fab_assay-microstructure_cond-deprivaiton.csv,activity
data,sub-7fab_assay-microstructure_cond-deprivaiton.csv,activity-2
data,sub-7fab_assay-microstructure_cond-deprivaiton.csv,cond
data,sub-7fab_assay-microstructure_cond-deprivaiton.csv,food
data,sub-7fab_assay-microstructure_cond-deprivaiton.csv,food-2
data,sub-7fab_assay-microstructure_cond-deprivaiton.csv,group
data,sub-7fab_assay-microstructure_cond-deprivaiton.csv,group-2
data,sub-7fab_assay-microstructure_cond-deprivaiton.csv,id
data,sub-7fab_assay-microstructure_cond-deprivaiton.csv,start
data,sub-7fab_assay-microstructure_cond-deprivaiton.csv,start-2
data,sub-7fab_assay-microstructure_cond-deprivaiton.csv,thirds
data,sub-7fab_assay-microstructure_cond-deprivaiton.csv,thirds-2
data,sub-7fab_assay-microstructure_cond-deprivaiton.csv,time_1
data,sub-7fab_assay-microstructure_cond-deprivaiton.csv,time_2
data,sub-7fab_assay-microstructure_cond-deprivaiton.csv,time_2-1
data,sub-7fab_assay-microstructure_cond-deprivaiton.csv,time_2-2
data,sub-7fab_assay-microstructure_cond-deprivaiton.csv,trace
data,sub-7fab_assay-microstructure_cond-deprivaiton.csv,trace-2
data,sub-86cd_assay-microstructure_timepoint-a.csv,activity
data,sub-86cd_assay-microstructure_timepoint-a.csv,food
data,sub-86cd_assay-microstructure_timepoint-a.csv,group
data,sub-86cd_assay-microstructure_timepoint-a.csv,id
data,sub-86cd_assay-microstructure_timepoint-a.csv,start
data,sub-86cd_assay-microstructure_timepoint-a.csv,time1
data,sub-86cd_assay-microstructure_timepoint-a.csv,time2
data,sub-86cd_assay-microstructure_timepoint-a.csv,timepoint
data,sub-86cd_assay-microstructure_timepoint-a.csv,trace
data,sub-86cd_assay-microstructure_timepoint-b.csv,activity
data,sub-86cd_assay-microstructure_timepoint-b.csv,food
data,sub-86cd_assay-microstructure_timepoint-b.csv,group
data,sub-86cd_assay-microstructure_timepoint-b.csv,id
data,sub-86cd_assay-microstructure_timepoint-b.csv,start
data,sub-86cd_assay-microstructure_timepoint-b.csv,time1
data,sub-86cd_assay-microstructure_timepoint-b.csv,time2
data,sub-86cd_assay-microstructure_timepoint-b.csv,timepoint
data,sub-86cd_assay-microstructure_timepoint-b.csv,trace
data,sub-8a9b_assay-microstructure_cond-control.csv,activity
data,sub-8a9b_assay-microstructure_cond-control.csv,activity-2
data,sub-8a9b_assay-microstructure_cond-control.csv,cond
data,sub-8a9b_assay-microstructure_cond-control.csv,food
data,sub-8a9b_assay-microstructure_cond-control.csv,food-2
data,sub-8a9b_assay-microstructure_cond-control.csv,group
data,sub-8a9b_assay-microstructure_cond-control.csv,group-2
data,sub-8a9b_assay-microstructure_cond-control.csv,id
data,sub-8a9b_assay-microstructure_cond-control.csv,start
data,sub-8a9b_assay-microstructure_cond-control.csv,start-2
data,sub-8a9b_assay-microstructure_cond-control.csv,thirds
data,sub-8a9b_assay-microstructure_cond-control.csv,thirds-2
data,sub-8a9b_assay-microstructure_cond-control.csv,time_1
data,sub-8a9b_assay-microstructure_cond-control.csv,time_2
data,sub-8a9b_assay-microstructure_cond-control.csv,time_2-1
data,sub-8a9b_assay-microstructure_cond-control.csv,time_2-2
data,sub-8a9b_assay-microstructure_cond-control.csv,trace
data,sub-8a9b_assay-microstructure_cond-control.csv,trace-2
data,sub-8a9b_assay-microstructure_cond-deprivaiton.csv,activity
data,sub-8a9b_assay-microstructure_cond-deprivaiton.csv,activity-2
data,sub-8a9b_assay-microstructure_cond-deprivaiton.csv,cond
data,sub-8a9b_assay-microstructure_cond-deprivaiton.csv,food
data,sub-8a9b_assay-microstructure_cond-deprivaiton.csv,food-2
data,sub-8a9b_assay-microstructure_cond-deprivaiton.csv,group
data,sub-8a9b_assay-microstructure_cond-deprivaiton.csv,group-2
data,sub-8a9b_assay-microstructure_cond-deprivaiton.csv,id
data,sub-8a9b_assay-microstructure_cond-deprivaiton.csv,start
data,sub-8a9b_assay-microstructure_cond-deprivaiton.csv,start-2
data,sub-8a9b_assay-microstructure_cond-deprivaiton.csv,thirds
data,sub-8a9b_assay-microstructure_cond-deprivaiton.csv,thirds-2
data,sub-8a9b_assay-microstructure_cond-deprivaiton.csv,time_1
data,sub-8a9b_assay-microstructure_cond-deprivaiton.csv,time_2
data,sub-8a9b_assay-microstructure_cond-deprivaiton.csv,time_2-1
data,sub-8a9b_assay-microstructure_cond-deprivaiton.csv,time_2-2
data,sub-8a9b_assay-microstructure_cond-deprivaiton.csv,trace
data,sub-8a9b_assay-microstructure_cond-deprivaiton.csv,trace-2
data,sub-8ac8_assay-microstructure_cond-control.csv,activity
data,sub-8ac8_assay-microstructure_cond-control.csv,activity-2
data,sub-8ac8_assay-microstructure_cond-control.csv,cond
data,sub-8ac8_assay-microstructure_cond-control.csv,food
data,sub-8ac8_assay-microstructure_cond-control.csv,food-2
data,sub-8ac8_assay-microstructure_cond-control.csv,group
data,sub-8ac8_assay-microstructure_cond-control.csv,group-2
data,sub-8ac8_assay-microstructure_cond-control.csv,id
data,sub-8ac8_assay-microstructure_cond-control.csv,start
data,sub-8ac8_assay-microstructure_cond-control.csv,start-2
data,sub-8ac8_assay-microstructure_cond-control.csv,thirds
data,sub-8ac8_assay-microstructure_cond-control.csv,thirds-2
data,sub-8ac8_assay-microstructure_cond-control.csv,time_1
data,sub-8ac8_assay-microstructure_cond-control.csv,time_2
data,sub-8ac8_assay-microstructure_cond-control.csv,time_2-1
data,sub-8ac8_assay-microstructure_cond-control.csv,time_2-2
data,sub-8ac8_assay-microstructure_cond-control.csv,trace
data,sub-8ac8_assay-microstructure_cond-control.csv,trace-2
data,sub-8ac8_assay-microstructure_cond-deprivaiton.csv,activity
data,sub-8ac8_assay-microstructure_cond-deprivaiton.csv,activity-2
data,sub-8ac8_assay-microstructure_cond-deprivaiton.csv,cond
data,sub-8ac8_assay-microstructure_cond-deprivaiton.csv,food
data,sub-8ac8_assay-microstructure_cond-deprivaiton.csv,food-2
data,sub-8ac8_assay-microstructure_cond-deprivaiton.csv,group
data,sub-8ac8_assay-microstructure_cond-deprivaiton.csv,group-2
data,sub-8ac8_assay-microstructure_cond-deprivaiton.csv,id
data,sub-8ac8_assay-microstructure_cond-deprivaiton.csv,start
data,sub-8ac8_assay-microstructure_cond-deprivaiton.csv,start-2
data,sub-8ac8_assay-microstructure_cond-deprivaiton.csv,thirds
data,sub-8ac8_assay-microstructure_cond-deprivaiton.csv,thirds-2
data,sub-8ac8_assay-microstructure_cond-deprivaiton.csv,time_1
data,sub-8ac8_assay-microstructure_cond-deprivaiton.csv,time_2
data,sub-8ac8_assay-microstructure_cond-deprivaiton.csv,time_2-1
data,sub-8ac8_assay-microstructure_cond-deprivaiton.csv,time_2-2
data,sub-8ac8_assay-microstructure_cond-deprivaiton.csv,trace
data,sub-8ac8_assay-microstructure_cond-deprivaiton.csv,trace-2
data,sub-8b33_assay-microstructure_cond-control.csv,activity
data,sub-8b33_assay-microstructure_cond-control.csv,activity-2
data,sub-8b33_assay-microstructure_cond-control.csv,cond
data,sub-8b33_assay-microstructure_cond-control.csv,food
data,sub-8b33_assay-microstructure_cond-control.csv,food-2
data,sub-8b33_assay-microstructure_cond-control.csv,group
data,sub-8b33_assay-microstructure_cond-control.csv,group-2
data,sub-8b33_assay-microstructure_cond-control.csv,id
data,sub-8b33_assay-microstructure_cond-control.csv,start
data,sub-8b33_assay-microstructure_cond-control.csv,start-2
data,sub-8b33_assay-microstructure_cond-control.csv,thirds
data,sub-8b33_assay-microstructure_cond-control.csv,thirds-2
data,sub-8b33_assay-microstructure_cond-control.csv,time_1
data,sub-8b33_assay-microstructure_cond-control.csv,time_2
data,sub-8b33_assay-microstructure_cond-control.csv,time_2-1
data,sub-8b33_assay-microstructure_cond-control.csv,time_2-2
data,sub-8b33_assay-microstructure_cond-control.csv,trace
data,sub-8b33_assay-microstructure_cond-control.csv,trace-2
data,sub-8b33_assay-microstructure_cond-deprivaiton.csv,activity
data,sub-8b33_assay-microstructure_cond-deprivaiton.csv,activity-2
data,sub-8b33_assay-microstructure_cond-deprivaiton.csv,cond
data,sub-8b33_assay-microstructure_cond-deprivaiton.csv,food
data,sub-8b33_assay-microstructure_cond-deprivaiton.csv,food-2
data,sub-8b33_assay-microstructure_cond-deprivaiton.csv,group
data,sub-8b33_assay-microstructure_cond-deprivaiton.csv,group-2
data,sub-8b33_assay-microstructure_cond-deprivaiton.csv,id
data,sub-8b33_assay-microstructure_cond-deprivaiton.csv,start
data,sub-8b33_assay-microstructure_cond-deprivaiton.csv,start-2
data,sub-8b33_assay-microstructure_cond-deprivaiton.csv,thirds
data,sub-8b33_assay-microstructure_cond-deprivaiton.csv,thirds-2
data,sub-8b33_assay-microstructure_cond-deprivaiton.csv,time_1
data,sub-8b33_assay-microstructure_cond-deprivaiton.csv,time_2
data,sub-8b33_assay-microstructure_cond-deprivaiton.csv,time_2-1
data,sub-8b33_assay-microstructure_cond-deprivaiton.csv,time_2-2
data,sub-8b33_assay-microstructure_cond-deprivaiton.csv,trace
data,sub-8b33_assay-microstructure_cond-deprivaiton.csv,trace-2
data,sub-8b39_assay-microstructure_timepoint-a.csv,activity
data,sub-8b39_assay-microstructure_timepoint-a.csv,food
data,sub-8b39_assay-microstructure_timepoint-a.csv,group
data,sub-8b39_assay-microstructure_timepoint-a.csv,id
data,sub-8b39_assay-microstructure_timepoint-a.csv,start
data,sub-8b39_assay-microstructure_timepoint-a.csv,time1
data,sub-8b39_assay-microstructure_timepoint-a.csv,time2
data,sub-8b39_assay-microstructure_timepoint-a.csv,timepoint
data,sub-8b39_assay-microstructure_timepoint-a.csv,trace
data,sub-8b39_assay-microstructure_timepoint-b.csv,activity
data,sub-8b39_assay-microstructure_timepoint-b.csv,food
data,sub-8b39_assay-microstructure_timepoint-b.csv,group
data,sub-8b39_assay-microstructure_timepoint-b.csv,id
data,sub-8b39_assay-microstructure_timepoint-b.csv,start
data,sub-8b39_assay-microstructure_timepoint-b.csv,time1
data,sub-8b39_assay-microstructure_timepoint-b.csv,time2
data,sub-8b39_assay-microstructure_timepoint-b.csv,timepoint
data,sub-8b39_assay-microstructure_timepoint-b.csv,trace
data,sub-8dbe_assay-microstructure_cond-control.csv,activity
data,sub-8dbe_assay-microstructure_cond-control.csv,activity-2
data,sub-8dbe_assay-microstructure_cond-control.csv,cond
data,sub-8dbe_assay-microstructure_cond-control.csv,food
data,sub-8dbe_assay-microstructure_cond-control.csv,food-2
data,sub-8dbe_assay-microstructure_cond-control.csv,group
data,sub-8dbe_assay-microstructure_cond-control.csv,group-2
data,sub-8dbe_assay-microstructure_cond-control.csv,id
data,sub-8dbe_assay-microstructure_cond-control.csv,start
data,sub-8dbe_assay-microstructure_cond-control.csv,start-2
data,sub-8dbe_assay-microstructure_cond-control.csv,time_1
data,sub-8dbe_assay-microstructure_cond-control.csv,time_2
data,sub-8dbe_assay-microstructure_cond-control.csv,time_2-1
data,sub-8dbe_assay-microstructure_cond-control.csv,time_2-2
data,sub-8dbe_assay-microstructure_cond-control.csv,trace
data,sub-8dbe_assay-microstructure_cond-control.csv,trace-2
data,sub-8dbe_assay-microstructure_cond-deprivaiton.csv,activity
data,sub-8dbe_assay-microstructure_cond-deprivaiton.csv,activity-2
data,sub-8dbe_assay-microstructure_cond-deprivaiton.csv,cond
data,sub-8dbe_assay-microstructure_cond-deprivaiton.csv,food
data,sub-8dbe_assay-microstructure_cond-deprivaiton.csv,food-2
data,sub-8dbe_assay-microstructure_cond-deprivaiton.csv,group
data,sub-8dbe_assay-microstructure_cond-deprivaiton.csv,group-2
data,sub-8dbe_assay-microstructure_cond-deprivaiton.csv,id
data,sub-8dbe_assay-microstructure_cond-deprivaiton.csv,start
data,sub-8dbe_assay-microstructure_cond-deprivaiton.csv,start-2
data,sub-8dbe_assay-microstructure_cond-deprivaiton.csv,time_1
data,sub-8dbe_assay-microstructure_cond-deprivaiton.csv,time_2
data,sub-8dbe_assay-microstructure_cond-deprivaiton.csv,time_2-1
data,sub-8dbe_assay-microstructure_cond-deprivaiton.csv,time_2-2
data,sub-8dbe_assay-microstructure_cond-deprivaiton.csv,trace
data,sub-8dbe_assay-microstructure_cond-deprivaiton.csv,trace-2
data,sub-8e0c_assay-microstructure_cond-control.csv,activity
data,sub-8e0c_assay-microstructure_cond-control.csv,activity-2
data,sub-8e0c_assay-microstructure_cond-control.csv,cond
data,sub-8e0c_assay-microstructure_cond-control.csv,food
data,sub-8e0c_assay-microstructure_cond-control.csv,food-2
data,sub-8e0c_assay-microstructure_cond-control.csv,group
data,sub-8e0c_assay-microstructure_cond-control.csv,group-2
data,sub-8e0c_assay-microstructure_cond-control.csv,id
data,sub-8e0c_assay-microstructure_cond-control.csv,start
data,sub-8e0c_assay-microstructure_cond-control.csv,start-2
data,sub-8e0c_assay-microstructure_cond-control.csv,thirds
data,sub-8e0c_assay-microstructure_cond-control.csv,thirds-2
data,sub-8e0c_assay-microstructure_cond-control.csv,time_1
data,sub-8e0c_assay-microstructure_cond-control.csv,time_2
data,sub-8e0c_assay-microstructure_cond-control.csv,time_2-1
data,sub-8e0c_assay-microstructure_cond-control.csv,time_2-2
data,sub-8e0c_assay-microstructure_cond-control.csv,trace
data,sub-8e0c_assay-microstructure_cond-control.csv,trace-2
data,sub-8e0c_assay-microstructure_cond-deprivaiton.csv,activity
data,sub-8e0c_assay-microstructure_cond-deprivaiton.csv,activity-2
data,sub-8e0c_assay-microstructure_cond-deprivaiton.csv,cond
data,sub-8e0c_assay-microstructure_cond-deprivaiton.csv,food
data,sub-8e0c_assay-microstructure_cond-deprivaiton.csv,food-2
data,sub-8e0c_assay-microstructure_cond-deprivaiton.csv,group
data,sub-8e0c_assay-microstructure_cond-deprivaiton.csv,group-2
data,sub-8e0c_assay-microstructure_cond-deprivaiton.csv,id
data,sub-8e0c_assay-microstructure_cond-deprivaiton.csv,start
data,sub-8e0c_assay-microstructure_cond-deprivaiton.csv,start-2
data,sub-8e0c_assay-microstructure_cond-deprivaiton.csv,thirds
data,sub-8e0c_assay-microstructure_cond-deprivaiton.csv,thirds-2
data,sub-8e0c_assay-microstructure_cond-deprivaiton.csv,time_1
data,sub-8e0c_assay-microstructure_cond-deprivaiton.csv,time_2
data,sub-8e0c_assay-microstructure_cond-deprivaiton.csv,time_2-1
data,sub-8e0c_assay-microstructure_cond-deprivaiton.csv,time_2-2
data,sub-8e0c_assay-microstructure_cond-deprivaiton.csv,trace
data,sub-8e0c_assay-microstructure_cond-deprivaiton.csv,trace-2
data,sub-93a2_assay-microstructure_cond-control.csv,activity
data,sub-93a2_assay-microstructure_cond-control.csv,activity-2
data,sub-93a2_assay-microstructure_cond-control.csv,cond
data,sub-93a2_assay-microstructure_cond-control.csv,food
data,sub-93a2_assay-microstructure_cond-control.csv,food-2
data,sub-93a2_assay-microstructure_cond-control.csv,group
data,sub-93a2_assay-microstructure_cond-control.csv,group-2
data,sub-93a2_assay-microstructure_cond-control.csv,id
data,sub-93a2_assay-microstructure_cond-control.csv,start
data,sub-93a2_assay-microstructure_cond-control.csv,start-2
data,sub-93a2_assay-microstructure_cond-control.csv,thirds
data,sub-93a2_assay-microstructure_cond-control.csv,thirds-2
data,sub-93a2_assay-microstructure_cond-control.csv,time_1
data,sub-93a2_assay-microstructure_cond-control.csv,time_2
data,sub-93a2_assay-microstructure_cond-control.csv,time_2-1
data,sub-93a2_assay-microstructure_cond-control.csv,time_2-2
data,sub-93a2_assay-microstructure_cond-control.csv,trace
data,sub-93a2_assay-microstructure_cond-control.csv,trace-2
data,sub-93a2_assay-microstructure_cond-deprivaiton.csv,activity
data,sub-93a2_assay-microstructure_cond-deprivaiton.csv,activity-2
data,sub-93a2_assay-microstructure_cond-deprivaiton.csv,cond
data,sub-93a2_assay-microstructure_cond-deprivaiton.csv,food
data,sub-93a2_assay-microstructure_cond-deprivaiton.csv,food-2
data,sub-93a2_assay-microstructure_cond-deprivaiton.csv,group
data,sub-93a2_assay-microstructure_cond-deprivaiton.csv,group-2
data,sub-93a2_assay-microstructure_cond-deprivaiton.csv,id
data,sub-93a2_assay-microstructure_cond-deprivaiton.csv,start
data,sub-93a2_assay-microstructure_cond-deprivaiton.csv,start-2
data,sub-93a2_assay-microstructure_cond-deprivaiton.csv,thirds
data,sub-93a2_assay-microstructure_cond-deprivaiton.csv,thirds-2
data,sub-93a2_assay-microstructure_cond-deprivaiton.csv,time_1
data,sub-93a2_assay-microstructure_cond-deprivaiton.csv,time_2
data,sub-93a2_assay-microstructure_cond-deprivaiton.csv,time_2-1
data,sub-93a2_assay-microstructure_cond-deprivaiton.csv,time_2-2
data,sub-93a2_assay-microstructure_cond-deprivaiton.csv,trace
data,sub-93a2_assay-microstructure_cond-deprivaiton.csv,trace-2
data,sub-94a3_assay-microstructure_cond-control.csv,activity
data,sub-94a3_assay-microstructure_cond-control.csv,activity-2
data,sub-94a3_assay-microstructure_cond-control.csv,cond
data,sub-94a3_assay-microstructure_cond-control.csv,food
data,sub-94a3_assay-microstructure_cond-control.csv,food-2
data,sub-94a3_assay-microstructure_cond-control.csv,id
data,sub-94a3_assay-microstructure_cond-control.csv,start
data,sub-94a3_assay-microstructure_cond-control.csv,start-2
data,sub-94a3_assay-microstructure_cond-control.csv,time_1
data,sub-94a3_assay-microstructure_cond-control.csv,time_2
data,sub-94a3_assay-microstructure_cond-control.csv,time_2-1
data,sub-94a3_assay-microstructure_cond-control.csv,time_2-2
data,sub-94a3_assay-microstructure_cond-control.csv,trace
data,sub-94a3_assay-microstructure_cond-control.csv,trace-2
data,sub-94a3_assay-microstructure_cond-deprivaiton.csv,activity
data,sub-94a3_assay-microstructure_cond-deprivaiton.csv,activity-2
data,sub-94a3_assay-microstructure_cond-deprivaiton.csv,cond
data,sub-94a3_assay-microstructure_cond-deprivaiton.csv,food
data,sub-94a3_assay-microstructure_cond-deprivaiton.csv,food-2
data,sub-94a3_assay-microstructure_cond-deprivaiton.csv,id
data,sub-94a3_assay-microstructure_cond-deprivaiton.csv,start
data,sub-94a3_assay-microstructure_cond-deprivaiton.csv,start-2
data,sub-94a3_assay-microstructure_cond-deprivaiton.csv,time_1
data,sub-94a3_assay-microstructure_cond-deprivaiton.csv,time_2
data,sub-94a3_assay-microstructure_cond-deprivaiton.csv,time_2-1
data,sub-94a3_assay-microstructure_cond-deprivaiton.csv,time_2-2
data,sub-94a3_assay-microstructure_cond-deprivaiton.csv,trace
data,sub-94a3_assay-microstructure_cond-deprivaiton.csv,trace-2
data,sub-960c_assay-microstructure_timepoint-a.csv,activity
data,sub-960c_assay-microstructure_timepoint-a.csv,food
data,sub-960c_assay-microstructure_timepoint-a.csv,group
data,sub-960c_assay-microstructure_timepoint-a.csv,id
data,sub-960c_assay-microstructure_timepoint-a.csv,start
data,sub-960c_assay-microstructure_timepoint-a.csv,time1
data,sub-960c_assay-microstructure_timepoint-a.csv,time2
data,sub-960c_assay-microstructure_timepoint-a.csv,timepoint
data,sub-960c_assay-microstructure_timepoint-a.csv,trace
data,sub-960c_assay-microstructure_timepoint-b.csv,activity
data,sub-960c_assay-microstructure_timepoint-b.csv,food
data,sub-960c_assay-microstructure_timepoint-b.csv,group
data,sub-960c_assay-microstructure_timepoint-b.csv,id
data,sub-960c_assay-microstructure_timepoint-b.csv,start
data,sub-960c_assay-microstructure_timepoint-b.csv,time1
data,sub-960c_assay-microstructure_timepoint-b.csv,time2
data,sub-960c_assay-microstructure_timepoint-b.csv,timepoint
data,sub-960c_assay-microstructure_timepoint-b.csv,trace
data,sub-9746_assay-microstructure_timepoint-a.csv,activity
data,sub-9746_assay-microstructure_timepoint-a.csv,food
data,sub-9746_assay-microstructure_timepoint-a.csv,group
data,sub-9746_assay-microstructure_timepoint-a.csv,id
data,sub-9746_assay-microstructure_timepoint-a.csv,start
data,sub-9746_assay-microstructure_timepoint-a.csv,time1
data,sub-9746_assay-microstructure_timepoint-a.csv,time2
data,sub-9746_assay-microstructure_timepoint-a.csv,timepoint
data,sub-9746_assay-microstructure_timepoint-a.csv,trace
data,sub-9746_assay-microstructure_timepoint-b.csv,activity
data,sub-9746_assay-microstructure_timepoint-b.csv,food
data,sub-9746_assay-microstructure_timepoint-b.csv,group
data,sub-9746_assay-microstructure_timepoint-b.csv,id
data,sub-9746_assay-microstructure_timepoint-b.csv,start
data,sub-9746_assay-microstructure_timepoint-b.csv,time1
data,sub-9746_assay-microstructure_timepoint-b.csv,time2
data,sub-9746_assay-microstructure_timepoint-b.csv,timepoint
data,sub-9746_assay-microstructure_timepoint-b.csv,trace
data,sub-9935_assay-microstructure_timepoint-a.csv,activity
data,sub-9935_assay-microstructure_timepoint-a.csv,food
data,sub-9935_assay-microstructure_timepoint-a.csv,group
data,sub-9935_assay-microstructure_timepoint-a.csv,id
data,sub-9935_assay-microstructure_timepoint-a.csv,start
data,sub-9935_assay-microstructure_timepoint-a.csv,time1
data,sub-9935_assay-microstructure_timepoint-a.csv,time2
data,sub-9935_assay-microstructure_timepoint-a.csv,timepoint
data,sub-9935_assay-microstructure_timepoint-a.csv,trace
data,sub-9935_assay-microstructure_timepoint-b.csv,activity
data,sub-9935_assay-microstructure_timepoint-b.csv,food
data,sub-9935_assay-microstructure_timepoint-b.csv,group
data,sub-9935_assay-microstructure_timepoint-b.csv,id
data,sub-9935_assay-microstructure_timepoint-b.csv,start
data,sub-9935_assay-microstructure_timepoint-b.csv,time1
data,sub-9935_assay-microstructure_timepoint-b.csv,time2
data,sub-9935_assay-microstructure_timepoint-b.csv,timepoint
data,sub-9935_assay-microstructure_timepoint-b.csv,trace
data,sub-9996_assay-microstructure_timepoint-a.csv,activity
data,sub-9996_assay-microstructure_timepoint-a.csv,food
data,sub-9996_assay-microstructure_timepoint-a.csv,group
data,sub-9996_assay-microstructure_timepoint-a.csv,id
data,sub-9996_assay-microstructure_timepoint-a.csv,start
data,sub-9996_assay-microstructure_timepoint-a.csv,time1
data,sub-9996_assay-microstructure_timepoint-a.csv,time2
data,sub-9996_assay-microstructure_timepoint-a.csv,timepoint
data,sub-9996_assay-microstructure_timepoint-a.csv,trace
data,sub-9996_assay-microstructure_timepoint-b.csv,activity
data,sub-9996_assay-microstructure_timepoint-b.csv,food
data,sub-9996_assay-microstructure_timepoint-b.csv,group
data,sub-9996_assay-microstructure_timepoint-b.csv,id
data,sub-9996_assay-microstructure_timepoint-b.csv,start
data,sub-9996_assay-microstructure_timepoint-b.csv,time1
data,sub-9996_assay-microstructure_timepoint-b.csv,time2
data,sub-9996_assay-microstructure_timepoint-b.csv,timepoint
data,sub-9996_assay-microstructure_timepoint-b.csv,trace
data,sub-9bcd_assay-microstructure_cond-control.csv,activity
data,sub-9bcd_assay-microstructure_cond-control.csv,activity-2
data,sub-9bcd_assay-microstructure_cond-control.csv,cond
data,sub-9bcd_assay-microstructure_cond-control.csv,food
data,sub-9bcd_assay-microstructure_cond-control.csv,food-2
data,sub-9bcd_assay-microstructure_cond-control.csv,group
data,sub-9bcd_assay-microstructure_cond-control.csv,group-2
data,sub-9bcd_assay-microstructure_cond-control.csv,id
data,sub-9bcd_assay-microstructure_cond-control.csv,start
data,sub-9bcd_assay-microstructure_cond-control.csv,start-2
data,sub-9bcd_assay-microstructure_cond-control.csv,thirds
data,sub-9bcd_assay-microstructure_cond-control.csv,thirds-2
data,sub-9bcd_assay-microstructure_cond-control.csv,time_1
data,sub-9bcd_assay-microstructure_cond-control.csv,time_2
data,sub-9bcd_assay-microstructure_cond-control.csv,time_2-1
data,sub-9bcd_assay-microstructure_cond-control.csv,time_2-2
data,sub-9bcd_assay-microstructure_cond-control.csv,trace
data,sub-9bcd_assay-microstructure_cond-control.csv,trace-2
data,sub-9bcd_assay-microstructure_cond-deprivaiton.csv,activity
data,sub-9bcd_assay-microstructure_cond-deprivaiton.csv,activity-2
data,sub-9bcd_assay-microstructure_cond-deprivaiton.csv,cond
data,sub-9bcd_assay-microstructure_cond-deprivaiton.csv,food
data,sub-9bcd_assay-microstructure_cond-deprivaiton.csv,food-2
data,sub-9bcd_assay-microstructure_cond-deprivaiton.csv,group
data,sub-9bcd_assay-microstructure_cond-deprivaiton.csv,group-2
data,sub-9bcd_assay-microstructure_cond-deprivaiton.csv,id
data,sub-9bcd_assay-microstructure_cond-deprivaiton.csv,start
data,sub-9bcd_assay-microstructure_cond-deprivaiton.csv,start-2
data,sub-9bcd_assay-microstructure_cond-deprivaiton.csv,thirds
data,sub-9bcd_assay-microstructure_cond-deprivaiton.csv,thirds-2
data,sub-9bcd_assay-microstructure_cond-deprivaiton.csv,time_1
data,sub-9bcd_assay-microstructure_cond-deprivaiton.csv,time_2
data,sub-9bcd_assay-microstructure_cond-deprivaiton.csv,time_2-1
data,sub-9bcd_assay-microstructure_cond-deprivaiton.csv,time_2-2
data,sub-9bcd_assay-microstructure_cond-deprivaiton.csv,trace
data,sub-9bcd_assay-microstructure_cond-deprivaiton.csv,trace-2
data,sub-9d62_assay-microstructure_timepoint-a.csv,activity
data,sub-9d62_assay-microstructure_timepoint-a.csv,food
data,sub-9d62_assay-microstructure_timepoint-a.csv,group
data,sub-9d62_assay-microstructure_timepoint-a.csv,id
data,sub-9d62_assay-microstructure_timepoint-a.csv,start
data,sub-9d62_assay-microstructure_timepoint-a.csv,time1
data,sub-9d62_assay-microstructure_timepoint-a.csv,time2
data,sub-9d62_assay-microstructure_timepoint-a.csv,timepoint
data,sub-9d62_assay-microstructure_timepoint-a.csv,trace
data,sub-9d62_assay-microstructure_timepoint-b.csv,activity
data,sub-9d62_assay-microstructure_timepoint-b.csv,food
data,sub-9d62_assay-microstructure_timepoint-b.csv,group
data,sub-9d62_assay-microstructure_timepoint-b.csv,id
data,sub-9d62_assay-microstructure_timepoint-b.csv,start
data,sub-9d62_assay-microstructure_timepoint-b.csv,time1
data,sub-9d62_assay-microstructure_timepoint-b.csv,time2
data,sub-9d62_assay-microstructure_timepoint-b.csv,timepoint
data,sub-9d62_assay-microstructure_timepoint-b.csv,trace
data,sub-9d89_assay-microstructure_cond-control.csv,activity
data,sub-9d89_assay-microstructure_cond-control.csv,activity-2
data,sub-9d89_assay-microstructure_cond-control.csv,cond
data,sub-9d89_assay-microstructure_cond-control.csv,food
data,sub-9d89_assay-microstructure_cond-control.csv,food-2
data,sub-9d89_assay-microstructure_cond-control.csv,group
data,sub-9d89_assay-microstructure_cond-control.csv,group-2
data,sub-9d89_assay-microstructure_cond-control.csv,id
data,sub-9d89_assay-microstructure_cond-control.csv,start
data,sub-9d89_assay-microstructure_cond-control.csv,start-2
data,sub-9d89_assay-microstructure_cond-control.csv,thirds
data,sub-9d89_assay-microstructure_cond-control.csv,thirds-2
data,sub-9d89_assay-microstructure_cond-control.csv,time_1
data,sub-9d89_assay-microstructure_cond-control.csv,time_2
data,sub-9d89_assay-microstructure_cond-control.csv,time_2-1
data,sub-9d89_assay-microstructure_cond-control.csv,time_2-2
data,sub-9d89_assay-microstructure_cond-control.csv,trace
data,sub-9d89_assay-microstructure_cond-control.csv,trace-2
data,sub-9d89_assay-microstructure_cond-deprivaiton.csv,activity
data,sub-9d89_assay-microstructure_cond-deprivaiton.csv,activity-2
data,sub-9d89_assay-microstructure_cond-deprivaiton.csv,cond
data,sub-9d89_assay-microstructure_cond-deprivaiton.csv,food
data,sub-9d89_assay-microstructure_cond-deprivaiton.csv,food-2
data,sub-9d89_assay-microstructure_cond-deprivaiton.csv,group
data,sub-9d89_assay-microstructure_cond-deprivaiton.csv,group-2
data,sub-9d89_assay-microstructure_cond-deprivaiton.csv,id
data,sub-9d89_assay-microstructure_cond-deprivaiton.csv,start
data,sub-9d89_assay-microstructure_cond-deprivaiton.csv,start-2
data,sub-9d89_assay-microstructure_cond-deprivaiton.csv,thirds
data,sub-9d89_assay-microstructure_cond-deprivaiton.csv,thirds-2
data,sub-9d89_assay-microstructure_cond-deprivaiton.csv,time_1
data,sub-9d89_assay-microstructure_cond-deprivaiton.csv,time_2
data,sub-9d89_assay-microstructure_cond-deprivaiton.csv,time_2-1
data,sub-9d89_assay-microstructure_cond-deprivaiton.csv,time_2-2
data,sub-9d89_assay-microstructure_cond-deprivaiton.csv,trace
data,sub-9d89_assay-microstructure_cond-deprivaiton.csv,trace-2
data,sub-9ec8_assay-microstructure_timepoint-a.csv,activity
data,sub-9ec8_assay-microstructure_timepoint-a.csv,food
data,sub-9ec8_assay-microstructure_timepoint-a.csv,group
data,sub-9ec8_assay-microstructure_timepoint-a.csv,id
data,sub-9ec8_assay-microstructure_timepoint-a.csv,start
data,sub-9ec8_assay-microstructure_timepoint-a.csv,time1
data,sub-9ec8_assay-microstructure_timepoint-a.csv,time2
data,sub-9ec8_assay-microstructure_timepoint-a.csv,timepoint
data,sub-9ec8_assay-microstructure_timepoint-a.csv,trace
data,sub-9ec8_assay-microstructure_timepoint-b.csv,activity
data,sub-9ec8_assay-microstructure_timepoint-b.csv,food
data,sub-9ec8_assay-microstructure_timepoint-b.csv,group
data,sub-9ec8_assay-microstructure_timepoint-b.csv,id
data,sub-9ec8_assay-microstructure_timepoint-b.csv,start
data,sub-9ec8_assay-microstructure_timepoint-b.csv,time1
data,sub-9ec8_assay-microstructure_timepoint-b.csv,time2
data,sub-9ec8_assay-microstructure_timepoint-b.csv,timepoint
data,sub-9ec8_assay-microstructure_timepoint-b.csv,trace
data,sub-a72e_assay-microstructure_timepoint-a.csv,activity
data,sub-a72e_assay-microstructure_timepoint-a.csv,food
data,sub-a72e_assay-microstructure_timepoint-a.csv,group
data,sub-a72e_assay-microstructure_timepoint-a.csv,id
data,sub-a72e_assay-microstructure_timepoint-a.csv,start
data,sub-a72e_assay-microstructure_timepoint-a.csv,time1
data,sub-a72e_assay-microstructure_timepoint-a.csv,time2
data,sub-a72e_assay-microstructure_timepoint-a.csv,timepoint
data,sub-a72e_assay-microstructure_timepoint-a.csv,trace
data,sub-a72e_assay-microstructure_timepoint-b.csv,activity
data,sub-a72e_assay-microstructure_timepoint-b.csv,food
data,sub-a72e_assay-microstructure_timepoint-b.csv,group
data,sub-a72e_assay-microstructure_timepoint-b.csv,id
data,sub-a72e_assay-microstructure_timepoint-b.csv,start
data,sub-a72e_assay-microstructure_timepoint-b.csv,time1
data,sub-a72e_assay-microstructure_timepoint-b.csv,time2
data,sub-a72e_assay-microstructure_timepoint-b.csv,timepoint
data,sub-a72e_assay-microstructure_timepoint-b.csv,trace
data,sub-aaca_assay-microstructure_timepoint-a.csv,activity
data,sub-aaca_assay-microstructure_timepoint-a.csv,food
data,sub-aaca_assay-microstructure_timepoint-a.csv,group
data,sub-aaca_assay-microstructure_timepoint-a.csv,id
data,sub-aaca_assay-microstructure_timepoint-a.csv,start
data,sub-aaca_assay-microstructure_timepoint-a.csv,time1
data,sub-aaca_assay-microstructure_timepoint-a.csv,time2
data,sub-aaca_assay-microstructure_timepoint-a.csv,timepoint
data,sub-aaca_assay-microstructure_timepoint-a.csv,trace
data,sub-aaca_assay-microstructure_timepoint-b.csv,activity
data,sub-aaca_assay-microstructure_timepoint-b.csv,food
data,sub-aaca_assay-microstructure_timepoint-b.csv,group
data,sub-aaca_assay-microstructure_timepoint-b.csv,id
data,sub-aaca_assay-microstructure_timepoint-b.csv,start
data,sub-aaca_assay-microstructure_timepoint-b.csv,time1
data,sub-aaca_assay-microstructure_timepoint-b.csv,time2
data,sub-aaca_assay-microstructure_timepoint-b.csv,timepoint
data,sub-aaca_assay-microstructure_timepoint-b.csv,trace
data,sub-ab1d_assay-microstructure_cond-control.csv,activity
data,sub-ab1d_assay-microstructure_cond-control.csv,activity-2
data,sub-ab1d_assay-microstructure_cond-control.csv,cond
data,sub-ab1d_assay-microstructure_cond-control.csv,food
data,sub-ab1d_assay-microstructure_cond-control.csv,food-2
data,sub-ab1d_assay-microstructure_cond-control.csv,group
data,sub-ab1d_assay-microstructure_cond-control.csv,group-2
data,sub-ab1d_assay-microstructure_cond-control.csv,id
data,sub-ab1d_assay-microstructure_cond-control.csv,start
data,sub-ab1d_assay-microstructure_cond-control.csv,start-2
data,sub-ab1d_assay-microstructure_cond-control.csv,thirds
data,sub-ab1d_assay-microstructure_cond-control.csv,thirds-2
data,sub-ab1d_assay-microstructure_cond-control.csv,time_1
data,sub-ab1d_assay-microstructure_cond-control.csv,time_2
data,sub-ab1d_assay-microstructure_cond-control.csv,time_2-1
data,sub-ab1d_assay-microstructure_cond-control.csv,time_2-2
data,sub-ab1d_assay-microstructure_cond-control.csv,trace
data,sub-ab1d_assay-microstructure_cond-control.csv,trace-2
data,sub-ab1d_assay-microstructure_cond-deprivaiton.csv,activity
data,sub-ab1d_assay-microstructure_cond-deprivaiton.csv,activity-2
data,sub-ab1d_assay-microstructure_cond-deprivaiton.csv,cond
data,sub-ab1d_assay-microstructure_cond-deprivaiton.csv,food
data,sub-ab1d_assay-microstructure_cond-deprivaiton.csv,food-2
data,sub-ab1d_assay-microstructure_cond-deprivaiton.csv,group
data,sub-ab1d_assay-microstructure_cond-deprivaiton.csv,group-2
data,sub-ab1d_assay-microstructure_cond-deprivaiton.csv,id
data,sub-ab1d_assay-microstructure_cond-deprivaiton.csv,start
data,sub-ab1d_assay-microstructure_cond-deprivaiton.csv,start-2
data,sub-ab1d_assay-microstructure_cond-deprivaiton.csv,thirds
data,sub-ab1d_assay-microstructure_cond-deprivaiton.csv,thirds-2
data,sub-ab1d_assay-microstructure_cond-deprivaiton.csv,time_1
data,sub-ab1d_assay-microstructure_cond-deprivaiton.csv,time_2
data,sub-ab1d_assay-microstructure_cond-deprivaiton.csv,time_2-1
data,sub-ab1d_assay-microstructure_cond-deprivaiton.csv,time_2-2
data,sub-ab1d_assay-microstructure_cond-deprivaiton.csv,trace
data,sub-ab1d_assay-microstructure_cond-deprivaiton.csv,trace-2
data,sub-ac90_assay-microstructure_cond-control.csv,activity
data,sub-ac90_assay-microstructure_cond-control.csv,activity-2
data,sub-ac90_assay-microstructure_cond-control.csv,cond
data,sub-ac90_assay-microstructure_cond-control.csv,food
data,sub-ac90_assay-microstructure_cond-control.csv,food-2
data,sub-ac90_assay-microstructure_cond-control.csv,group
data,sub-ac90_assay-microstructure_cond-control.csv,group-2
data,sub-ac90_assay-microstructure_cond-control.csv,id
data,sub-ac90_assay-microstructure_cond-control.csv,start
data,sub-ac90_assay-microstructure_cond-control.csv,start-2
data,sub-ac90_assay-microstructure_cond-control.csv,thirds
data,sub-ac90_assay-microstructure_cond-control.csv,thirds-2
data,sub-ac90_assay-microstructure_cond-control.csv,time_1
data,sub-ac90_assay-microstructure_cond-control.csv,time_2
data,sub-ac90_assay-microstructure_cond-control.csv,time_2-1
data,sub-ac90_assay-microstructure_cond-control.csv,time_2-2
data,sub-ac90_assay-microstructure_cond-control.csv,trace
data,sub-ac90_assay-microstructure_cond-control.csv,trace-2
data,sub-ac90_assay-microstructure_cond-deprivaiton.csv,activity
data,sub-ac90_assay-microstructure_cond-deprivaiton.csv,activity-2
data,sub-ac90_assay-microstructure_cond-deprivaiton.csv,cond
data,sub-ac90_assay-microstructure_cond-deprivaiton.csv,food
data,sub-ac90_assay-microstructure_cond-deprivaiton.csv,food-2
data,sub-ac90_assay-microstructure_cond-deprivaiton.csv,group
data,sub-ac90_assay-microstructure_cond-deprivaiton.csv,group-2
data,sub-ac90_assay-microstructure_cond-deprivaiton.csv,id
data,sub-ac90_assay-microstructure_cond-deprivaiton.csv,start
data,sub-ac90_assay-microstructure_cond-deprivaiton.csv,start-2
data,sub-ac90_assay-microstructure_cond-deprivaiton.csv,thirds
data,sub-ac90_assay-microstructure_cond-deprivaiton.csv,thirds-2
data,sub-ac90_assay-microstructure_cond-deprivaiton.csv,time_1
data,sub-ac90_assay-microstructure_cond-deprivaiton.csv,time_2
data,sub-ac90_assay-microstructure_cond-deprivaiton.csv,time_2-1
data,sub-ac90_assay-microstructure_cond-deprivaiton.csv,time_2-2
data,sub-ac90_assay-microstructure_cond-deprivaiton.csv,trace
data,sub-ac90_assay-microstructure_cond-deprivaiton.csv,trace-2
data,sub-b134_assay-microstructure_timepoint-a.csv,activity
data,sub-b134_assay-microstructure_timepoint-a.csv,food
data,sub-b134_assay-microstructure_timepoint-a.csv,group
data,sub-b134_assay-microstructure_timepoint-a.csv,id
data,sub-b134_assay-microstructure_timepoint-a.csv,start
data,sub-b134_assay-microstructure_timepoint-a.csv,time1
data,sub-b134_assay-microstructure_timepoint-a.csv,time2
data,sub-b134_assay-microstructure_timepoint-a.csv,timepoint
data,sub-b134_assay-microstructure_timepoint-a.csv,trace
data,sub-b134_assay-microstructure_timepoint-b.csv,activity
data,sub-b134_assay-microstructure_timepoint-b.csv,food
data,sub-b134_assay-microstructure_timepoint-b.csv,group
data,sub-b134_assay-microstructure_timepoint-b.csv,id
data,sub-b134_assay-microstructure_timepoint-b.csv,start
data,sub-b134_assay-microstructure_timepoint-b.csv,time1
data,sub-b134_assay-microstructure_timepoint-b.csv,time2
data,sub-b134_assay-microstructure_timepoint-b.csv,timepoint
data,sub-b134_assay-microstructure_timepoint-b.csv,trace
data,sub-b22f_assay-microstructure_cond-control.csv,activity
data,sub-b22f_assay-microstructure_cond-control.csv,activity-2
data,sub-b22f_assay-microstructure_cond-control.csv,cond
data,sub-b22f_assay-microstructure_cond-control.csv,food
data,sub-b22f_assay-microstructure_cond-control.csv,food-2
data,sub-b22f_assay-microstructure_cond-control.csv,id
data,sub-b22f_assay-microstructure_cond-control.csv,start
data,sub-b22f_assay-microstructure_cond-control.csv,start-2
data,sub-b22f_assay-microstructure_cond-control.csv,time_1
data,sub-b22f_assay-microstructure_cond-control.csv,time_2
data,sub-b22f_assay-microstructure_cond-control.csv,time_2-1
data,sub-b22f_assay-microstructure_cond-control.csv,time_2-2
data,sub-b22f_assay-microstructure_cond-control.csv,trace
data,sub-b22f_assay-microstructure_cond-control.csv,trace-2
data,sub-b22f_assay-microstructure_cond-deprivaiton.csv,activity
data,sub-b22f_assay-microstructure_cond-deprivaiton.csv,activity-2
data,sub-b22f_assay-microstructure_cond-deprivaiton.csv,cond
data,sub-b22f_assay-microstructure_cond-deprivaiton.csv,food
data,sub-b22f_assay-microstructure_cond-deprivaiton.csv,food-2
data,sub-b22f_assay-microstructure_cond-deprivaiton.csv,id
data,sub-b22f_assay-microstructure_cond-deprivaiton.csv,start
data,sub-b22f_assay-microstructure_cond-deprivaiton.csv,start-2
data,sub-b22f_assay-microstructure_cond-deprivaiton.csv,time_1
data,sub-b22f_assay-microstructure_cond-deprivaiton.csv,time_2
data,sub-b22f_assay-microstructure_cond-deprivaiton.csv,time_2-1
data,sub-b22f_assay-microstructure_cond-deprivaiton.csv,time_2-2
data,sub-b22f_assay-microstructure_cond-deprivaiton.csv,trace
data,sub-b22f_assay-microstructure_cond-deprivaiton.csv,trace-2
data,sub-b451_assay-microstructure_timepoint-a.csv,activity
data,sub-b451_assay-microstructure_timepoint-a.csv,food
data,sub-b451_assay-microstructure_timepoint-a.csv,group
data,sub-b451_assay-microstructure_timepoint-a.csv,id
data,sub-b451_assay-microstructure_timepoint-a.csv,start
data,sub-b451_assay-microstructure_timepoint-a.csv,time1
data,sub-b451_assay-microstructure_timepoint-a.csv,time2
data,sub-b451_assay-microstructure_timepoint-a.csv,timepoint
data,sub-b451_assay-microstructure_timepoint-a.csv,trace
data,sub-b451_assay-microstructure_timepoint-b.csv,activity
data,sub-b451_assay-microstructure_timepoint-b.csv,food
data,sub-b451_assay-microstructure_timepoint-b.csv,group
data,sub-b451_assay-microstructure_timepoint-b.csv,id
data,sub-b451_assay-microstructure_timepoint-b.csv,start
data,sub-b451_assay-microstructure_timepoint-b.csv,time1
data,sub-b451_assay-microstructure_timepoint-b.csv,time2
data,sub-b451_assay-microstructure_timepoint-b.csv,timepoint
data,sub-b451_assay-microstructure_timepoint-b.csv,trace
data,sub-b615_assay-microstructure_cond-control.csv,activity
data,sub-b615_assay-microstructure_cond-control.csv,activity-2
data,sub-b615_assay-microstructure_cond-control.csv,cond
data,sub-b615_assay-microstructure_cond-control.csv,food
data,sub-b615_assay-microstructure_cond-control.csv,food-2
data,sub-b615_assay-microstructure_cond-control.csv,group
data,sub-b615_assay-microstructure_cond-control.csv,group-2
data,sub-b615_assay-microstructure_cond-control.csv,id
data,sub-b615_assay-microstructure_cond-control.csv,start
data,sub-b615_assay-microstructure_cond-control.csv,start-2
data,sub-b615_assay-microstructure_cond-control.csv,thirds
data,sub-b615_assay-microstructure_cond-control.csv,thirds-2
data,sub-b615_assay-microstructure_cond-control.csv,time_1
data,sub-b615_assay-microstructure_cond-control.csv,time_2
data,sub-b615_assay-microstructure_cond-control.csv,time_2-1
data,sub-b615_assay-microstructure_cond-control.csv,time_2-2
data,sub-b615_assay-microstructure_cond-control.csv,trace
data,sub-b615_assay-microstructure_cond-control.csv,trace-2
data,sub-b615_assay-microstructure_cond-deprivaiton.csv,activity
data,sub-b615_assay-microstructure_cond-deprivaiton.csv,activity-2
data,sub-b615_assay-microstructure_cond-deprivaiton.csv,cond
data,sub-b615_assay-microstructure_cond-deprivaiton.csv,food
data,sub-b615_assay-microstructure_cond-deprivaiton.csv,food-2
data,sub-b615_assay-microstructure_cond-deprivaiton.csv,group
data,sub-b615_assay-microstructure_cond-deprivaiton.csv,group-2
data,sub-b615_assay-microstructure_cond-deprivaiton.csv,id
data,sub-b615_assay-microstructure_cond-deprivaiton.csv,start
data,sub-b615_assay-microstructure_cond-deprivaiton.csv,start-2
data,sub-b615_assay-microstructure_cond-deprivaiton.csv,thirds
data,sub-b615_assay-microstructure_cond-deprivaiton.csv,thirds-2
data,sub-b615_assay-microstructure_cond-deprivaiton.csv,time_1
data,sub-b615_assay-microstructure_cond-deprivaiton.csv,time_2
data,sub-b615_assay-microstructure_cond-deprivaiton.csv,time_2-1
data,sub-b615_assay-microstructure_cond-deprivaiton.csv,time_2-2
data,sub-b615_assay-microstructure_cond-deprivaiton.csv,trace
data,sub-b615_assay-microstructure_cond-deprivaiton.csv,trace-2
data,sub-b6d5_assay-microstructure_cond-control.csv,activity
data,sub-b6d5_assay-microstructure_cond-control.csv,activity-2
data,sub-b6d5_assay-microstructure_cond-control.csv,cond
data,sub-b6d5_assay-microstructure_cond-control.csv,food
data,sub-b6d5_assay-microstructure_cond-control.csv,food-2
data,sub-b6d5_assay-microstructure_cond-control.csv,group
data,sub-b6d5_assay-microstructure_cond-control.csv,group-2
data,sub-b6d5_assay-microstructure_cond-control.csv,id
data,sub-b6d5_assay-microstructure_cond-control.csv,start
data,sub-b6d5_assay-microstructure_cond-control.csv,start-2
data,sub-b6d5_assay-microstructure_cond-control.csv,thirds
data,sub-b6d5_assay-microstructure_cond-control.csv,thirds-2
data,sub-b6d5_assay-microstructure_cond-control.csv,time_1
data,sub-b6d5_assay-microstructure_cond-control.csv,time_2
data,sub-b6d5_assay-microstructure_cond-control.csv,time_2-1
data,sub-b6d5_assay-microstructure_cond-control.csv,time_2-2
data,sub-b6d5_assay-microstructure_cond-control.csv,trace
data,sub-b6d5_assay-microstructure_cond-control.csv,trace-2
data,sub-b6d5_assay-microstructure_cond-deprivaiton.csv,activity
data,sub-b6d5_assay-microstructure_cond-deprivaiton.csv,activity-2
data,sub-b6d5_assay-microstructure_cond-deprivaiton.csv,cond
data,sub-b6d5_assay-microstructure_cond-deprivaiton.csv,food
data,sub-b6d5_assay-microstructure_cond-deprivaiton.csv,food-2
data,sub-b6d5_assay-microstructure_cond-deprivaiton.csv,group
data,sub-b6d5_assay-microstructure_cond-deprivaiton.csv,group-2
data,sub-b6d5_assay-microstructure_cond-deprivaiton.csv,id
data,sub-b6d5_assay-microstructure_cond-deprivaiton.csv,start
data,sub-b6d5_assay-microstructure_cond-deprivaiton.csv,start-2
data,sub-b6d5_assay-microstructure_cond-deprivaiton.csv,thirds
data,sub-b6d5_assay-microstructure_cond-deprivaiton.csv,thirds-2
data,sub-b6d5_assay-microstructure_cond-deprivaiton.csv,time_1
data,sub-b6d5_assay-microstructure_cond-deprivaiton.csv,time_2
data,sub-b6d5_assay-microstructure_cond-deprivaiton.csv,time_2-1
data,sub-b6d5_assay-microstructure_cond-deprivaiton.csv,time_2-2
data,sub-b6d5_assay-microstructure_cond-deprivaiton.csv,trace
data,sub-b6d5_assay-microstructure_cond-deprivaiton.csv,trace-2
data,sub-b7da_assay-microstructure_cond-control.csv,activity
data,sub-b7da_assay-microstructure_cond-control.csv,activity-2
data,sub-b7da_assay-microstructure_cond-control.csv,cond
data,sub-b7da_assay-microstructure_cond-control.csv,food
data,sub-b7da_assay-microstructure_cond-control.csv,food-2
data,sub-b7da_assay-microstructure_cond-control.csv,group
data,sub-b7da_assay-microstructure_cond-control.csv,group-2
data,sub-b7da_assay-microstructure_cond-control.csv,id
data,sub-b7da_assay-microstructure_cond-control.csv,start
data,sub-b7da_assay-microstructure_cond-control.csv,start-2
data,sub-b7da_assay-microstructure_cond-control.csv,thirds
data,sub-b7da_assay-microstructure_cond-control.csv,thirds-2
data,sub-b7da_assay-microstructure_cond-control.csv,time_1
data,sub-b7da_assay-microstructure_cond-control.csv,time_2
data,sub-b7da_assay-microstructure_cond-control.csv,time_2-1
data,sub-b7da_assay-microstructure_cond-control.csv,time_2-2
data,sub-b7da_assay-microstructure_cond-control.csv,trace
data,sub-b7da_assay-microstructure_cond-control.csv,trace-2
data,sub-b7da_assay-microstructure_cond-deprivaiton.csv,activity
data,sub-b7da_assay-microstructure_cond-deprivaiton.csv,activity-2
data,sub-b7da_assay-microstructure_cond-deprivaiton.csv,cond
data,sub-b7da_assay-microstructure_cond-deprivaiton.csv,food
data,sub-b7da_assay-microstructure_cond-deprivaiton.csv,food-2
data,sub-b7da_assay-microstructure_cond-deprivaiton.csv,group
data,sub-b7da_assay-microstructure_cond-deprivaiton.csv,group-2
data,sub-b7da_assay-microstructure_cond-deprivaiton.csv,id
data,sub-b7da_assay-microstructure_cond-deprivaiton.csv,start
data,sub-b7da_assay-microstructure_cond-deprivaiton.csv,start-2
data,sub-b7da_assay-microstructure_cond-deprivaiton.csv,thirds
data,sub-b7da_assay-microstructure_cond-deprivaiton.csv,thirds-2
data,sub-b7da_assay-microstructure_cond-deprivaiton.csv,time_1
data,sub-b7da_assay-microstructure_cond-deprivaiton.csv,time_2
data,sub-b7da_assay-microstructure_cond-deprivaiton.csv,time_2-1
data,sub-b7da_assay-microstructure_cond-deprivaiton.csv,time_2-2
data,sub-b7da_assay-microstructure_cond-deprivaiton.csv,trace
data,sub-b7da_assay-microstructure_cond-deprivaiton.csv,trace-2
data,sub-bb2b_assay-microstructure_cond-control.csv,activity
data,sub-bb2b_assay-microstructure_cond-control.csv,activity-2
data,sub-bb2b_assay-microstructure_cond-control.csv,cond
data,sub-bb2b_assay-microstructure_cond-control.csv,food
data,sub-bb2b_assay-microstructure_cond-control.csv,food-2
data,sub-bb2b_assay-microstructure_cond-control.csv,group
data,sub-bb2b_assay-microstructure_cond-control.csv,group-2
data,sub-bb2b_assay-microstructure_cond-control.csv,id
data,sub-bb2b_assay-microstructure_cond-control.csv,start
data,sub-bb2b_assay-microstructure_cond-control.csv,start-2
data,sub-bb2b_assay-microstructure_cond-control.csv,thirds
data,sub-bb2b_assay-microstructure_cond-control.csv,thirds-2
data,sub-bb2b_assay-microstructure_cond-control.csv,time_1
data,sub-bb2b_assay-microstructure_cond-control.csv,time_2
data,sub-bb2b_assay-microstructure_cond-control.csv,time_2-1
data,sub-bb2b_assay-microstructure_cond-control.csv,time_2-2
data,sub-bb2b_assay-microstructure_cond-control.csv,trace
data,sub-bb2b_assay-microstructure_cond-control.csv,trace-2
data,sub-bb2b_assay-microstructure_cond-deprivaiton.csv,activity
data,sub-bb2b_assay-microstructure_cond-deprivaiton.csv,activity-2
data,sub-bb2b_assay-microstructure_cond-deprivaiton.csv,cond
data,sub-bb2b_assay-microstructure_cond-deprivaiton.csv,food
data,sub-bb2b_assay-microstructure_cond-deprivaiton.csv,food-2
data,sub-bb2b_assay-microstructure_cond-deprivaiton.csv,group
data,sub-bb2b_assay-microstructure_cond-deprivaiton.csv,group-2
data,sub-bb2b_assay-microstructure_cond-deprivaiton.csv,id
data,sub-bb2b_assay-microstructure_cond-deprivaiton.csv,start
data,sub-bb2b_assay-microstructure_cond-deprivaiton.csv,start-2
data,sub-bb2b_assay-microstructure_cond-deprivaiton.csv,thirds
data,sub-bb2b_assay-microstructure_cond-deprivaiton.csv,time_1
data,sub-bb2b_assay-microstructure_cond-deprivaiton.csv,time_2
data,sub-bb2b_assay-microstructure_cond-deprivaiton.csv,time_2-1
data,sub-bb2b_assay-microstructure_cond-deprivaiton.csv,time_2-2
data,sub-bb2b_assay-microstructure_cond-deprivaiton.csv,trace
data,sub-bb2b_assay-microstructure_cond-deprivaiton.csv,trace-2
data,sub-bb72_assay-microstructure_cond-control.csv,activity
data,sub-bb72_assay-microstructure_cond-control.csv,activity-2
data,sub-bb72_assay-microstructure_cond-control.csv,cond
data,sub-bb72_assay-microstructure_cond-control.csv,food
data,sub-bb72_assay-microstructure_cond-control.csv,food-2
data,sub-bb72_assay-microstructure_cond-control.csv,group
data,sub-bb72_assay-microstructure_cond-control.csv,group-2
data,sub-bb72_assay-microstructure_cond-control.csv,id
data,sub-bb72_assay-microstructure_cond-control.csv,start
data,sub-bb72_assay-microstructure_cond-control.csv,start-2
data,sub-bb72_assay-microstructure_cond-control.csv,thirds
data,sub-bb72_assay-microstructure_cond-control.csv,thirds-2
data,sub-bb72_assay-microstructure_cond-control.csv,time_1
data,sub-bb72_assay-microstructure_cond-control.csv,time_2
data,sub-bb72_assay-microstructure_cond-control.csv,time_2-1
data,sub-bb72_assay-microstructure_cond-control.csv,time_2-2
data,sub-bb72_assay-microstructure_cond-control.csv,trace
data,sub-bb72_assay-microstructure_cond-control.csv,trace-2
data,sub-bb72_assay-microstructure_cond-deprivaiton.csv,activity
data,sub-bb72_assay-microstructure_cond-deprivaiton.csv,activity-2
data,sub-bb72_assay-microstructure_cond-deprivaiton.csv,cond
data,sub-bb72_assay-microstructure_cond-deprivaiton.csv,food
data,sub-bb72_assay-microstructure_cond-deprivaiton.csv,food-2
data,sub-bb72_assay-microstructure_cond-deprivaiton.csv,group
data,sub-bb72_assay-microstructure_cond-deprivaiton.csv,group-2
data,sub-bb72_assay-microstructure_cond-deprivaiton.csv,id
data,sub-bb72_assay-microstructure_cond-deprivaiton.csv,start
data,sub-bb72_assay-microstructure_cond-deprivaiton.csv,start-2
data,sub-bb72_assay-microstructure_cond-deprivaiton.csv,thirds
data,sub-bb72_assay-microstructure_cond-deprivaiton.csv,thirds-2
data,sub-bb72_assay-microstructure_cond-deprivaiton.csv,time_1
data,sub-bb72_assay-microstructure_cond-deprivaiton.csv,time_2
data,sub-bb72_assay-microstructure_cond-deprivaiton.csv,time_2-1
data,sub-bb72_assay-microstructure_cond-deprivaiton.csv,time_2-2
data,sub-bb72_assay-microstructure_cond-deprivaiton.csv,trace
data,sub-bb72_assay-microstructure_cond-deprivaiton.csv,trace-2
data,sub-bc10_assay-microstructure_cond-control.csv,activity
data,sub-bc10_assay-microstructure_cond-control.csv,activity-2
data,sub-bc10_assay-microstructure_cond-control.csv,cond
data,sub-bc10_assay-microstructure_cond-control.csv,food
data,sub-bc10_assay-microstructure_cond-control.csv,food-2
data,sub-bc10_assay-microstructure_cond-control.csv,group
data,sub-bc10_assay-microstructure_cond-control.csv,group-2
data,sub-bc10_assay-microstructure_cond-control.csv,id
data,sub-bc10_assay-microstructure_cond-control.csv,start
data,sub-bc10_assay-microstructure_cond-control.csv,start-2
data,sub-bc10_assay-microstructure_cond-control.csv,thirds
data,sub-bc10_assay-microstructure_cond-control.csv,thirds-2
data,sub-bc10_assay-microstructure_cond-control.csv,time_1
data,sub-bc10_assay-microstructure_cond-control.csv,time_2
data,sub-bc10_assay-microstructure_cond-control.csv,time_2-1
data,sub-bc10_assay-microstructure_cond-control.csv,time_2-2
data,sub-bc10_assay-microstructure_cond-control.csv,trace
data,sub-bc10_assay-microstructure_cond-control.csv,trace-2
data,sub-bc10_assay-microstructure_cond-deprivaiton.csv,activity
data,sub-bc10_assay-microstructure_cond-deprivaiton.csv,activity-2
data,sub-bc10_assay-microstructure_cond-deprivaiton.csv,cond
data,sub-bc10_assay-microstructure_cond-deprivaiton.csv,food
data,sub-bc10_assay-microstructure_cond-deprivaiton.csv,food-2
data,sub-bc10_assay-microstructure_cond-deprivaiton.csv,group
data,sub-bc10_assay-microstructure_cond-deprivaiton.csv,group-2
data,sub-bc10_assay-microstructure_cond-deprivaiton.csv,id
data,sub-bc10_assay-microstructure_cond-deprivaiton.csv,start
data,sub-bc10_assay-microstructure_cond-deprivaiton.csv,start-2
data,sub-bc10_assay-microstructure_cond-deprivaiton.csv,thirds
data,sub-bc10_assay-microstructure_cond-deprivaiton.csv,thirds-2
data,sub-bc10_assay-microstructure_cond-deprivaiton.csv,time_1
data,sub-bc10_assay-microstructure_cond-deprivaiton.csv,time_2
data,sub-bc10_assay-microstructure_cond-deprivaiton.csv,time_2-1
data,sub-bc10_assay-microstructure_cond-deprivaiton.csv,time_2-2
data,sub-bc10_assay-microstructure_cond-deprivaiton.csv,trace
data,sub-bc10_assay-microstructure_cond-deprivaiton.csv,trace-2
data,sub-be51_assay-microstructure_cond-control.csv,activity
data,sub-be51_assay-microstructure_cond-control.csv,activity-2
data,sub-be51_assay-microstructure_cond-control.csv,cond
data,sub-be51_assay-microstructure_cond-control.csv,food
data,sub-be51_assay-microstructure_cond-control.csv,food-2
data,sub-be51_assay-microstructure_cond-control.csv,group
data,sub-be51_assay-microstructure_cond-control.csv,group-2
data,sub-be51_assay-microstructure_cond-control.csv,id
data,sub-be51_assay-microstructure_cond-control.csv,start
data,sub-be51_assay-microstructure_cond-control.csv,start-2
data,sub-be51_assay-microstructure_cond-control.csv,thirds
data,sub-be51_assay-microstructure_cond-control.csv,thirds-2
data,sub-be51_assay-microstructure_cond-control.csv,time_1
data,sub-be51_assay-microstructure_cond-control.csv,time_2
data,sub-be51_assay-microstructure_cond-control.csv,time_2-1
data,sub-be51_assay-microstructure_cond-control.csv,time_2-2
data,sub-be51_assay-microstructure_cond-control.csv,trace
data,sub-be51_assay-microstructure_cond-control.csv,trace-2
data,sub-be51_assay-microstructure_cond-deprivaiton.csv,activity
data,sub-be51_assay-microstructure_cond-deprivaiton.csv,activity-2
data,sub-be51_assay-microstructure_cond-deprivaiton.csv,cond
data,sub-be51_assay-microstructure_cond-deprivaiton.csv,food
data,sub-be51_assay-microstructure_cond-deprivaiton.csv,food-2
data,sub-be51_assay-microstructure_cond-deprivaiton.csv,group
data,sub-be51_assay-microstructure_cond-deprivaiton.csv,group-2
data,sub-be51_assay-microstructure_cond-deprivaiton.csv,id
data,sub-be51_assay-microstructure_cond-deprivaiton.csv,start
data,sub-be51_assay-microstructure_cond-deprivaiton.csv,start-2
data,sub-be51_assay-microstructure_cond-deprivaiton.csv,thirds
data,sub-be51_assay-microstructure_cond-deprivaiton.csv,thirds-2
data,sub-be51_assay-microstructure_cond-deprivaiton.csv,time_1
data,sub-be51_assay-microstructure_cond-deprivaiton.csv,time_2
data,sub-be51_assay-microstructure_cond-deprivaiton.csv,time_2-1
data,sub-be51_assay-microstructure_cond-deprivaiton.csv,time_2-2
data,sub-be51_assay-microstructure_cond-deprivaiton.csv,trace
data,sub-be51_assay-microstructure_cond-deprivaiton.csv,trace-2
data,sub-bfb5_assay-microstructure_cond-control.csv,activity
data,sub-bfb5_assay-microstructure_cond-control.csv,activity-2
data,sub-bfb5_assay-microstructure_cond-control.csv,cond
data,sub-bfb5_assay-microstructure_cond-control.csv,food
data,sub-bfb5_assay-microstructure_cond-control.csv,food-2
data,sub-bfb5_assay-microstructure_cond-control.csv,group
data,sub-bfb5_assay-microstructure_cond-control.csv,group-2
data,sub-bfb5_assay-microstructure_cond-control.csv,id
data,sub-bfb5_assay-microstructure_cond-control.csv,start
data,sub-bfb5_assay-microstructure_cond-control.csv,start-2
data,sub-bfb5_assay-microstructure_cond-control.csv,thirds
data,sub-bfb5_assay-microstructure_cond-control.csv,thirds-2
data,sub-bfb5_assay-microstructure_cond-control.csv,time_1
data,sub-bfb5_assay-microstructure_cond-control.csv,time_2
data,sub-bfb5_assay-microstructure_cond-control.csv,time_2-1
data,sub-bfb5_assay-microstructure_cond-control.csv,time_2-2
data,sub-bfb5_assay-microstructure_cond-control.csv,trace
data,sub-bfb5_assay-microstructure_cond-control.csv,trace-2
data,sub-bfb5_assay-microstructure_cond-deprivaiton.csv,activity
data,sub-bfb5_assay-microstructure_cond-deprivaiton.csv,activity-2
data,sub-bfb5_assay-microstructure_cond-deprivaiton.csv,cond
data,sub-bfb5_assay-microstructure_cond-deprivaiton.csv,food
data,sub-bfb5_assay-microstructure_cond-deprivaiton.csv,food-2
data,sub-bfb5_assay-microstructure_cond-deprivaiton.csv,group
data,sub-bfb5_assay-microstructure_cond-deprivaiton.csv,group-2
data,sub-bfb5_assay-microstructure_cond-deprivaiton.csv,id
data,sub-bfb5_assay-microstructure_cond-deprivaiton.csv,start
data,sub-bfb5_assay-microstructure_cond-deprivaiton.csv,start-2
data,sub-bfb5_assay-microstructure_cond-deprivaiton.csv,thirds
data,sub-bfb5_assay-microstructure_cond-deprivaiton.csv,thirds-2
data,sub-bfb5_assay-microstructure_cond-deprivaiton.csv,time_1
data,sub-bfb5_assay-microstructure_cond-deprivaiton.csv,time_2
data,sub-bfb5_assay-microstructure_cond-deprivaiton.csv,time_2-1
data,sub-bfb5_assay-microstructure_cond-deprivaiton.csv,time_2-2
data,sub-bfb5_assay-microstructure_cond-deprivaiton.csv,trace
data,sub-bfb5_assay-microstructure_cond-deprivaiton.csv,trace-2
data,sub-c4a4_assay-microstructure_cond-control.csv,activity
data,sub-c4a4_assay-microstructure_cond-control.csv,activity-2
data,sub-c4a4_assay-microstructure_cond-control.csv,cond
data,sub-c4a4_assay-microstructure_cond-control.csv,food
data,sub-c4a4_assay-microstructure_cond-control.csv,food-2
data,sub-c4a4_assay-microstructure_cond-control.csv,group
data,sub-c4a4_assay-microstructure_cond-control.csv,group-2
data,sub-c4a4_assay-microstructure_cond-control.csv,id
data,sub-c4a4_assay-microstructure_cond-control.csv,start
data,sub-c4a4_assay-microstructure_cond-control.csv,start-2
data,sub-c4a4_assay-microstructure_cond-control.csv,thirds
data,sub-c4a4_assay-microstructure_cond-control.csv,thirds-2
data,sub-c4a4_assay-microstructure_cond-control.csv,time_1
data,sub-c4a4_assay-microstructure_cond-control.csv,time_2
data,sub-c4a4_assay-microstructure_cond-control.csv,time_2-1
data,sub-c4a4_assay-microstructure_cond-control.csv,time_2-2
data,sub-c4a4_assay-microstructure_cond-control.csv,trace
data,sub-c4a4_assay-microstructure_cond-control.csv,trace-2
data,sub-c4a4_assay-microstructure_cond-deprivaiton.csv,activity
data,sub-c4a4_assay-microstructure_cond-deprivaiton.csv,activity-2
data,sub-c4a4_assay-microstructure_cond-deprivaiton.csv,cond
data,sub-c4a4_assay-microstructure_cond-deprivaiton.csv,food
data,sub-c4a4_assay-microstructure_cond-deprivaiton.csv,food-2
data,sub-c4a4_assay-microstructure_cond-deprivaiton.csv,group
data,sub-c4a4_assay-microstructure_cond-deprivaiton.csv,group-2
data,sub-c4a4_assay-microstructure_cond-deprivaiton.csv,id
data,sub-c4a4_assay-microstructure_cond-deprivaiton.csv,start
data,sub-c4a4_assay-microstructure_cond-deprivaiton.csv,start-2
data,sub-c4a4_assay-microstructure_cond-deprivaiton.csv,thirds
data,sub-c4a4_assay-microstructure_cond-deprivaiton.csv,thirds-2
data,sub-c4a4_assay-microstructure_cond-deprivaiton.csv,time_1
data,sub-c4a4_assay-microstructure_cond-deprivaiton.csv,time_2
data,sub-c4a4_assay-microstructure_cond-deprivaiton.csv,time_2-1
data,sub-c4a4_assay-microstructure_cond-deprivaiton.csv,time_2-2
data,sub-c4a4_assay-microstructure_cond-deprivaiton.csv,trace
data,sub-c4a4_assay-microstructure_cond-deprivaiton.csv,trace-2
data,sub-c4dc_assay-microstructure_timepoint-a.csv,activity
data,sub-c4dc_assay-microstructure_timepoint-a.csv,food
data,sub-c4dc_assay-microstructure_timepoint-a.csv,group
data,sub-c4dc_assay-microstructure_timepoint-a.csv,id
data,sub-c4dc_assay-microstructure_timepoint-a.csv,start
data,sub-c4dc_assay-microstructure_timepoint-a.csv,time1
data,sub-c4dc_assay-microstructure_timepoint-a.csv,time2
data,sub-c4dc_assay-microstructure_timepoint-a.csv,timepoint
data,sub-c4dc_assay-microstructure_timepoint-a.csv,trace
data,sub-c4dc_assay-microstructure_timepoint-b.csv,activity
data,sub-c4dc_assay-microstructure_timepoint-b.csv,food
data,sub-c4dc_assay-microstructure_timepoint-b.csv,group
data,sub-c4dc_assay-microstructure_timepoint-b.csv,id
data,sub-c4dc_assay-microstructure_timepoint-b.csv,start
data,sub-c4dc_assay-microstructure_timepoint-b.csv,time1
data,sub-c4dc_assay-microstructure_timepoint-b.csv,time2
data,sub-c4dc_assay-microstructure_timepoint-b.csv,timepoint
data,sub-c4dc_assay-microstructure_timepoint-b.csv,trace
data,sub-c524_assay-microstructure_timepoint-a.csv,activity
data,sub-c524_assay-microstructure_timepoint-a.csv,food
data,sub-c524_assay-microstructure_timepoint-a.csv,group
data,sub-c524_assay-microstructure_timepoint-a.csv,id
data,sub-c524_assay-microstructure_timepoint-a.csv,start
data,sub-c524_assay-microstructure_timepoint-a.csv,time1
data,sub-c524_assay-microstructure_timepoint-a.csv,time2
data,sub-c524_assay-microstructure_timepoint-a.csv,timepoint
data,sub-c524_assay-microstructure_timepoint-a.csv,trace
data,sub-c524_assay-microstructure_timepoint-b.csv,activity
data,sub-c524_assay-microstructure_timepoint-b.csv,food
data,sub-c524_assay-microstructure_timepoint-b.csv,group
data,sub-c524_assay-microstructure_timepoint-b.csv,id
data,sub-c524_assay-microstructure_timepoint-b.csv,start
data,sub-c524_assay-microstructure_timepoint-b.csv,time1
data,sub-c524_assay-microstructure_timepoint-b.csv,time2
data,sub-c524_assay-microstructure_timepoint-b.csv,timepoint
data,sub-c524_assay-microstructure_timepoint-b.csv,trace
data,sub-c52c_assay-microstructure_timepoint-a.csv,activity
data,sub-c52c_assay-microstructure_timepoint-a.csv,food
data,sub-c52c_assay-microstructure_timepoint-a.csv,group
data,sub-c52c_assay-microstructure_timepoint-a.csv,id
data,sub-c52c_assay-microstructure_timepoint-a.csv,start
data,sub-c52c_assay-microstructure_timepoint-a.csv,time1
data,sub-c52c_assay-microstructure_timepoint-a.csv,time2
data,sub-c52c_assay-microstructure_timepoint-a.csv,timepoint
data,sub-c52c_assay-microstructure_timepoint-a.csv,trace
data,sub-c52c_assay-microstructure_timepoint-b.csv,activity
data,sub-c52c_assay-microstructure_timepoint-b.csv,food
data,sub-c52c_assay-microstructure_timepoint-b.csv,group
data,sub-c52c_assay-microstructure_timepoint-b.csv,id
data,sub-c52c_assay-microstructure_timepoint-b.csv,start
data,sub-c52c_assay-microstructure_timepoint-b.csv,time1
data,sub-c52c_assay-microstructure_timepoint-b.csv,time2
data,sub-c52c_assay-microstructure_timepoint-b.csv,timepoint
data,sub-c52c_assay-microstructure_timepoint-b.csv,trace
data,sub-c5c4_assay-microstructure_timepoint-a.csv,activity
data,sub-c5c4_assay-microstructure_timepoint-a.csv,food
data,sub-c5c4_assay-microstructure_timepoint-a.csv,group
data,sub-c5c4_assay-microstructure_timepoint-a.csv,id
data,sub-c5c4_assay-microstructure_timepoint-a.csv,start
data,sub-c5c4_assay-microstructure_timepoint-a.csv,time1
data,sub-c5c4_assay-microstructure_timepoint-a.csv,time2
data,sub-c5c4_assay-microstructure_timepoint-a.csv,timepoint
data,sub-c5c4_assay-microstructure_timepoint-a.csv,trace
data,sub-c5c4_assay-microstructure_timepoint-b.csv,activity
data,sub-c5c4_assay-microstructure_timepoint-b.csv,food
data,sub-c5c4_assay-microstructure_timepoint-b.csv,group
data,sub-c5c4_assay-microstructure_timepoint-b.csv,id
data,sub-c5c4_assay-microstructure_timepoint-b.csv,start
data,sub-c5c4_assay-microstructure_timepoint-b.csv,time1
data,sub-c5c4_assay-microstructure_timepoint-b.csv,time2
data,sub-c5c4_assay-microstructure_timepoint-b.csv,timepoint
data,sub-c5c4_assay-microstructure_timepoint-b.csv,trace
data,sub-c901_assay-microstructure_cond-control.csv,activity
data,sub-c901_assay-microstructure_cond-control.csv,activity-2
data,sub-c901_assay-microstructure_cond-control.csv,cond
data,sub-c901_assay-microstructure_cond-control.csv,food
data,sub-c901_assay-microstructure_cond-control.csv,food-2
data,sub-c901_assay-microstructure_cond-control.csv,group
data,sub-c901_assay-microstructure_cond-control.csv,group-2
data,sub-c901_assay-microstructure_cond-control.csv,id
data,sub-c901_assay-microstructure_cond-control.csv,start
data,sub-c901_assay-microstructure_cond-control.csv,start-2
data,sub-c901_assay-microstructure_cond-control.csv,thirds
data,sub-c901_assay-microstructure_cond-control.csv,thirds-2
data,sub-c901_assay-microstructure_cond-control.csv,time_1
data,sub-c901_assay-microstructure_cond-control.csv,time_2
data,sub-c901_assay-microstructure_cond-control.csv,time_2-1
data,sub-c901_assay-microstructure_cond-control.csv,time_2-2
data,sub-c901_assay-microstructure_cond-control.csv,trace
data,sub-c901_assay-microstructure_cond-control.csv,trace-2
data,sub-c901_assay-microstructure_cond-deprivaiton.csv,activity
data,sub-c901_assay-microstructure_cond-deprivaiton.csv,activity-2
data,sub-c901_assay-microstructure_cond-deprivaiton.csv,cond
data,sub-c901_assay-microstructure_cond-deprivaiton.csv,food
data,sub-c901_assay-microstructure_cond-deprivaiton.csv,food-2
data,sub-c901_assay-microstructure_cond-deprivaiton.csv,group
data,sub-c901_assay-microstructure_cond-deprivaiton.csv,group-2
data,sub-c901_assay-microstructure_cond-deprivaiton.csv,id
data,sub-c901_assay-microstructure_cond-deprivaiton.csv,start
data,sub-c901_assay-microstructure_cond-deprivaiton.csv,start-2
data,sub-c901_assay-microstructure_cond-deprivaiton.csv,thirds
data,sub-c901_assay-microstructure_cond-deprivaiton.csv,thirds-2
data,sub-c901_assay-microstructure_cond-deprivaiton.csv,time_1
data,sub-c901_assay-microstructure_cond-deprivaiton.csv,time_2
data,sub-c901_assay-microstructure_cond-deprivaiton.csv,time_2-1
data,sub-c901_assay-microstructure_cond-deprivaiton.csv,time_2-2
data,sub-c901_assay-microstructure_cond-deprivaiton.csv,trace
data,sub-c901_assay-microstructure_cond-deprivaiton.csv,trace-2
data,sub-cb3f_assay-microstructure_cond-control.csv,activity
data,sub-cb3f_assay-microstructure_cond-control.csv,activity-2
data,sub-cb3f_assay-microstructure_cond-control.csv,cond
data,sub-cb3f_assay-microstructure_cond-control.csv,food
data,sub-cb3f_assay-microstructure_cond-control.csv,food-2
data,sub-cb3f_assay-microstructure_cond-control.csv,group
data,sub-cb3f_assay-microstructure_cond-control.csv,group-2
data,sub-cb3f_assay-microstructure_cond-control.csv,id
data,sub-cb3f_assay-microstructure_cond-control.csv,start
data,sub-cb3f_assay-microstructure_cond-control.csv,start-2
data,sub-cb3f_assay-microstructure_cond-control.csv,thirds
data,sub-cb3f_assay-microstructure_cond-control.csv,thirds-2
data,sub-cb3f_assay-microstructure_cond-control.csv,time_1
data,sub-cb3f_assay-microstructure_cond-control.csv,time_2
data,sub-cb3f_assay-microstructure_cond-control.csv,time_2-1
data,sub-cb3f_assay-microstructure_cond-control.csv,time_2-2
data,sub-cb3f_assay-microstructure_cond-control.csv,trace
data,sub-cb3f_assay-microstructure_cond-control.csv,trace-2
data,sub-cb3f_assay-microstructure_cond-deprivaiton.csv,activity
data,sub-cb3f_assay-microstructure_cond-deprivaiton.csv,activity-2
data,sub-cb3f_assay-microstructure_cond-deprivaiton.csv,cond
data,sub-cb3f_assay-microstructure_cond-deprivaiton.csv,food
data,sub-cb3f_assay-microstructure_cond-deprivaiton.csv,food-2
data,sub-cb3f_assay-microstructure_cond-deprivaiton.csv,group
data,sub-cb3f_assay-microstructure_cond-deprivaiton.csv,group-2
data,sub-cb3f_assay-microstructure_cond-deprivaiton.csv,id
data,sub-cb3f_assay-microstructure_cond-deprivaiton.csv,start
data,sub-cb3f_assay-microstructure_cond-deprivaiton.csv,start-2
data,sub-cb3f_assay-microstructure_cond-deprivaiton.csv,thirds
data,sub-cb3f_assay-microstructure_cond-deprivaiton.csv,thirds-2
data,sub-cb3f_assay-microstructure_cond-deprivaiton.csv,time_1
data,sub-cb3f_assay-microstructure_cond-deprivaiton.csv,time_2
data,sub-cb3f_assay-microstructure_cond-deprivaiton.csv,time_2-1
data,sub-cb3f_assay-microstructure_cond-deprivaiton.csv,time_2-2
data,sub-cb3f_assay-microstructure_cond-deprivaiton.csv,trace
data,sub-cb3f_assay-microstructure_cond-deprivaiton.csv,trace-2
data,sub-cba4_assay-microstructure_cond-control.csv,activity
data,sub-cba4_assay-microstructure_cond-control.csv,activity-2
data,sub-cba4_assay-microstructure_cond-control.csv,cond
data,sub-cba4_assay-microstructure_cond-control.csv,food
data,sub-cba4_assay-microstructure_cond-control.csv,food-2
data,sub-cba4_assay-microstructure_cond-control.csv,group
data,sub-cba4_assay-microstructure_cond-control.csv,group-2
data,sub-cba4_assay-microstructure_cond-control.csv,id
data,sub-cba4_assay-microstructure_cond-control.csv,start
data,sub-cba4_assay-microstructure_cond-control.csv,start-2
data,sub-cba4_assay-microstructure_cond-control.csv,thirds
data,sub-cba4_assay-microstructure_cond-control.csv,thirds-2
data,sub-cba4_assay-microstructure_cond-control.csv,time_1
data,sub-cba4_assay-microstructure_cond-control.csv,time_2
data,sub-cba4_assay-microstructure_cond-control.csv,time_2-1
data,sub-cba4_assay-microstructure_cond-control.csv,time_2-2
data,sub-cba4_assay-microstructure_cond-control.csv,trace
data,sub-cba4_assay-microstructure_cond-control.csv,trace-2
data,sub-cba4_assay-microstructure_cond-deprivaiton.csv,activity
data,sub-cba4_assay-microstructure_cond-deprivaiton.csv,activity-2
data,sub-cba4_assay-microstructure_cond-deprivaiton.csv,cond
data,sub-cba4_assay-microstructure_cond-deprivaiton.csv,food
data,sub-cba4_assay-microstructure_cond-deprivaiton.csv,food-2
data,sub-cba4_assay-microstructure_cond-deprivaiton.csv,group
data,sub-cba4_assay-microstructure_cond-deprivaiton.csv,group-2
data,sub-cba4_assay-microstructure_cond-deprivaiton.csv,id
data,sub-cba4_assay-microstructure_cond-deprivaiton.csv,start
data,sub-cba4_assay-microstructure_cond-deprivaiton.csv,start-2
data,sub-cba4_assay-microstructure_cond-deprivaiton.csv,thirds
data,sub-cba4_assay-microstructure_cond-deprivaiton.csv,thirds-2
data,sub-cba4_assay-microstructure_cond-deprivaiton.csv,time_1
data,sub-cba4_assay-microstructure_cond-deprivaiton.csv,time_2
data,sub-cba4_assay-microstructure_cond-deprivaiton.csv,time_2-1
data,sub-cba4_assay-microstructure_cond-deprivaiton.csv,time_2-2
data,sub-cba4_assay-microstructure_cond-deprivaiton.csv,trace
data,sub-cba4_assay-microstructure_cond-deprivaiton.csv,trace-2
data,sub-cfd3_assay-microstructure_timepoint-a.csv,activity
data,sub-cfd3_assay-microstructure_timepoint-a.csv,food
data,sub-cfd3_assay-microstructure_timepoint-a.csv,group
data,sub-cfd3_assay-microstructure_timepoint-a.csv,id
data,sub-cfd3_assay-microstructure_timepoint-a.csv,start
data,sub-cfd3_assay-microstructure_timepoint-a.csv,time1
data,sub-cfd3_assay-microstructure_timepoint-a.csv,time2
data,sub-cfd3_assay-microstructure_timepoint-a.csv,timepoint
data,sub-cfd3_assay-microstructure_timepoint-a.csv,trace
data,sub-cfd3_assay-microstructure_timepoint-b.csv,activity
data,sub-cfd3_assay-microstructure_timepoint-b.csv,food
data,sub-cfd3_assay-microstructure_timepoint-b.csv,group
data,sub-cfd3_assay-microstructure_timepoint-b.csv,id
data,sub-cfd3_assay-microstructure_timepoint-b.csv,start
data,sub-cfd3_assay-microstructure_timepoint-b.csv,time1
data,sub-cfd3_assay-microstructure_timepoint-b.csv,time2
data,sub-cfd3_assay-microstructure_timepoint-b.csv,timepoint
data,sub-cfd3_assay-microstructure_timepoint-b.csv,trace
data,sub-d1b5_assay-microstructure_cond-control.csv,activity
data,sub-d1b5_assay-microstructure_cond-control.csv,activity-2
data,sub-d1b5_assay-microstructure_cond-control.csv,cond
data,sub-d1b5_assay-microstructure_cond-control.csv,food
data,sub-d1b5_assay-microstructure_cond-control.csv,food-2
data,sub-d1b5_assay-microstructure_cond-control.csv,group
data,sub-d1b5_assay-microstructure_cond-control.csv,group-2
data,sub-d1b5_assay-microstructure_cond-control.csv,id
data,sub-d1b5_assay-microstructure_cond-control.csv,start
data,sub-d1b5_assay-microstructure_cond-control.csv,start-2
data,sub-d1b5_assay-microstructure_cond-control.csv,thirds
data,sub-d1b5_assay-microstructure_cond-control.csv,thirds-2
data,sub-d1b5_assay-microstructure_cond-control.csv,time_1
data,sub-d1b5_assay-microstructure_cond-control.csv,time_2
data,sub-d1b5_assay-microstructure_cond-control.csv,time_2-1
data,sub-d1b5_assay-microstructure_cond-control.csv,time_2-2
data,sub-d1b5_assay-microstructure_cond-control.csv,trace
data,sub-d1b5_assay-microstructure_cond-control.csv,trace-2
data,sub-d1b5_assay-microstructure_cond-deprivaiton.csv,activity
data,sub-d1b5_assay-microstructure_cond-deprivaiton.csv,activity-2
data,sub-d1b5_assay-microstructure_cond-deprivaiton.csv,cond
data,sub-d1b5_assay-microstructure_cond-deprivaiton.csv,food
data,sub-d1b5_assay-microstructure_cond-deprivaiton.csv,food-2
data,sub-d1b5_assay-microstructure_cond-deprivaiton.csv,group
data,sub-d1b5_assay-microstructure_cond-deprivaiton.csv,group-2
data,sub-d1b5_assay-microstructure_cond-deprivaiton.csv,id
data,sub-d1b5_assay-microstructure_cond-deprivaiton.csv,start
data,sub-d1b5_assay-microstructure_cond-deprivaiton.csv,start-2
data,sub-d1b5_assay-microstructure_cond-deprivaiton.csv,thirds
data,sub-d1b5_assay-microstructure_cond-deprivaiton.csv,thirds-2
data,sub-d1b5_assay-microstructure_cond-deprivaiton.csv,time_1
data,sub-d1b5_assay-microstructure_cond-deprivaiton.csv,time_2
data,sub-d1b5_assay-microstructure_cond-deprivaiton.csv,time_2-1
data,sub-d1b5_assay-microstructure_cond-deprivaiton.csv,time_2-2
data,sub-d1b5_assay-microstructure_cond-deprivaiton.csv,trace
data,sub-d1b5_assay-microstructure_cond-deprivaiton.csv,trace-2
data,sub-d2aa_assay-microstructure_timepoint-a.csv,activity
data,sub-d2aa_assay-microstructure_timepoint-a.csv,food
data,sub-d2aa_assay-microstructure_timepoint-a.csv,group
data,sub-d2aa_assay-microstructure_timepoint-a.csv,id
data,sub-d2aa_assay-microstructure_timepoint-a.csv,start
data,sub-d2aa_assay-microstructure_timepoint-a.csv,time1
data,sub-d2aa_assay-microstructure_timepoint-a.csv,time2
data,sub-d2aa_assay-microstructure_timepoint-a.csv,timepoint
data,sub-d2aa_assay-microstructure_timepoint-a.csv,trace
data,sub-d2aa_assay-microstructure_timepoint-b.csv,activity
data,sub-d2aa_assay-microstructure_timepoint-b.csv,food
data,sub-d2aa_assay-microstructure_timepoint-b.csv,group
data,sub-d2aa_assay-microstructure_timepoint-b.csv,id
data,sub-d2aa_assay-microstructure_timepoint-b.csv,start
data,sub-d2aa_assay-microstructure_timepoint-b.csv,time1
data,sub-d2aa_assay-microstructure_timepoint-b.csv,time2
data,sub-d2aa_assay-microstructure_timepoint-b.csv,timepoint
data,sub-d2aa_assay-microstructure_timepoint-b.csv,trace
data,sub-d33f_assay-microstructure_cond-control.csv,activity
data,sub-d33f_assay-microstructure_cond-control.csv,activity-2
data,sub-d33f_assay-microstructure_cond-control.csv,cond
data,sub-d33f_assay-microstructure_cond-control.csv,food
data,sub-d33f_assay-microstructure_cond-control.csv,food-2
data,sub-d33f_assay-microstructure_cond-control.csv,group
data,sub-d33f_assay-microstructure_cond-control.csv,group-2
data,sub-d33f_assay-microstructure_cond-control.csv,id
data,sub-d33f_assay-microstructure_cond-control.csv,start
data,sub-d33f_assay-microstructure_cond-control.csv,start-2
data,sub-d33f_assay-microstructure_cond-control.csv,thirds
data,sub-d33f_assay-microstructure_cond-control.csv,thirds-2
data,sub-d33f_assay-microstructure_cond-control.csv,time_1
data,sub-d33f_assay-microstructure_cond-control.csv,time_2
data,sub-d33f_assay-microstructure_cond-control.csv,time_2-1
data,sub-d33f_assay-microstructure_cond-control.csv,time_2-2
data,sub-d33f_assay-microstructure_cond-control.csv,trace
data,sub-d33f_assay-microstructure_cond-control.csv,trace-2
data,sub-d33f_assay-microstructure_cond-deprivaiton.csv,activity
data,sub-d33f_assay-microstructure_cond-deprivaiton.csv,activity-2
data,sub-d33f_assay-microstructure_cond-deprivaiton.csv,cond
data,sub-d33f_assay-microstructure_cond-deprivaiton.csv,food
data,sub-d33f_assay-microstructure_cond-deprivaiton.csv,food-2
data,sub-d33f_assay-microstructure_cond-deprivaiton.csv,group
data,sub-d33f_assay-microstructure_cond-deprivaiton.csv,group-2
data,sub-d33f_assay-microstructure_cond-deprivaiton.csv,id
data,sub-d33f_assay-microstructure_cond-deprivaiton.csv,start
data,sub-d33f_assay-microstructure_cond-deprivaiton.csv,start-2
data,sub-d33f_assay-microstructure_cond-deprivaiton.csv,thirds
data,sub-d33f_assay-microstructure_cond-deprivaiton.csv,thirds-2
data,sub-d33f_assay-microstructure_cond-deprivaiton.csv,time_1
data,sub-d33f_assay-microstructure_cond-deprivaiton.csv,time_2
data,sub-d33f_assay-microstructure_cond-deprivaiton.csv,time_2-1
data,sub-d33f_assay-microstructure_cond-deprivaiton.csv,time_2-2
data,sub-d33f_assay-microstructure_cond-deprivaiton.csv,trace
data,sub-d33f_assay-microstructure_cond-deprivaiton.csv,trace-2
data,sub-d379_assay-microstructure_cond-control.csv,activity
data,sub-d379_assay-microstructure_cond-control.csv,activity-2
data,sub-d379_assay-microstructure_cond-control.csv,cond
data,sub-d379_assay-microstructure_cond-control.csv,food
data,sub-d379_assay-microstructure_cond-control.csv,food-2
data,sub-d379_assay-microstructure_cond-control.csv,group
data,sub-d379_assay-microstructure_cond-control.csv,group-2
data,sub-d379_assay-microstructure_cond-control.csv,id
data,sub-d379_assay-microstructure_cond-control.csv,start
data,sub-d379_assay-microstructure_cond-control.csv,start-2
data,sub-d379_assay-microstructure_cond-control.csv,thirds
data,sub-d379_assay-microstructure_cond-control.csv,thirds-2
data,sub-d379_assay-microstructure_cond-control.csv,time_1
data,sub-d379_assay-microstructure_cond-control.csv,time_2
data,sub-d379_assay-microstructure_cond-control.csv,time_2-1
data,sub-d379_assay-microstructure_cond-control.csv,time_2-2
data,sub-d379_assay-microstructure_cond-control.csv,trace
data,sub-d379_assay-microstructure_cond-control.csv,trace-2
data,sub-d379_assay-microstructure_cond-deprivaiton.csv,activity
data,sub-d379_assay-microstructure_cond-deprivaiton.csv,activity-2
data,sub-d379_assay-microstructure_cond-deprivaiton.csv,cond
data,sub-d379_assay-microstructure_cond-deprivaiton.csv,food
data,sub-d379_assay-microstructure_cond-deprivaiton.csv,food-2
data,sub-d379_assay-microstructure_cond-deprivaiton.csv,group
data,sub-d379_assay-microstructure_cond-deprivaiton.csv,group-2
data,sub-d379_assay-microstructure_cond-deprivaiton.csv,id
data,sub-d379_assay-microstructure_cond-deprivaiton.csv,start
data,sub-d379_assay-microstructure_cond-deprivaiton.csv,start-2
data,sub-d379_assay-microstructure_cond-deprivaiton.csv,thirds
data,sub-d379_assay-microstructure_cond-deprivaiton.csv,thirds-2
data,sub-d379_assay-microstructure_cond-deprivaiton.csv,time_1
data,sub-d379_assay-microstructure_cond-deprivaiton.csv,time_2
data,sub-d379_assay-microstructure_cond-deprivaiton.csv,time_2-1
data,sub-d379_assay-microstructure_cond-deprivaiton.csv,time_2-2
data,sub-d379_assay-microstructure_cond-deprivaiton.csv,trace
data,sub-d379_assay-microstructure_cond-deprivaiton.csv,trace-2
data,sub-d426_assay-microstructure_cond-control.csv,activity
data,sub-d426_assay-microstructure_cond-control.csv,activity-2
data,sub-d426_assay-microstructure_cond-control.csv,cond
data,sub-d426_assay-microstructure_cond-control.csv,food
data,sub-d426_assay-microstructure_cond-control.csv,food-2
data,sub-d426_assay-microstructure_cond-control.csv,id
data,sub-d426_assay-microstructure_cond-control.csv,start
data,sub-d426_assay-microstructure_cond-control.csv,start-2
data,sub-d426_assay-microstructure_cond-control.csv,time_1
data,sub-d426_assay-microstructure_cond-control.csv,time_2
data,sub-d426_assay-microstructure_cond-control.csv,time_2-1
data,sub-d426_assay-microstructure_cond-control.csv,time_2-2
data,sub-d426_assay-microstructure_cond-control.csv,trace
data,sub-d426_assay-microstructure_cond-control.csv,trace-2
data,sub-d426_assay-microstructure_cond-deprivaiton.csv,activity
data,sub-d426_assay-microstructure_cond-deprivaiton.csv,activity-2
data,sub-d426_assay-microstructure_cond-deprivaiton.csv,cond
data,sub-d426_assay-microstructure_cond-deprivaiton.csv,food
data,sub-d426_assay-microstructure_cond-deprivaiton.csv,food-2
data,sub-d426_assay-microstructure_cond-deprivaiton.csv,group
data,sub-d426_assay-microstructure_cond-deprivaiton.csv,group-2
data,sub-d426_assay-microstructure_cond-deprivaiton.csv,id
data,sub-d426_assay-microstructure_cond-deprivaiton.csv,start
data,sub-d426_assay-microstructure_cond-deprivaiton.csv,start-2
data,sub-d426_assay-microstructure_cond-deprivaiton.csv,time_1
data,sub-d426_assay-microstructure_cond-deprivaiton.csv,time_2
data,sub-d426_assay-microstructure_cond-deprivaiton.csv,time_2-1
data,sub-d426_assay-microstructure_cond-deprivaiton.csv,time_2-2
data,sub-d426_assay-microstructure_cond-deprivaiton.csv,trace
data,sub-d426_assay-microstructure_cond-deprivaiton.csv,trace-2
data,sub-d706_assay-microstructure_cond-control.csv,activity
data,sub-d706_assay-microstructure_cond-control.csv,activity-2
data,sub-d706_assay-microstructure_cond-control.csv,cond
data,sub-d706_assay-microstructure_cond-control.csv,food
data,sub-d706_assay-microstructure_cond-control.csv,food-2
data,sub-d706_assay-microstructure_cond-control.csv,group
data,sub-d706_assay-microstructure_cond-control.csv,group-2
data,sub-d706_assay-microstructure_cond-control.csv,id
data,sub-d706_assay-microstructure_cond-control.csv,start
data,sub-d706_assay-microstructure_cond-control.csv,start-2
data,sub-d706_assay-microstructure_cond-control.csv,thirds
data,sub-d706_assay-microstructure_cond-control.csv,thirds-2
data,sub-d706_assay-microstructure_cond-control.csv,time_1
data,sub-d706_assay-microstructure_cond-control.csv,time_2
data,sub-d706_assay-microstructure_cond-control.csv,time_2-1
data,sub-d706_assay-microstructure_cond-control.csv,time_2-2
data,sub-d706_assay-microstructure_cond-control.csv,trace
data,sub-d706_assay-microstructure_cond-control.csv,trace-2
data,sub-d706_assay-microstructure_cond-deprivaiton.csv,activity
data,sub-d706_assay-microstructure_cond-deprivaiton.csv,activity-2
data,sub-d706_assay-microstructure_cond-deprivaiton.csv,cond
data,sub-d706_assay-microstructure_cond-deprivaiton.csv,food
data,sub-d706_assay-microstructure_cond-deprivaiton.csv,food-2
data,sub-d706_assay-microstructure_cond-deprivaiton.csv,group
data,sub-d706_assay-microstructure_cond-deprivaiton.csv,group-2
data,sub-d706_assay-microstructure_cond-deprivaiton.csv,id
data,sub-d706_assay-microstructure_cond-deprivaiton.csv,start
data,sub-d706_assay-microstructure_cond-deprivaiton.csv,start-2
data,sub-d706_assay-microstructure_cond-deprivaiton.csv,thirds
data,sub-d706_assay-microstructure_cond-deprivaiton.csv,thirds-2
data,sub-d706_assay-microstructure_cond-deprivaiton.csv,time_1
data,sub-d706_assay-microstructure_cond-deprivaiton.csv,time_2
data,sub-d706_assay-microstructure_cond-deprivaiton.csv,time_2-1
data,sub-d706_assay-microstructure_cond-deprivaiton.csv,time_2-2
data,sub-d706_assay-microstructure_cond-deprivaiton.csv,trace
data,sub-d706_assay-microstructure_cond-deprivaiton.csv,trace-2
data,sub-da6e_assay-microstructure_timepoint-a.csv,activity
data,sub-da6e_assay-microstructure_timepoint-a.csv,food
data,sub-da6e_assay-microstructure_timepoint-a.csv,group
data,sub-da6e_assay-microstructure_timepoint-a.csv,id
data,sub-da6e_assay-microstructure_timepoint-a.csv,start
data,sub-da6e_assay-microstructure_timepoint-a.csv,time1
data,sub-da6e_assay-microstructure_timepoint-a.csv,time2
data,sub-da6e_assay-microstructure_timepoint-a.csv,timepoint
data,sub-da6e_assay-microstructure_timepoint-a.csv,trace
data,sub-da6e_assay-microstructure_timepoint-b.csv,activity
data,sub-da6e_assay-microstructure_timepoint-b.csv,food
data,sub-da6e_assay-microstructure_timepoint-b.csv,group
data,sub-da6e_assay-microstructure_timepoint-b.csv,id
data,sub-da6e_assay-microstructure_timepoint-b.csv,start
data,sub-da6e_assay-microstructure_timepoint-b.csv,time1
data,sub-da6e_assay-microstructure_timepoint-b.csv,time2
data,sub-da6e_assay-microstructure_timepoint-b.csv,timepoint
data,sub-da6e_assay-microstructure_timepoint-b.csv,trace
data,sub-dc6d_assay-microstructure_cond-control.csv,activity
data,sub-dc6d_assay-microstructure_cond-control.csv,activity-2
data,sub-dc6d_assay-microstructure_cond-control.csv,cond
data,sub-dc6d_assay-microstructure_cond-control.csv,food
data,sub-dc6d_assay-microstructure_cond-control.csv,food-2
data,sub-dc6d_assay-microstructure_cond-control.csv,group
data,sub-dc6d_assay-microstructure_cond-control.csv,group-2
data,sub-dc6d_assay-microstructure_cond-control.csv,id
data,sub-dc6d_assay-microstructure_cond-control.csv,start
data,sub-dc6d_assay-microstructure_cond-control.csv,start-2
data,sub-dc6d_assay-microstructure_cond-control.csv,thirds
data,sub-dc6d_assay-microstructure_cond-control.csv,thirds-2
data,sub-dc6d_assay-microstructure_cond-control.csv,time_1
data,sub-dc6d_assay-microstructure_cond-control.csv,time_2
data,sub-dc6d_assay-microstructure_cond-control.csv,time_2-1
data,sub-dc6d_assay-microstructure_cond-control.csv,time_2-2
data,sub-dc6d_assay-microstructure_cond-control.csv,trace
data,sub-dc6d_assay-microstructure_cond-control.csv,trace-2
data,sub-dc6d_assay-microstructure_cond-deprivaiton.csv,activity
data,sub-dc6d_assay-microstructure_cond-deprivaiton.csv,activity-2
data,sub-dc6d_assay-microstructure_cond-deprivaiton.csv,cond
data,sub-dc6d_assay-microstructure_cond-deprivaiton.csv,food
data,sub-dc6d_assay-microstructure_cond-deprivaiton.csv,food-2
data,sub-dc6d_assay-microstructure_cond-deprivaiton.csv,group
data,sub-dc6d_assay-microstructure_cond-deprivaiton.csv,group-2
data,sub-dc6d_assay-microstructure_cond-deprivaiton.csv,id
data,sub-dc6d_assay-microstructure_cond-deprivaiton.csv,start
data,sub-dc6d_assay-microstructure_cond-deprivaiton.csv,start-2
data,sub-dc6d_assay-microstructure_cond-deprivaiton.csv,thirds
data,sub-dc6d_assay-microstructure_cond-deprivaiton.csv,thirds-2
data,sub-dc6d_assay-microstructure_cond-deprivaiton.csv,time_1
data,sub-dc6d_assay-microstructure_cond-deprivaiton.csv,time_2
data,sub-dc6d_assay-microstructure_cond-deprivaiton.csv,time_2-1
data,sub-dc6d_assay-microstructure_cond-deprivaiton.csv,time_2-2
data,sub-dc6d_assay-microstructure_cond-deprivaiton.csv,trace
data,sub-dc6d_assay-microstructure_cond-deprivaiton.csv,trace-2
data,sub-de79_assay-microstructure_cond-control.csv,activity
data,sub-de79_assay-microstructure_cond-control.csv,activity-2
data,sub-de79_assay-microstructure_cond-control.csv,cond
data,sub-de79_assay-microstructure_cond-control.csv,food
data,sub-de79_assay-microstructure_cond-control.csv,food-2
data,sub-de79_assay-microstructure_cond-control.csv,group
data,sub-de79_assay-microstructure_cond-control.csv,group-2
data,sub-de79_assay-microstructure_cond-control.csv,id
data,sub-de79_assay-microstructure_cond-control.csv,start
data,sub-de79_assay-microstructure_cond-control.csv,start-2
data,sub-de79_assay-microstructure_cond-control.csv,thirds
data,sub-de79_assay-microstructure_cond-control.csv,thirds-2
data,sub-de79_assay-microstructure_cond-control.csv,time_1
data,sub-de79_assay-microstructure_cond-control.csv,time_2
data,sub-de79_assay-microstructure_cond-control.csv,time_2-1
data,sub-de79_assay-microstructure_cond-control.csv,time_2-2
data,sub-de79_assay-microstructure_cond-control.csv,trace
data,sub-de79_assay-microstructure_cond-control.csv,trace-2
data,sub-de79_assay-microstructure_cond-deprivaiton.csv,activity
data,sub-de79_assay-microstructure_cond-deprivaiton.csv,activity-2
data,sub-de79_assay-microstructure_cond-deprivaiton.csv,cond
data,sub-de79_assay-microstructure_cond-deprivaiton.csv,food
data,sub-de79_assay-microstructure_cond-deprivaiton.csv,food-2
data,sub-de79_assay-microstructure_cond-deprivaiton.csv,group
data,sub-de79_assay-microstructure_cond-deprivaiton.csv,group-2
data,sub-de79_assay-microstructure_cond-deprivaiton.csv,id
data,sub-de79_assay-microstructure_cond-deprivaiton.csv,start
data,sub-de79_assay-microstructure_cond-deprivaiton.csv,start-2
data,sub-de79_assay-microstructure_cond-deprivaiton.csv,thirds
data,sub-de79_assay-microstructure_cond-deprivaiton.csv,thirds-2
data,sub-de79_assay-microstructure_cond-deprivaiton.csv,time_1
data,sub-de79_assay-microstructure_cond-deprivaiton.csv,time_2
data,sub-de79_assay-microstructure_cond-deprivaiton.csv,time_2-1
data,sub-de79_assay-microstructure_cond-deprivaiton.csv,time_2-2
data,sub-de79_assay-microstructure_cond-deprivaiton.csv,trace
data,sub-de79_assay-microstructure_cond-deprivaiton.csv,trace-2
data,sub-df5d_assay-microstructure_cond-control.csv,activity
data,sub-df5d_assay-microstructure_cond-control.csv,activity-2
data,sub-df5d_assay-microstructure_cond-control.csv,cond
data,sub-df5d_assay-microstructure_cond-control.csv,food
data,sub-df5d_assay-microstructure_cond-control.csv,food-2
data,sub-df5d_assay-microstructure_cond-control.csv,group
data,sub-df5d_assay-microstructure_cond-control.csv,group-2
data,sub-df5d_assay-microstructure_cond-control.csv,id
data,sub-df5d_assay-microstructure_cond-control.csv,start
data,sub-df5d_assay-microstructure_cond-control.csv,start-2
data,sub-df5d_assay-microstructure_cond-control.csv,thirds
data,sub-df5d_assay-microstructure_cond-control.csv,thirds-2
data,sub-df5d_assay-microstructure_cond-control.csv,time_1
data,sub-df5d_assay-microstructure_cond-control.csv,time_2
data,sub-df5d_assay-microstructure_cond-control.csv,time_2-1
data,sub-df5d_assay-microstructure_cond-control.csv,time_2-2
data,sub-df5d_assay-microstructure_cond-control.csv,trace
data,sub-df5d_assay-microstructure_cond-control.csv,trace-2
data,sub-df5d_assay-microstructure_cond-deprivaiton.csv,activity
data,sub-df5d_assay-microstructure_cond-deprivaiton.csv,activity-2
data,sub-df5d_assay-microstructure_cond-deprivaiton.csv,cond
data,sub-df5d_assay-microstructure_cond-deprivaiton.csv,food
data,sub-df5d_assay-microstructure_cond-deprivaiton.csv,food-2
data,sub-df5d_assay-microstructure_cond-deprivaiton.csv,group
data,sub-df5d_assay-microstructure_cond-deprivaiton.csv,group-2
data,sub-df5d_assay-microstructure_cond-deprivaiton.csv,id
data,sub-df5d_assay-microstructure_cond-deprivaiton.csv,start
data,sub-df5d_assay-microstructure_cond-deprivaiton.csv,start-2
data,sub-df5d_assay-microstructure_cond-deprivaiton.csv,thirds
data,sub-df5d_assay-microstructure_cond-deprivaiton.csv,thirds-2
data,sub-df5d_assay-microstructure_cond-deprivaiton.csv,time_1
data,sub-df5d_assay-microstructure_cond-deprivaiton.csv,time_2
data,sub-df5d_assay-microstructure_cond-deprivaiton.csv,time_2-1
data,sub-df5d_assay-microstructure_cond-deprivaiton.csv,time_2-2
data,sub-df5d_assay-microstructure_cond-deprivaiton.csv,trace
data,sub-df5d_assay-microstructure_cond-deprivaiton.csv,trace-2
data,sub-e3c3_assay-microstructure_cond-control.csv,activity
data,sub-e3c3_assay-microstructure_cond-control.csv,activity-2
data,sub-e3c3_assay-microstructure_cond-control.csv,cond
data,sub-e3c3_assay-microstructure_cond-control.csv,food
data,sub-e3c3_assay-microstructure_cond-control.csv,food-2
data,sub-e3c3_assay-microstructure_cond-control.csv,group
data,sub-e3c3_assay-microstructure_cond-control.csv,group-2
data,sub-e3c3_assay-microstructure_cond-control.csv,id
data,sub-e3c3_assay-microstructure_cond-control.csv,start
data,sub-e3c3_assay-microstructure_cond-control.csv,start-2
data,sub-e3c3_assay-microstructure_cond-control.csv,thirds
data,sub-e3c3_assay-microstructure_cond-control.csv,thirds-2
data,sub-e3c3_assay-microstructure_cond-control.csv,time_1
data,sub-e3c3_assay-microstructure_cond-control.csv,time_2
data,sub-e3c3_assay-microstructure_cond-control.csv,time_2-1
data,sub-e3c3_assay-microstructure_cond-control.csv,time_2-2
data,sub-e3c3_assay-microstructure_cond-control.csv,trace
data,sub-e3c3_assay-microstructure_cond-control.csv,trace-2
data,sub-e3c3_assay-microstructure_cond-deprivaiton.csv,activity
data,sub-e3c3_assay-microstructure_cond-deprivaiton.csv,activity-2
data,sub-e3c3_assay-microstructure_cond-deprivaiton.csv,cond
data,sub-e3c3_assay-microstructure_cond-deprivaiton.csv,food
data,sub-e3c3_assay-microstructure_cond-deprivaiton.csv,food-2
data,sub-e3c3_assay-microstructure_cond-deprivaiton.csv,group
data,sub-e3c3_assay-microstructure_cond-deprivaiton.csv,group-2
data,sub-e3c3_assay-microstructure_cond-deprivaiton.csv,id
data,sub-e3c3_assay-microstructure_cond-deprivaiton.csv,start
data,sub-e3c3_assay-microstructure_cond-deprivaiton.csv,start-2
data,sub-e3c3_assay-microstructure_cond-deprivaiton.csv,thirds
data,sub-e3c3_assay-microstructure_cond-deprivaiton.csv,thirds-2
data,sub-e3c3_assay-microstructure_cond-deprivaiton.csv,time_1
data,sub-e3c3_assay-microstructure_cond-deprivaiton.csv,time_2
data,sub-e3c3_assay-microstructure_cond-deprivaiton.csv,time_2-1
data,sub-e3c3_assay-microstructure_cond-deprivaiton.csv,time_2-2
data,sub-e3c3_assay-microstructure_cond-deprivaiton.csv,trace
data,sub-e3c3_assay-microstructure_cond-deprivaiton.csv,trace-2
data,sub-e6b2_assay-microstructure_timepoint-a.csv,activity
data,sub-e6b2_assay-microstructure_timepoint-a.csv,food
data,sub-e6b2_assay-microstructure_timepoint-a.csv,group
data,sub-e6b2_assay-microstructure_timepoint-a.csv,id
data,sub-e6b2_assay-microstructure_timepoint-a.csv,start
data,sub-e6b2_assay-microstructure_timepoint-a.csv,time1
data,sub-e6b2_assay-microstructure_timepoint-a.csv,time2
data,sub-e6b2_assay-microstructure_timepoint-a.csv,timepoint
data,sub-e6b2_assay-microstructure_timepoint-a.csv,trace
data,sub-e6b2_assay-microstructure_timepoint-b.csv,activity
data,sub-e6b2_assay-microstructure_timepoint-b.csv,food
data,sub-e6b2_assay-microstructure_timepoint-b.csv,group
data,sub-e6b2_assay-microstructure_timepoint-b.csv,id
data,sub-e6b2_assay-microstructure_timepoint-b.csv,start
data,sub-e6b2_assay-microstructure_timepoint-b.csv,time1
data,sub-e6b2_assay-microstructure_timepoint-b.csv,time2
data,sub-e6b2_assay-microstructure_timepoint-b.csv,timepoint
data,sub-e6b2_assay-microstructure_timepoint-b.csv,trace
data,sub-e7ac_assay-microstructure_cond-control.csv,activity
data,sub-e7ac_assay-microstructure_cond-control.csv,activity-2
data,sub-e7ac_assay-microstructure_cond-control.csv,cond
data,sub-e7ac_assay-microstructure_cond-control.csv,food
data,sub-e7ac_assay-microstructure_cond-control.csv,food-2
data,sub-e7ac_assay-microstructure_cond-control.csv,group
data,sub-e7ac_assay-microstructure_cond-control.csv,group-2
data,sub-e7ac_assay-microstructure_cond-control.csv,id
data,sub-e7ac_assay-microstructure_cond-control.csv,start
data,sub-e7ac_assay-microstructure_cond-control.csv,start-2
data,sub-e7ac_assay-microstructure_cond-control.csv,thirds
data,sub-e7ac_assay-microstructure_cond-control.csv,thirds-2
data,sub-e7ac_assay-microstructure_cond-control.csv,time_1
data,sub-e7ac_assay-microstructure_cond-control.csv,time_2
data,sub-e7ac_assay-microstructure_cond-control.csv,time_2-1
data,sub-e7ac_assay-microstructure_cond-control.csv,time_2-2
data,sub-e7ac_assay-microstructure_cond-control.csv,trace
data,sub-e7ac_assay-microstructure_cond-control.csv,trace-2
data,sub-e7ac_assay-microstructure_cond-deprivaiton.csv,activity
data,sub-e7ac_assay-microstructure_cond-deprivaiton.csv,activity-2
data,sub-e7ac_assay-microstructure_cond-deprivaiton.csv,cond
data,sub-e7ac_assay-microstructure_cond-deprivaiton.csv,food
data,sub-e7ac_assay-microstructure_cond-deprivaiton.csv,food-2
data,sub-e7ac_assay-microstructure_cond-deprivaiton.csv,group
data,sub-e7ac_assay-microstructure_cond-deprivaiton.csv,group-2
data,sub-e7ac_assay-microstructure_cond-deprivaiton.csv,id
data,sub-e7ac_assay-microstructure_cond-deprivaiton.csv,start
data,sub-e7ac_assay-microstructure_cond-deprivaiton.csv,start-2
data,sub-e7ac_assay-microstructure_cond-deprivaiton.csv,thirds
data,sub-e7ac_assay-microstructure_cond-deprivaiton.csv,thirds-2
data,sub-e7ac_assay-microstructure_cond-deprivaiton.csv,time_1
data,sub-e7ac_assay-microstructure_cond-deprivaiton.csv,time_2
data,sub-e7ac_assay-microstructure_cond-deprivaiton.csv,time_2-1
data,sub-e7ac_assay-microstructure_cond-deprivaiton.csv,time_2-2
data,sub-e7ac_assay-microstructure_cond-deprivaiton.csv,trace
data,sub-e7ac_assay-microstructure_cond-deprivaiton.csv,trace-2
data,sub-e7dc_assay-microstructure_timepoint-a.csv,activity
data,sub-e7dc_assay-microstructure_timepoint-a.csv,food
data,sub-e7dc_assay-microstructure_timepoint-a.csv,group
data,sub-e7dc_assay-microstructure_timepoint-a.csv,id
data,sub-e7dc_assay-microstructure_timepoint-a.csv,start
data,sub-e7dc_assay-microstructure_timepoint-a.csv,time1
data,sub-e7dc_assay-microstructure_timepoint-a.csv,time2
data,sub-e7dc_assay-microstructure_timepoint-a.csv,timepoint
data,sub-e7dc_assay-microstructure_timepoint-a.csv,trace
data,sub-e7dc_assay-microstructure_timepoint-b.csv,activity
data,sub-e7dc_assay-microstructure_timepoint-b.csv,food
data,sub-e7dc_assay-microstructure_timepoint-b.csv,group
data,sub-e7dc_assay-microstructure_timepoint-b.csv,id
data,sub-e7dc_assay-microstructure_timepoint-b.csv,start
data,sub-e7dc_assay-microstructure_timepoint-b.csv,time1
data,sub-e7dc_assay-microstructure_timepoint-b.csv,time2
data,sub-e7dc_assay-microstructure_timepoint-b.csv,timepoint
data,sub-e7dc_assay-microstructure_timepoint-b.csv,trace
data,sub-e874_assay-microstructure_cond-control.csv,activity
data,sub-e874_assay-microstructure_cond-control.csv,activity-2
data,sub-e874_assay-microstructure_cond-control.csv,cond
data,sub-e874_assay-microstructure_cond-control.csv,food
data,sub-e874_assay-microstructure_cond-control.csv,food-2
data,sub-e874_assay-microstructure_cond-control.csv,group
data,sub-e874_assay-microstructure_cond-control.csv,group-2
data,sub-e874_assay-microstructure_cond-control.csv,id
data,sub-e874_assay-microstructure_cond-control.csv,start
data,sub-e874_assay-microstructure_cond-control.csv,start-2
data,sub-e874_assay-microstructure_cond-control.csv,thirds
data,sub-e874_assay-microstructure_cond-control.csv,thirds-2
data,sub-e874_assay-microstructure_cond-control.csv,time_1
data,sub-e874_assay-microstructure_cond-control.csv,time_2
data,sub-e874_assay-microstructure_cond-control.csv,time_2-1
data,sub-e874_assay-microstructure_cond-control.csv,time_2-2
data,sub-e874_assay-microstructure_cond-control.csv,trace
data,sub-e874_assay-microstructure_cond-control.csv,trace-2
data,sub-e874_assay-microstructure_cond-deprivaiton.csv,activity
data,sub-e874_assay-microstructure_cond-deprivaiton.csv,activity-2
data,sub-e874_assay-microstructure_cond-deprivaiton.csv,cond
data,sub-e874_assay-microstructure_cond-deprivaiton.csv,food
data,sub-e874_assay-microstructure_cond-deprivaiton.csv,food-2
data,sub-e874_assay-microstructure_cond-deprivaiton.csv,group
data,sub-e874_assay-microstructure_cond-deprivaiton.csv,group-2
data,sub-e874_assay-microstructure_cond-deprivaiton.csv,id
data,sub-e874_assay-microstructure_cond-deprivaiton.csv,start
data,sub-e874_assay-microstructure_cond-deprivaiton.csv,start-2
data,sub-e874_assay-microstructure_cond-deprivaiton.csv,thirds
data,sub-e874_assay-microstructure_cond-deprivaiton.csv,thirds-2
data,sub-e874_assay-microstructure_cond-deprivaiton.csv,time_1
data,sub-e874_assay-microstructure_cond-deprivaiton.csv,time_2
data,sub-e874_assay-microstructure_cond-deprivaiton.csv,time_2-1
data,sub-e874_assay-microstructure_cond-deprivaiton.csv,time_2-2
data,sub-e874_assay-microstructure_cond-deprivaiton.csv,trace
data,sub-e874_assay-microstructure_cond-deprivaiton.csv,trace-2
data,sub-eac6_assay-microstructure_timepoint-a.csv,activity
data,sub-eac6_assay-microstructure_timepoint-a.csv,food
data,sub-eac6_assay-microstructure_timepoint-a.csv,group
data,sub-eac6_assay-microstructure_timepoint-a.csv,id
data,sub-eac6_assay-microstructure_timepoint-a.csv,start
data,sub-eac6_assay-microstructure_timepoint-a.csv,time1
data,sub-eac6_assay-microstructure_timepoint-a.csv,time2
data,sub-eac6_assay-microstructure_timepoint-a.csv,timepoint
data,sub-eac6_assay-microstructure_timepoint-a.csv,trace
data,sub-eac6_assay-microstructure_timepoint-b.csv,activity
data,sub-eac6_assay-microstructure_timepoint-b.csv,food
data,sub-eac6_assay-microstructure_timepoint-b.csv,group
data,sub-eac6_assay-microstructure_timepoint-b.csv,id
data,sub-eac6_assay-microstructure_timepoint-b.csv,start
data,sub-eac6_assay-microstructure_timepoint-b.csv,time1
data,sub-eac6_assay-microstructure_timepoint-b.csv,time2
data,sub-eac6_assay-microstructure_timepoint-b.csv,timepoint
data,sub-eac6_assay-microstructure_timepoint-b.csv,trace
data,sub-ef17_assay-microstructure_cond-control.csv,activity
data,sub-ef17_assay-microstructure_cond-control.csv,activity-2
data,sub-ef17_assay-microstructure_cond-control.csv,cond
data,sub-ef17_assay-microstructure_cond-control.csv,food
data,sub-ef17_assay-microstructure_cond-control.csv,food-2
data,sub-ef17_assay-microstructure_cond-control.csv,group
data,sub-ef17_assay-microstructure_cond-control.csv,group-2
data,sub-ef17_assay-microstructure_cond-control.csv,id
data,sub-ef17_assay-microstructure_cond-control.csv,start
data,sub-ef17_assay-microstructure_cond-control.csv,start-2
data,sub-ef17_assay-microstructure_cond-control.csv,thirds
data,sub-ef17_assay-microstructure_cond-control.csv,thirds-2
data,sub-ef17_assay-microstructure_cond-control.csv,time_1
data,sub-ef17_assay-microstructure_cond-control.csv,time_2
data,sub-ef17_assay-microstructure_cond-control.csv,time_2-1
data,sub-ef17_assay-microstructure_cond-control.csv,time_2-2
data,sub-ef17_assay-microstructure_cond-control.csv,trace
data,sub-ef17_assay-microstructure_cond-control.csv,trace-2
data,sub-ef17_assay-microstructure_cond-deprivaiton.csv,activity
data,sub-ef17_assay-microstructure_cond-deprivaiton.csv,activity-2
data,sub-ef17_assay-microstructure_cond-deprivaiton.csv,cond
data,sub-ef17_assay-microstructure_cond-deprivaiton.csv,food
data,sub-ef17_assay-microstructure_cond-deprivaiton.csv,food-2
data,sub-ef17_assay-microstructure_cond-deprivaiton.csv,group
data,sub-ef17_assay-microstructure_cond-deprivaiton.csv,group-2
data,sub-ef17_assay-microstructure_cond-deprivaiton.csv,id
data,sub-ef17_assay-microstructure_cond-deprivaiton.csv,start
data,sub-ef17_assay-microstructure_cond-deprivaiton.csv,start-2
data,sub-ef17_assay-microstructure_cond-deprivaiton.csv,thirds
data,sub-ef17_assay-microstructure_cond-deprivaiton.csv,thirds-2
data,sub-ef17_assay-microstructure_cond-deprivaiton.csv,time_1
data,sub-ef17_assay-microstructure_cond-deprivaiton.csv,time_2
data,sub-ef17_assay-microstructure_cond-deprivaiton.csv,time_2-1
data,sub-ef17_assay-microstructure_cond-deprivaiton.csv,time_2-2
data,sub-ef17_assay-microstructure_cond-deprivaiton.csv,trace
data,sub-ef17_assay-microstructure_cond-deprivaiton.csv,trace-2
data,sub-f1e2_assay-microstructure_timepoint-a.csv,activity
data,sub-f1e2_assay-microstructure_timepoint-a.csv,food
data,sub-f1e2_assay-microstructure_timepoint-a.csv,group
data,sub-f1e2_assay-microstructure_timepoint-a.csv,id
data,sub-f1e2_assay-microstructure_timepoint-a.csv,start
data,sub-f1e2_assay-microstructure_timepoint-a.csv,time1
data,sub-f1e2_assay-microstructure_timepoint-a.csv,time2
data,sub-f1e2_assay-microstructure_timepoint-a.csv,timepoint
data,sub-f1e2_assay-microstructure_timepoint-a.csv,trace
data,sub-f1e2_assay-microstructure_timepoint-b.csv,activity
data,sub-f1e2_assay-microstructure_timepoint-b.csv,food
data,sub-f1e2_assay-microstructure_timepoint-b.csv,group
data,sub-f1e2_assay-microstructure_timepoint-b.csv,id
data,sub-f1e2_assay-microstructure_timepoint-b.csv,start
data,sub-f1e2_assay-microstructure_timepoint-b.csv,time1
data,sub-f1e2_assay-microstructure_timepoint-b.csv,time2
data,sub-f1e2_assay-microstructure_timepoint-b.csv,timepoint
data,sub-f1e2_assay-microstructure_timepoint-b.csv,trace
data,sub-f47d_assay-microstructure_cond-control.csv,activity
data,sub-f47d_assay-microstructure_cond-control.csv,activity-2
data,sub-f47d_assay-microstructure_cond-control.csv,cond
data,sub-f47d_assay-microstructure_cond-control.csv,food
data,sub-f47d_assay-microstructure_cond-control.csv,food-2
data,sub-f47d_assay-microstructure_cond-control.csv,group
data,sub-f47d_assay-microstructure_cond-control.csv,group-2
data,sub-f47d_assay-microstructure_cond-control.csv,id
data,sub-f47d_assay-microstructure_cond-control.csv,start
data,sub-f47d_assay-microstructure_cond-control.csv,start-2
data,sub-f47d_assay-microstructure_cond-control.csv,thirds
data,sub-f47d_assay-microstructure_cond-control.csv,thirds-2
data,sub-f47d_assay-microstructure_cond-control.csv,time_1
data,sub-f47d_assay-microstructure_cond-control.csv,time_2
data,sub-f47d_assay-microstructure_cond-control.csv,time_2-1
data,sub-f47d_assay-microstructure_cond-control.csv,time_2-2
data,sub-f47d_assay-microstructure_cond-control.csv,trace
data,sub-f47d_assay-microstructure_cond-control.csv,trace-2
data,sub-f47d_assay-microstructure_cond-deprivaiton.csv,activity
data,sub-f47d_assay-microstructure_cond-deprivaiton.csv,activity-2
data,sub-f47d_assay-microstructure_cond-deprivaiton.csv,cond
data,sub-f47d_assay-microstructure_cond-deprivaiton.csv,food
data,sub-f47d_assay-microstructure_cond-deprivaiton.csv,food-2
data,sub-f47d_assay-microstructure_cond-deprivaiton.csv,group
data,sub-f47d_assay-microstructure_cond-deprivaiton.csv,group-2
data,sub-f47d_assay-microstructure_cond-deprivaiton.csv,id
data,sub-f47d_assay-microstructure_cond-deprivaiton.csv,start
data,sub-f47d_assay-microstructure_cond-deprivaiton.csv,start-2
data,sub-f47d_assay-microstructure_cond-deprivaiton.csv,thirds
data,sub-f47d_assay-microstructure_cond-deprivaiton.csv,thirds-2
data,sub-f47d_assay-microstructure_cond-deprivaiton.csv,time_1
data,sub-f47d_assay-microstructure_cond-deprivaiton.csv,time_2
data,sub-f47d_assay-microstructure_cond-deprivaiton.csv,time_2-1
data,sub-f47d_assay-microstructure_cond-deprivaiton.csv,time_2-2
data,sub-f47d_assay-microstructure_cond-deprivaiton.csv,trace
data,sub-f47d_assay-microstructure_cond-deprivaiton.csv,trace-2
data,sub-f5ab_assay-microstructure_cond-control.csv,activity
data,sub-f5ab_assay-microstructure_cond-control.csv,activity-2
data,sub-f5ab_assay-microstructure_cond-control.csv,cond
data,sub-f5ab_assay-microstructure_cond-control.csv,food
data,sub-f5ab_assay-microstructure_cond-control.csv,food-2
data,sub-f5ab_assay-microstructure_cond-control.csv,id
data,sub-f5ab_assay-microstructure_cond-control.csv,start
data,sub-f5ab_assay-microstructure_cond-control.csv,start-2
data,sub-f5ab_assay-microstructure_cond-control.csv,time_1
data,sub-f5ab_assay-microstructure_cond-control.csv,time_2
data,sub-f5ab_assay-microstructure_cond-control.csv,time_2-1
data,sub-f5ab_assay-microstructure_cond-control.csv,time_2-2
data,sub-f5ab_assay-microstructure_cond-control.csv,trace
data,sub-f5ab_assay-microstructure_cond-control.csv,trace-2
data,sub-f5ab_assay-microstructure_cond-deprivaiton.csv,activity
data,sub-f5ab_assay-microstructure_cond-deprivaiton.csv,activity-2
data,sub-f5ab_assay-microstructure_cond-deprivaiton.csv,cond
data,sub-f5ab_assay-microstructure_cond-deprivaiton.csv,food
data,sub-f5ab_assay-microstructure_cond-deprivaiton.csv,food-2
data,sub-f5ab_assay-microstructure_cond-deprivaiton.csv,id
data,sub-f5ab_assay-microstructure_cond-deprivaiton.csv,start
data,sub-f5ab_assay-microstructure_cond-deprivaiton.csv,start-2
data,sub-f5ab_assay-microstructure_cond-deprivaiton.csv,time_1
data,sub-f5ab_assay-microstructure_cond-deprivaiton.csv,time_2
data,sub-f5ab_assay-microstructure_cond-deprivaiton.csv,time_2-1
data,sub-f5ab_assay-microstructure_cond-deprivaiton.csv,time_2-2
data,sub-f5ab_assay-microstructure_cond-deprivaiton.csv,trace
data,sub-f5ab_assay-microstructure_cond-deprivaiton.csv,trace-2
